dish_id,dish_text,total_grams,total_calories,total_fat,total_carb,total_protein,ingredient_count,named_ingredient_count,split,calorie_class_id,calorie_class
dish_1561662216,"soy sauce, garlic, white rice, parsley, onions, brown rice, vinegar, apple, mixed greens, sugar, salt, lemon juice, olive oil, pork, bok choy, pepper, millet",193.000002,300.794263527,12.387490884,28.218288265,18.633969330000003,17,17,train,2,High Calorie
dish_1562688426,"roasted potatoes, chicken apple sausage",88.0,137.57,8.256,5.1899999999999995,10.296999999999999,2,2,train,1,Medium Calorie
dish_1561662054,"pepper, white rice, mixed greens, garlic, soy sauce, millet, lemon juice, bok choy, olive oil, onions, vinegar, green beans, pork, apple, sugar, salt, parsley",292.00000900000003,419.438748536,23.838248557,26.351542331,25.910592411000003,17,17,train,2,High Calorie
dish_1562008979,"jalapenos, lemon juice, pork, wheat berry, cabbage, pepper, salt, carrot, garlic, caesar salad, olive oil, parsley, mayonnaise",289.999995,382.936628415,22.224640818999998,10.173568958,35.345386058,13,13,train,2,High Calorie
dish_1560455030,"cherry tomatoes, cucumbers, baby carrots",103.0,20.59,0.148,4.625,0.956,3,3,train,0,Low Calorie
dish_1558372433,deprecated,143.0,74.36,0.286,0.429,20.02,1,1,train,0,Low Calorie
dish_1563379132,chilaquiles,119.0,232.05,14.28,14.28,10.591,1,1,train,1,Medium Calorie
dish_1565640549,"tomatoes, cilantro, olive oil, mustard greens, lemon juice, onions, cucumbers, salt, arugula, jalapenos, asparagus, lime, mangos, cherry tomatoes",139.000001,45.482907274,1.568471642,7.043885411,2.641477701,14,14,train,0,Low Calorie
dish_1563207364,"scrambled eggs, yam, grapes, egg whites, olive oil, sweet potato",271.0,309.27,13.774000000000001,30.657,15.01,6,6,test,2,High Calorie
dish_1561575474,"salt, eggplant, roasted potatoes, cauliflower, olive oil",182.999998,120.05842776799999,4.966117272,17.412745024,2.9904313599999996,5,5,train,1,Medium Calorie
dish_1550795690,apple,131.0,68.12,0.262,18.34,0.393,1,1,train,0,Low Calorie
dish_1563216717,"garlic, squash, cherry tomatoes, chicken breast, spinach (raw), parmesan cheese, wheat berry, olive oil, thyme, honeydew melons, salt, broccoli",331.999995,246.00801469200002,5.636515563,16.28478132,33.068712188,12,12,train,1,Medium Calorie
dish_1565972591,chicken apple sausage,122.0,195.2,12.2,3.66,17.08,1,1,test,1,Medium Calorie
dish_1568649312,berries,78.0,44.46,0.234,10.92,0.546,1,1,train,0,Low Calorie
dish_1550876012,"chicken, cantaloupe, potatoes",215.0,253.51999999999998,4.456,12.459999999999999,38.608000000000004,3,3,train,1,Medium Calorie
dish_1551565034,carrot,19.0,7.79,0.038,1.9,0.171,1,1,train,0,Low Calorie
dish_1550860747,pineapple,79.0,39.5,0.079,10.27,0.395,1,1,train,0,Low Calorie
dish_1566245398,"olive oil, lime, salt, garlic, cauliflower, steak, roast chicken, wheat berry",229.999997,506.35535667,31.183909221,4.258221704,49.023196579,8,8,test,2,High Calorie
dish_1563381680,bacon,6.0,32.46,2.52,0.084,2.22,1,1,train,0,Low Calorie
dish_1562183096,"pepper, chard, blueberries, mushroom, vinegar, arugula, mustard, olive oil, walnuts, salt",95.000001,41.188979145,2.571043263,3.280260076,2.804969889,10,10,test,0,Low Calorie
dish_1563476551,"shallots, salmon, mushroom, ginger, squash, brownies, lemon juice, sour cream, lime, garlic, cheese pizza, wine, cream, brown rice, jalapenos, spinach (raw), beef, pasta, thyme, olive oil, broccoli, onions, zucchini, salt, cilantro, chili",750.000005,1116.391072759,51.413694865000004,74.70595907,85.498493276,26,26,train,2,High Calorie
dish_1559844951,"almonds, potatoes",122.0,274.336,17.906,22.792,9.784,2,2,train,2,High Calorie
dish_1550778583,potatoes,88.0,67.76,0.088,14.96,1.76,1,1,train,0,Low Calorie
dish_1562963704,"radishes, bok choy, vinegar, salt, roasted potatoes, mixed greens, soy sauce, caesar salad, garlic, sugar, pepper, white rice, pork, rice noodles, cabbage, pizza, olive oil, carrot, green onions",479.000001,663.75579452,28.423252398,66.054836443,35.92175939,19,19,test,2,High Calorie
dish_1566417398,"mustard, vinegar, mixed greens, celery root, olive oil, salt, cherry tomatoes",46.000001999999995,56.89249644,5.357862755,2.088042472,0.7926466579999999,7,7,train,0,Low Calorie
dish_1561739238,"egg whites, hash browns, berries, sweet potato",257.0,274.19000000000005,9.785,37.557,9.465,4,4,train,2,High Calorie
dish_1562611680,"cilantro, garlic, olive oil, pepperoni pizza, lemon juice, onions, vinegar, blueberries, salt, caesar salad, steak, kale, jalapenos, spinach (raw), mustard, white rice, radishes, pineapple",256.000003,326.88899646600004,19.41179857,24.775014216000002,16.028036992,18,18,test,2,High Calorie
dish_1568144828,"salt, pepper, carrot, olive oil, olives, cherry tomatoes",152.0,76.74817796,4.168533162,10.369690692999999,1.32985644,6,6,train,0,Low Calorie
dish_1550708440,pineapple,75.0,37.5,0.075,9.75,0.375,1,1,train,0,Low Calorie
dish_1551307090,"potato chips, bacon, mushroom",53.0,171.55,11.686,11.48,6.152000000000001,3,3,test,1,Medium Calorie
dish_1564432238,"cherry tomatoes, cauliflower, lime, mayonnaise, jalapenos, pepperoni pizza, parsley, vinegar, lemon juice, cabbage, mixed greens, lettuce, salt, pepper, pineapple, pork, wheat berry, onions, cucumbers, olive oil, garlic, carrot",314.999994,455.388003735,23.154680016,34.854781639,28.074875998999996,22,22,train,2,High Calorie
dish_1563468327,"yam, sweet potato, cottage cheese, pineapple, watermelon, olive oil, berries",482.999998,351.886037214,9.768622828,57.495320236,12.099886764,7,7,test,2,High Calorie
dish_1562862493,scrambled eggs,134.0,198.32,14.74,2.144,13.4,1,1,train,1,Medium Calorie
dish_1558549008,cherry tomatoes,115.0,20.7,0.23,4.485,1.035,1,1,test,0,Low Calorie
dish_1560453174,"basil, rosemary, carrot, olive oil, almonds, lemon juice, parsley, green beans, blueberries, chicken, pepper, salt, garlic, vinegar, zucchini, mustard, spinach (raw), thyme, wheat berry, squash",255.99999300000002,329.716278428,18.145133585,10.521853854,32.137599847000004,20,20,train,2,High Calorie
dish_1551226363,broccoli,49.0,17.15,0.196,3.43,1.176,1,1,train,0,Low Calorie
dish_1562691032,"berries, olive oil, pineapple, scrambled eggs, roasted potatoes, broccoli",415.0,419.68170711,22.039829244,39.058829270000004,17.947341463999997,6,6,train,2,High Calorie
dish_1551374440,banana,54.0,48.06,0.162,12.42,0.594,1,1,train,0,Low Calorie
dish_1563824250,onions,43.0,17.2,0.043,3.87,0.473,1,1,train,0,Low Calorie
dish_1560543755,"green onions, chicken, cauliflower, green beans, spinach (raw), ginger, olive oil, roasted potatoes, mixed greens, carrot, broccoli, salt, white rice, vinegar, rice noodles, cabbage, radishes, soy sauce, garlic",263.999999,257.92492566,8.887801848,27.355256517,17.404502615,19,19,train,1,Medium Calorie
dish_1558549773,spinach (raw),10.0,2.3,0.04,0.36,0.29,1,1,train,0,Low Calorie
dish_1563822597,"broccoli, caesar salad, squash, zucchini",176.000002,59.40000047,2.170666674,7.626666754,4.106666696,4,4,train,0,Low Calorie
dish_1551492561,"olives, mushroom, sausage",161.0,357.932,28.653000000000002,7.446,18.05,3,3,train,2,High Calorie
dish_1566920365,"salsa, sweet potato, olive oil, egg whites",871.000004,490.42171016,5.324439,41.3935617,60.67597565,4,4,train,2,High Calorie
dish_1563984242,"sweet potato, egg whites, pineapple, olive oil, cantaloupe",752.999999,402.11707044,3.30239,36.81960962,49.40775609000001,5,5,train,2,High Calorie
dish_1551237016,beef,37.0,92.5,5.55,0.0,9.62,1,1,test,1,Medium Calorie
dish_1551489812,olives,65.0,74.75,6.955,4.095,0.52,1,1,train,0,Low Calorie
dish_1558459276,white rice,79.0,102.7,0.237,22.12,2.133,1,1,test,1,Medium Calorie
dish_1560974707,"onions, spinach (raw), cherry tomatoes, tortilla chips, corn, cheese, salt, chili, tomatoes, garlic, lime, sour cream, black beans",60.0,55.025124922,2.0035458879999997,7.088692222000001,2.9926053550000002,13,13,train,0,Low Calorie
dish_1564686855,"cucumbers, onions, brownies, chicken breast, cherry tomatoes, olives, salt, lettuce, cheese pizza, mixed greens, lime, pepper, olive oil, vinegar",435.000002,1030.16060169,52.116470471999996,85.930347022,56.845510212,14,14,train,2,High Calorie
dish_1565119669,"kale, zucchini, chard, chayote squash",229.0,55.965,1.0305,10.841999999999999,3.2725,4,4,train,0,Low Calorie
dish_1566417516,"wheat berry, eggplant, cherry tomatoes, mixed greens, celery root, salt, mustard, garlic, olive oil, vinegar, chard, fish, chive, shallots, roasted potatoes, parsley, lemon juice",425.000009,385.402536182,36.516473239,23.505038581,33.699576669,17,17,test,2,High Calorie
dish_1558724031,"cherry tomatoes, cantaloupe, almonds, cauliflower",303.0,358.711,25.801,25.790000000000003,14.067,4,4,train,2,High Calorie
dish_1551494178,"tortilla, chicken, olives",231.0,369.65999999999997,14.521,36.071999999999996,26.471999999999998,3,3,train,2,High Calorie
dish_1551233434,"mushroom, cucumbers, broccoli",106.0,27.23,0.292,5.182,2.334,3,3,train,0,Low Calorie
dish_1551390304,kiwi,65.0,39.65,0.325,9.75,0.715,1,1,train,0,Low Calorie
dish_1558637393,almonds,128.0,739.968,63.36,29.056,28.672,1,1,train,2,High Calorie
dish_1563393217,"zucchini, broccoli, squash, onions, cucumbers",228.000008,49.23000188,0.46766669600000005,9.802667016000001,2.865666784,5,5,train,0,Low Calorie
dish_1562789268,"pork, corn on the cob, brown rice, lemon juice, parsley, basil, shallots, cherry tomatoes, cheese pizza, pepper, salt, vinegar, olive oil, onions, garlic, broccoli",349.999998,569.511600546,22.73355202,64.756830044,32.585660096,16,16,train,2,High Calorie
dish_1563998323,"roasted potatoes, shallots, olive oil, tatsoi, butter, jalapenos, wheat berry, mushroom, steak, oregano, chicken, pepper, salt, garlic, white wine, cilantro, vinegar, thyme, lemon juice, rosemary, arugula, basil, brown rice, cream, parsley, cauliflower",574.000008,634.505114629,32.486303428999996,35.302531357,52.964520222,26,26,train,2,High Calorie
dish_1568144803,"salt, pepper, carrot, olive oil, olives",93.0,66.12817796,4.050533162000001,8.068690692999999,0.79885644,5,5,train,0,Low Calorie
dish_1551487158,olives,82.0,94.3,8.774,5.166,0.656,1,1,test,1,Medium Calorie
dish_1559700851,"spinach (raw), vinegar, tomatoes, salt, mustard, garlic, olive oil, mustard greens, cucumbers",54.000003,61.089884813000005,5.827235476999999,1.897059,1.151647139,9,9,train,0,Low Calorie
dish_1561997365,yogurt,168.0,98.952,0.672,6.048,16.8,1,1,train,1,Medium Calorie
dish_1551395233,"chicken, corn, shrimp",113.0,139.41,2.094,5.9639999999999995,24.362000000000002,3,3,train,1,Medium Calorie
dish_1561492204,"olive oil, blueberries, onions, tomatoes, salt, fried rice, chicken, pepper, mustard, garlic, bell peppers, millet, jalapenos, spinach (raw), vinegar, radishes",334.000002,488.636282678,15.686282963,49.120708375999996,37.193401679000004,16,16,test,2,High Calorie
dish_1567613057,"olive oil, egg whites, watermelon, sweet potato, salsa",749.000001,406.6863438,4.968488,45.86251234,40.69819513,5,5,train,2,High Calorie
dish_1563996485,"salt, pepper, blueberries, chard, arugula, vinegar, mustard, olive oil, walnuts, roasted potatoes, cauliflower",201.000004,178.039188658,11.607641392000001,16.567095135,4.172902101,11,11,train,1,Medium Calorie
dish_1550775393,"broccoli, nuts, banana",167.0,402.75,30.093,28.19,12.973,3,3,test,2,High Calorie
dish_1564761488,"turkey bacon, egg whites, fried rice, honeydew melons",336.0,327.986,8.358,40.559,21.735,4,4,test,2,High Calorie
dish_1551376970,"kiwi, corn, berries",186.0,125.39,1.204,29.7,2.723,3,3,test,1,Medium Calorie
dish_1559239151,spinach (raw),40.0,9.2,0.16,1.44,1.16,1,1,train,0,Low Calorie
dish_1559678330,"olive oil, spinach (raw), vinegar, tomatoes, garlic, cucumbers, salt, mustard, mustard greens",150.000002,169.694122026,16.186765198,5.269607841,3.199019633,9,9,train,1,Medium Calorie
dish_1563998210,"garlic, olive oil, thyme, lemon juice, butter, cream, oregano, chicken, pepper, white wine, shallots, arugula, rosemary, mushroom, basil, wheat berry, salt",91.00000299999999,148.089200179,4.958991094,2.163187151,22.614895929000003,17,17,train,1,Medium Calorie
dish_1565033110,"broccoli, mixed greens",147.0,47.6,0.588,9.355,3.418,2,2,train,0,Low Calorie
dish_1564428444,"olive oil, onions, salt, garlic, pears, mixed greens, mustard, cherry tomatoes, cauliflower, vinegar",277.000005,157.001046868,10.327389166,14.948834660000001,4.712034382,10,10,train,1,Medium Calorie
dish_1558459115,"almonds, apple, white rice, cherry tomatoes, grapes",298.0,271.54,10.488,43.459,6.6160000000000005,5,5,train,2,High Calorie
dish_1564082178,"chard, rosemary, garlic, salt, chicken, lemon juice, chive, carrot, olive oil, parsley, basil, brown rice",348.000023,549.203581694,15.769116117000001,9.967050699,86.590048162,12,12,train,2,High Calorie
dish_1550707756,beef,35.0,87.5,5.25,0.0,9.1,1,1,train,1,Medium Calorie
dish_1558723777,apple,143.0,74.36,0.286,20.02,0.429,1,1,test,0,Low Calorie
dish_1558721757,almonds,133.0,768.873,65.835,30.191,29.792,1,1,test,2,High Calorie
dish_1551227216,mushroom,24.0,5.28,0.072,0.792,0.744,1,1,train,0,Low Calorie
dish_1564777960,"spinach (cooked), cheese pizza, shallots, onions, salt, olive oil, vinegar, bok choy, beef, millet",147.0,331.00749634,16.715341251999998,16.270294356,26.431200855999997,10,10,train,2,High Calorie
dish_1551492702,cauliflower,114.0,28.5,0.342,5.7,2.052,1,1,train,0,Low Calorie
dish_1563378110,"cantaloupe, sweet potato, olive oil, pineapple, egg whites, sausage, yam",404.999997,348.823095036,11.770057072,31.482301063999998,26.479716936,7,7,test,2,High Calorie
dish_1558376306,sausage,108.0,372.168,29.484,4.536,20.844,1,1,train,2,High Calorie
dish_1558114086,deprecated,143.0,74.36,0.286,0.429,20.02,1,1,train,0,Low Calorie
dish_1550771267,broccoli,58.0,20.3,0.232,4.06,1.392,1,1,train,0,Low Calorie
dish_1551390215,broccoli,43.0,15.05,0.172,3.01,1.032,1,1,train,0,Low Calorie
dish_1558720236,"apple, carrot, cauliflower, almonds",407.0,887.8230000000001,66.44,60.461,31.913000000000004,4,4,train,2,High Calorie
dish_1563468269,"berries, watermelon, pineapple",302.0,129.01,0.56,32.762,1.7680000000000002,3,3,train,1,Medium Calorie
dish_1558380557,"grapes, almonds, sausage",212.0,699.3199999999999,54.44,24.96,32.732,3,3,train,2,High Calorie
dish_1562873028,"jicama, parsley, nopales, olive oil, cherry tomatoes, chive, fish, pepper, salt, corn, arugula, sour cream, green beans, celery, carrot, couscous, garlic, lime",319.999997,280.341427666,16.123878088,34.232200328,20.963666788,18,18,train,2,High Calorie
dish_1551565884,berries,44.0,25.08,0.132,6.16,0.308,1,1,test,0,Low Calorie
dish_1558637769,apple,154.0,80.08,0.308,21.56,0.462,1,1,train,0,Low Calorie
dish_1564415022,egg whites,133.0,69.16,0.266,0.931,13.3,1,1,test,0,Low Calorie
dish_1558724959,"brussels sprouts, carrot, almonds, apple",426.0,581.442,36.466,57.004,21.298,4,4,test,2,High Calorie
dish_1551391034,oatmeal,72.0,48.96,1.008,8.64,1.728,1,1,train,0,Low Calorie
dish_1558115867,almonds,23.0,132.963,11.385,5.221,5.152,1,1,train,1,Medium Calorie
dish_1551391302,cantaloupe,79.0,26.86,0.158,6.32,0.632,1,1,test,0,Low Calorie
dish_1551222877,tortilla,48.0,104.64,1.392,21.6,2.88,1,1,test,1,Medium Calorie
dish_1561580370,"spinach (raw), wheat berry, cheese, cherry tomatoes, pasta, pesto, caesar salad, onions",124.0,126.795881302,4.963529387,16.201411659999998,5.409999914,8,8,train,1,Medium Calorie
dish_1551223114,"tortilla, carrot, broccoli",102.0,124.5,1.5759999999999998,25.860000000000003,3.936,3,3,train,1,Medium Calorie
dish_1562618000,"vinegar, olive oil, garlic, mustard greens, pepper, salt, radishes, lemon juice, thyme, brown rice, parsley, basil, arugula, chicken thighs, chickpeas, broccoli",448.000006,685.993865094,36.103983315,30.821440999,59.159678581,16,16,train,2,High Calorie
dish_1561061658,"croutons, pepper, parmesan cheese, brussels sprouts, mustard greens, garlic, kale, parsley, salt, shallots, arugula, olive oil, lemon juice, caesar dressing, cranberries, bulgur, apple",227.000001,226.00013699200002,12.284481641,24.678635331,8.949248649,17,17,train,1,Medium Calorie
dish_1559838402,"bacon, sweet potato, yam, berries",233.0,222.7595,3.7969999999999997,43.155,5.249,4,4,train,1,Medium Calorie
dish_1566242164,"olives, cherry tomatoes, onions",161.0,79.22,4.470000000000001,9.891,1.513,3,3,test,0,Low Calorie
dish_1550775363,"banana, broccoli, nuts",167.0,402.75,30.093,28.19,12.973,3,3,train,2,High Calorie
dish_1564686832,"onions, brownies, olives, chicken breast, salt, lime, cherry tomatoes, cheese pizza, lettuce, pepper, mixed greens, olive oil, vinegar, cucumbers",392.000002,829.73760169,39.732470472,64.51634702199999,54.179510212,14,14,train,2,High Calorie
dish_1566502211,caesar salad,237.0,104.28,4.977,10.191,7.584,1,1,test,1,Medium Calorie
dish_1551314967,"corn, bacon, lemon",142.0,142.10000000000002,7.1129999999999995,15.959999999999999,7.775,3,3,train,1,Medium Calorie
dish_1561753238,"olive oil, arugula, brown rice, pepper, squash, kale, salmon, parsley, garlic, lemon juice, salt, tatsoi, thyme, cucumbers",333.000001,298.034393229,13.711390705,14.026630322,28.881100203,14,14,test,2,High Calorie
dish_1566938026,"spinach (cooked), wine, cheese pizza, salt, lemon juice, squash, eggplant, mushroom, chicken thighs, olive oil, quinoa, garlic, shallots",219.000003,450.576341641,17.546904132,37.536307857000004,33.509500409,13,13,train,2,High Calorie
dish_1562617703,frozen yogurt,110.0,179.63,6.49,26.95,4.51,1,1,test,1,Medium Calorie
dish_1551125357,tomatoes,68.0,23.12,0.476,4.624,0.476,1,1,train,0,Low Calorie
dish_1559751801,"berries, yam, eggs, chicken apple sausage",343.0,451.636,22.04,32.778,29.228,4,4,train,2,High Calorie
dish_1564000490,"pepper, arugula, cream, caesar salad, butter, shallots, cheese pizza, salt, garlic, lemon juice, basil, mushroom, wheat berry, oregano, thyme, olive oil, rosemary, white wine, chicken",324.999998,532.706482458,19.150001782,49.63964465,39.909863920999996,19,19,train,2,High Calorie
dish_1551389684,asparagus,33.0,6.732,0.033,1.287,0.726,1,1,train,0,Low Calorie
dish_1564000459,"butter, wheat berry, thyme, olive oil, rosemary, lemon juice, cheese pizza, shallots, garlic, salt, white wine, pepper, cream, mushroom, arugula, oregano, basil, chicken",216.999998,485.186482458,16.882001782,44.99564465,36.453863921,18,18,train,2,High Calorie
dish_1558457530,cauliflower,64.0,16.0,0.192,3.2,1.152,1,1,train,0,Low Calorie
dish_1551563213,"ham, berries, olives",137.0,137.09,6.757,11.004000000000001,9.523,3,3,test,1,Medium Calorie
dish_1558723449,apple,143.0,74.36,0.286,20.02,0.429,1,1,train,0,Low Calorie
dish_1567628157,"green onions, fish, apple, arugula, onions, chard, country rice, cranberries, lemon juice, garlic, salt, parsley, kale, olive oil, mustard greens, shallots, bulgur",355.000006,373.1910143892,36.018693365,25.867040486999997,37.4796833848,17,17,test,2,High Calorie
dish_1566502505,"sun dried tomatoes, bok choy, pork, corn on the cob, cucumbers, onions, salt, soy sauce, garlic, sugar, pepper, white rice, vinegar, spinach (raw), mustard, olive oil",275.000003,454.51732603199997,22.459690938,33.146800764,31.874936971999997,16,16,train,2,High Calorie
dish_1565728415,"cheese pizza, shallots, spinach (cooked), onions, olive oil, vinegar, millet, salt, bok choy, beef",80.0,194.42775813,8.405298304,16.724395455,12.005533417,10,10,train,1,Medium Calorie
dish_1550775318,nuts,55.0,333.85,29.7,11.55,11.0,1,1,train,2,High Calorie
dish_1565383026,"spinach (raw), cucumbers, olives",287.0,171.56,14.031,12.199000000000002,3.6950000000000003,3,3,train,1,Medium Calorie
dish_1558642089,carrot,96.0,39.36,0.192,9.6,0.864,1,1,train,0,Low Calorie
dish_1566849923,"olives, cherry tomatoes, carrot",240.0,127.97,7.515,16.214,2.093,3,3,train,1,Medium Calorie
dish_1550863247,apple,33.0,17.16,0.066,4.62,0.099,1,1,train,0,Low Calorie
dish_1550772027,"bell peppers, tomatoes, berries",144.0,66.3,0.5640000000000001,15.336,1.476,3,3,train,0,Low Calorie
dish_1550797833,"sausage, orange, potatoes",172.0,292.004,17.580000000000002,19.098,14.083,3,3,train,2,High Calorie
dish_1562959732,"salt, soy sauce, bok choy, pork, parsnips, pepper, garlic, sugar, white rice",232.000001,374.66370394,14.678155442,31.110980773,28.858998156000002,9,9,test,2,High Calorie
dish_1560368972,"pork, cherry tomatoes, garlic, shallots, white rice, salt, onions, basil, olive oil, brown rice, vinegar, pepper, broccoli, lemon juice, parsley",107.000001,196.840401724,8.696034539,13.621220276999999,14.673440451,15,15,train,1,Medium Calorie
dish_1566502537,"corn on the cob, vinegar, parsley, sun dried tomatoes, rosemary, carrot, salt, garlic, mustard, cucumbers, lemon juice, olive oil, chive, pork, chicken, spinach (raw), pepper, bok choy, white rice, brown rice, soy sauce, chard, sugar, onions, basil",315.000005,517.644176417,24.272233434,34.292438759999996,41.827815682,25,25,test,2,High Calorie
dish_1561576590,"squash, olive oil, salt",101.00000299999999,29.231469085,1.2951912669999999,3.387423026,0.896670801,3,3,test,0,Low Calorie
dish_1558723866,cauliflower,59.0,14.75,0.177,2.95,1.062,1,1,train,0,Low Calorie
dish_1564778030,"millet, spinach (cooked), vinegar, onions, cheese pizza, broccoli, bok choy, mixed greens, shallots, blue cheese, beef, olive oil, mustard, garlic, walnuts, lettuce, salt",282.999999,504.417807658,31.90498218,23.514267740999998,30.773951800000003,17,17,train,2,High Calorie
dish_1551222759,bell peppers,37.0,14.8,0.074,3.33,0.74,1,1,train,0,Low Calorie
dish_1551380950,cheese,21.0,84.42,6.93,0.273,5.25,1,1,test,0,Low Calorie
dish_1561392512,berries,75.0,42.75,0.225,10.5,0.525,1,1,train,0,Low Calorie
dish_1564675118,"olive oil, watermelon, sweet potato",238.00001,177.18878592,4.0808290000000005,34.12517258,2.03273181,3,3,train,1,Medium Calorie
dish_1566838407,"pineapple, scrambled eggs, sweet potato, berries, olive oil, watermelon",558.000005,358.94756044,9.825658,62.42034246,9.73146347,6,6,train,2,High Calorie
dish_1559319860,bacon,13.0,70.33,5.46,0.182,4.81,1,1,train,0,Low Calorie
dish_1559242568,pears,203.0,116.116,0.203,30.856,0.812,1,1,test,1,Medium Calorie
dish_1563824339,"onions, cherry tomatoes, olives, bell peppers",175.0,85.33999999999999,4.087,12.075,2.098,4,4,train,0,Low Calorie
dish_1551306452,bean(seed),70.0,98.0,0.42,16.8,6.3,1,1,train,1,Medium Calorie
dish_1567021831,"cherry tomatoes, pepper, chive, wheat berry, kale, mustard, olive oil, garlic, walnuts, lemon juice, salt, fish, chard, blueberries, vinegar, arugula, parsley, shallots",228.000001,252.435625926,27.21633846,8.22852119,22.713123589,18,18,train,1,Medium Calorie
dish_1559846099,"mandarin oranges, almonds, broccoli",114.0,206.939,14.642000000000001,15.713000000000001,7.688000000000001,3,3,train,1,Medium Calorie
dish_1562873155,"green beans, olive oil",79.000002,41.336750620000004,2.052025002,5.39175014,1.386450036,2,2,test,0,Low Calorie
dish_1562094621,green beans,34.0,10.54,0.034,2.38,0.612,1,1,test,0,Low Calorie
dish_1563900150,"sweet potato, olive oil, scrambled eggs",154.0,202.29658576000003,12.745122,10.284878039999999,10.97804878,3,3,test,1,Medium Calorie
dish_1551390979,kiwi,91.0,55.51,0.455,13.65,1.001,1,1,test,0,Low Calorie
dish_1562086702,bacon,33.0,178.53,13.86,0.462,12.21,1,1,train,1,Medium Calorie
dish_1564429894,"quinoa, salt, squash, mayonnaise, arugula, parsley, carrot, couscous, pepper, wheat berry, pork, jalapenos, cabbage, shallots, thyme, olive oil, garlic, lemon juice, cauliflower",565.999993,498.769837256,11.819026332,73.53174113,25.254064308,19,19,train,2,High Calorie
dish_1561662458,"lettuce, lime, salt, mixed greens, onions, cucumbers, vinegar, corn on the cob, olive oil, pepper, cherry tomatoes",119.000001,124.81549104000001,4.855836837,21.055183771,3.202387759,11,11,train,1,Medium Calorie
dish_1558720364,apple,142.0,73.84,0.284,19.88,0.426,1,1,train,0,Low Calorie
dish_1559845290,potatoes,86.0,66.22,0.086,14.62,1.72,1,1,test,0,Low Calorie
dish_1550707156,"scrambled eggs, potatoes, sausage",337.0,645.002,43.278999999999996,26.606,35.141,3,3,train,2,High Calorie
dish_1559844506,"mandarin oranges, grapes, strawberries",180.0,98.96000000000001,0.45899999999999996,25.1,1.3119999999999998,3,3,train,1,Medium Calorie
dish_1560360055,"sausage, scrambled eggs",180.0,362.73400000000004,27.787,4.154,22.557000000000002,2,2,train,2,High Calorie
dish_1551488861,sausage,63.0,217.098,17.199,2.646,12.159,1,1,train,1,Medium Calorie
dish_1567106825,"bok choy, millet, blue cheese, onions, mustard, olive oil, shallots, spinach (cooked), mixed greens, salt, beef, vinegar, garlic, lettuce, walnuts",104.0,220.20086855,16.90515017,3.357732044,13.460875727,15,15,train,1,Medium Calorie
dish_1562099053,cheese pizza,37.0,98.383,3.478,12.395,4.144,1,1,train,1,Medium Calorie
dish_1560453380,"zucchini, brown rice, arugula, green beans, wheat berry, rosemary, tomatoes, chicken, pepper, kimchi, spinach (raw), squash, salmon, thyme, olive oil, basil, lemon juice, parsley, salt, garlic",480.000002,411.38837965700003,15.234275205,25.491495136,41.922752415,20,20,train,2,High Calorie
dish_1566849327,"parmesan cheese, mixed greens, avocado, olives, chicken",362.0,551.702,31.256,14.870000000000001,55.122,5,5,train,2,High Calorie
dish_1560527191,"mustard greens, cucumbers, bacon, berries, tomatoes, garlic, potatoes, salt, sausage, mustard, vinegar, spinach (raw), olive oil",318.000002,663.989296734,45.395912049,28.933575174,34.380437949,13,13,test,2,High Calorie
dish_1563898786,"mustard, olive oil, bell peppers, broccoli, radishes, salt, garlic, scrambled eggs, vinegar, cucumbers",344.0,420.92845991,31.470230163,11.42750315,23.636036394999998,10,10,train,2,High Calorie
dish_1551381829,asparagus,13.0,2.652,0.013,0.507,0.286,1,1,test,0,Low Calorie
dish_1551376692,corn,43.0,41.28,0.645,9.03,1.462,1,1,train,0,Low Calorie
dish_1551565752,"cauliflower, white rice, ham",132.0,122.25,2.79,13.64,10.773,3,3,train,1,Medium Calorie
dish_1560973958,"wheat berry, olive oil, mustard, pecans, lime, salt, raisins, pepper, arugula, orange",121.0,145.313256459,6.214186447,20.729746164,4.312271222,10,10,train,1,Medium Calorie
dish_1558546663,"spinach (raw), almonds, apple",197.0,330.73400000000004,22.108,30.264,10.601,3,3,train,2,High Calorie
dish_1550861432,berries,47.0,26.79,0.141,6.58,0.329,1,1,train,0,Low Calorie
dish_1551393210,"white rice, tofu, nuts",190.0,484.33000000000004,34.821,31.131,18.820999999999998,3,3,train,2,High Calorie
dish_1563206582,"yam, egg whites, olive oil, sweet potato",319.999997,229.24867935,4.41720794,16.96777278,26.03396222,4,4,test,1,Medium Calorie
dish_1565207815,"brussels sprouts, salt, pepper, olive oil",80.0,40.84821753,1.023567163,7.094022123,2.678474778,4,4,train,0,Low Calorie
dish_1551236712,orange,69.0,32.43,0.069,8.28,0.621,1,1,test,0,Low Calorie
dish_1568305257,"turkey bacon, salt, bell peppers, mustard, olive oil, cucumbers, vinegar, scrambled eggs, garlic, radishes",420.000001,837.147766045,65.49688442,9.313248518,52.072981829,10,10,train,2,High Calorie
dish_1550712024,tomatoes,88.0,29.92,0.616,5.984,0.616,1,1,test,0,Low Calorie
dish_1551139367,"ham, pineapple, mixed greens",107.0,77.75,1.863,9.42,6.734999999999999,3,3,test,0,Low Calorie
dish_1568314823,avocado,90.0,144.0,13.5,8.1,1.8,1,1,train,1,Medium Calorie
dish_1565119464,"millet, apple, cheese pizza, salt, olive oil, onions, cranberries, mustard, vinegar, spinach (raw), spinach (cooked), beef, shallots, bok choy",222.999999,504.06500665000004,23.109737579,44.413982907999994,28.041883942,14,14,train,2,High Calorie
dish_1565725047,"carrot, olives",110.0,77.66,4.84,9.372,0.946,2,2,train,0,Low Calorie
dish_1551236011,"orange, mixed greens, chicken",308.0,281.71999999999997,4.474,21.996,38.446,3,3,test,2,High Calorie
dish_1550705623,bell peppers,51.0,20.4,0.102,4.59,1.02,1,1,train,0,Low Calorie
dish_1559841163,"blackberries, scrambled eggs, yam, sweet potato, chicken apple sausage, broccoli",335.0,357.0435,18.222,27.539,21.153000000000002,6,6,train,2,High Calorie
dish_1563568338,"salt, garlic, olive oil, kale, onions, wheat berry, mushroom, corn on the cob, ground turkey, chive, cheese pizza, carrot, thyme, celery, cream, white rice, eggs",370.999998,631.706684654,29.600520081,57.599108878,38.704664857,17,17,train,2,High Calorie
dish_1551395512,pineapple,51.0,25.5,0.051,6.63,0.255,1,1,test,0,Low Calorie
dish_1563468299,"cottage cheese, pineapple, watermelon, berries",385.0,210.35,4.129,35.584,10.898000000000001,4,4,train,1,Medium Calorie
dish_1558027001,deprecated,68.0,20.4,0.068,5.168,0.408,1,1,train,0,Low Calorie
dish_1551568059,lemon,123.0,35.67,0.369,11.07,1.353,1,1,test,0,Low Calorie
dish_1565033265,"olives, mixed greens, broccoli, chicken, vinaigrette, olive oil",625.0,1324.085,106.34299999999999,19.201999999999998,76.664,6,6,test,2,High Calorie
dish_1551323574,oatmeal,91.0,61.88,1.274,10.92,2.184,1,1,train,0,Low Calorie
dish_1551491271,ham,30.0,43.5,1.8,0.45,6.3,1,1,train,0,Low Calorie
dish_1563475921,"shallots, garlic, lemon juice, onions, spinach (raw), jalapenos, pineapple, cauliflower, honeydew melons, chili, salt, olive oil, lime, ginger, brown rice, cilantro, salmon",348.000003,244.343322128,6.723852589,27.165052459,19.799664302,17,17,train,1,Medium Calorie
dish_1561665024,"lemon juice, onions, olive oil, mixed greens, parsley, salt, apple, millet, green beans, vinegar",121.0,100.570984028,6.984664467999999,8.948565564999999,2.141328984,10,10,test,1,Medium Calorie
dish_1550710448,tofu,67.0,48.91,3.216,1.273,5.36,1,1,train,0,Low Calorie
dish_1563813308,"salt, pepper, brussels sprouts, olive oil, bacon",76.000002,224.98290584,16.446194608000003,3.9016606599999997,15.332275584000001,5,5,test,1,Medium Calorie
dish_1551235600,orange,178.0,83.66,0.178,21.36,1.602,1,1,test,0,Low Calorie
dish_1561062555,"apple, shallots, salt, bulgur, olive oil, cranberries, lemon juice, mustard greens, parsley, arugula, garlic",32.0,47.093925246,3.14756877,4.405364144,1.027731743,11,11,train,0,Low Calorie
dish_1558723414,corn on the cob,49.0,51.989,1.176,10.78,1.519,1,1,train,0,Low Calorie
dish_1562691674,"sweet potato, olive oil, broccoli, egg whites, yam, greek yogurt, chia seeds, chicken apple sausage, milk",435.0,376.97687108,11.338250286000001,42.573322458,26.482391658,9,9,train,2,High Calorie
dish_1566591080,"pepper, salmon, chicken, olives, arugula, brown rice, chicken salad, olive oil, thyme, carrot, salt",549.000007,909.6295572,43.513371424,19.378721363,103.56731125,11,11,test,2,High Calorie
dish_1550862648,apple,31.0,16.12,0.062,4.34,0.093,1,1,train,0,Low Calorie
dish_1564082462,"soy sauce, pesto, cherry tomatoes, brown rice, chard, spinach (raw), pork, cheese, caesar salad, parsley, white rice, sugar, garlic, carrot, salt, pepper, bok choy, pasta, olive oil, basil, rosemary, lemon juice, onions, chive, chicken",609.0000239999999,905.35442977,32.071828141,40.53291641,108.822509729,25,25,test,2,High Calorie
dish_1562602860,"strawberries, milk, chia seeds, greek yogurt, watermelon",257.999997,165.18228657,5.622155264,20.83425122,10.206213080000001,5,5,train,1,Medium Calorie
dish_1568217372,"bell peppers, scrambled eggs, salt, mustard, cucumbers, olive oil, vinegar, radishes, sausage, garlic",244.0,508.916141881,41.079072354,6.503527214,27.115327259,10,10,train,2,High Calorie
dish_1561739954,"sweet potato, scrambled eggs",225.0,276.12,16.06,16.556,15.39,2,2,train,2,High Calorie
dish_1558638983,corn on the cob,56.0,59.416,1.344,12.32,1.736,1,1,train,0,Low Calorie
dish_1558631825,corn on the cob,112.0,118.832,2.688,24.64,3.472,1,1,train,1,Medium Calorie
dish_1564689108,"chickpeas, salt, garlic, blueberries, pepper, pears, arugula, mustard, olive oil, parsley, almonds, vinegar, spinach (raw), lemon juice, carrot",158.999996,203.662466273,15.866496906,13.156698072,4.929468994,15,15,test,1,Medium Calorie
dish_1563216440,"wheat berry, olive oil, spinach (raw), cherry tomatoes, chicken breast, white rice, parmesan cheese, garlic, salt, broccoli, thyme",351.999998,403.78634133,6.472355023,39.85788471,44.691350959000005,11,11,train,2,High Calorie
dish_1559240908,orange,128.0,60.16,0.128,15.36,1.152,1,1,train,0,Low Calorie
dish_1563395480,"corn, cheese, garlic, chili, black beans, spinach (raw), squash, bell peppers, onions, olive oil, sour cream, lemon juice, salt, hominy, cherry tomatoes, pepper, tortilla chips, jalapenos, parsley, cabbage, chicken thighs, lime, zucchini, cheese pizza, broccoli, carrot, tomatoes",329.000006,370.521423089,14.106583003999999,31.819580259,29.161797151000002,27,27,test,2,High Calorie
dish_1559235815,"cream cheese, bagels, strawberries, eggs",268.000001,352.3950025,16.284000015,31.33400049,19.628800101,4,4,train,2,High Calorie
dish_1565640272,"bell peppers, pepperoni pizza, cherry tomatoes",405.0,377.82,13.908000000000001,49.74,16.560000000000002,3,3,train,2,High Calorie
dish_1565898158,"cilantro, ginger, spinach (raw), jalapenos, lemon juice, lime, salt, onions, shallots, garlic, salmon, green beans, brown rice, olive oil, chili",194.000001,240.42576687,10.293161768000001,10.249402457,25.324494266,15,15,train,1,Medium Calorie
dish_1564415077,"egg whites, scrambled eggs",189.0,152.04,6.426,1.827,18.9,2,2,train,1,Medium Calorie
dish_1551237348,"orange, bell peppers, ham",272.0,158.57,2.242,28.485000000000003,9.334,3,3,train,1,Medium Calorie
dish_1565022062,"olive oil, egg whites, berries, sweet potato",366.0,234.60658576,2.846122,30.903878040000002,19.27104878,4,4,test,1,Medium Calorie
dish_1558719994,almonds,133.0,768.873,65.835,30.191,29.792,1,1,train,2,High Calorie
dish_1562960520,"pork, pepper, white rice, garlic, caesar salad, roasted potatoes, sugar, salt, soy sauce, bok choy",303.000001,422.39926418,19.659969302,31.715603428999998,29.5452011,10,10,train,2,High Calorie
dish_1550769948,"bacon, potatoes, cantaloupe",192.0,200.13,9.096,19.914,9.93,3,3,train,1,Medium Calorie
dish_1560441270,"bok choy, potatoes",46.0,24.54,0.063,5.303999999999999,0.835,2,2,train,0,Low Calorie
dish_1561663855,"parsley, lemon juice, chive, garlic, millet, apple, brown rice, corn on the cob, vinegar, onions, olive oil, rosemary, basil, salt, chicken, mixed greens, carrot, chard",139.000002,179.13843987599998,7.395211702,14.409588496000001,15.286750626,18,18,train,1,Medium Calorie
dish_1563389199,"broccoli, garlic, pepper, arugula, vinegar, chard, blueberries, bulgur, olive oil, pecans, mustard, tofu, salt, carrot",284.000001,390.25444517,8.273479546999999,70.210714842,16.497626765,14,14,train,2,High Calorie
dish_1566488928,"cantaloupe, sweet potato, olive oil",147.00000400000002,103.04829591999999,2.2195609999999997,19.982439739999997,1.32702443,3,3,test,1,Medium Calorie
dish_1558031302,potatoes,74.0,56.98,0.074,12.58,1.48,1,1,train,0,Low Calorie
dish_1558723926,cherry tomatoes,107.0,19.26,0.214,4.173,0.963,1,1,train,0,Low Calorie
dish_1563392128,"garlic, cilantro, lemon juice, onions, olive oil, salt, arugula, quinoa, fish, tomatillo, pepper, jalapenos",161.999999,169.934246014,18.812920633999997,6.487778104999999,21.133221619,12,12,test,1,Medium Calorie
dish_1550711094,"bell peppers, pineapple, beef",105.0,106.5,4.465999999999999,8.28,8.52,3,3,train,1,Medium Calorie
dish_1563910171,"ginger, chard, salmon, cilantro, shallots, lime, lemon juice, onions, olive oil, vinegar, green beans, brown rice, spinach (raw), jalapenos, cherry tomatoes, garlic, chili, figs, salt, cucumbers, mustard",423.00000800000004,571.183789008,27.285720730999998,24.938656324,53.608374705,21,21,train,2,High Calorie
dish_1560368464,"olive oil, brown rice, vinegar, cherry tomatoes, honeydew melons, shallots, parsley, basil, lemon juice, onions, pork, pepper, garlic, broccoli, salt",274.999998,349.449927112,18.062436228,16.807096306,29.051192594,15,15,test,2,High Calorie
dish_1550771648,"nuts, cucumbers, potato chips",108.0,307.04,24.28,18.439999999999998,8.36,3,3,train,2,High Calorie
dish_1551392590,mushroom,23.0,5.06,0.069,0.759,0.713,1,1,train,0,Low Calorie
dish_1560368990,"shallots, salt, pumpkin seeds, parsley, olive oil, brown rice, vinegar, pepper, arugula, white rice, garlic, carrot, broccoli, lettuce, onions, basil, lemon juice, mustard, pork, cherry tomatoes, mixed greens",119.00000100000001,211.92131590900001,9.981675961999999,14.391690917000002,14.986163985999998,21,21,train,1,Medium Calorie
dish_1562958563,"olives, chicken salad",68.0,130.84,9.767,2.686,8.158,2,2,train,1,Medium Calorie
dish_1561579617,"salt, eggplant, olive oil, cauliflower, roasted potatoes",303.999997,130.172352688,4.552823582,21.115882169,4.42735291,5,5,test,1,Medium Calorie
dish_1566333167,"vinegar, beef, bok choy, spinach (cooked), shallots, millet, salt, cheese pizza, olive oil, onions",140.0,344.54449362,14.501362065,31.633932560999998,20.294445119000002,10,10,test,2,High Calorie
dish_1565033139,"mixed greens, broccoli, olives",274.0,193.65,14.177,17.356,4.434,3,3,test,1,Medium Calorie
dish_1563551194,"olive oil, sweet potato, egg whites, bagels, greek yogurt, chia seeds, milk, cream cheese",400.000001,471.64358496,14.045855735,57.670919597,27.842805869,8,8,train,2,High Calorie
dish_1563464480,"bacon, watermelon, roasted potatoes, berries",213.0,229.49,10.918,25.838,8.302,4,4,train,1,Medium Calorie
dish_1551563824,chicken,43.0,70.95,1.548,0.0,13.33,1,1,train,0,Low Calorie
dish_1567020054,"shallots, garlic, parsley, salt, kale, brussels sprouts, lemon juice, olive oil, wheat berry, chive, chard, pepper, fish, cherry tomatoes",144.999996,122.001403422,11.540041608,7.937455679999999,14.21007861,14,14,train,1,Medium Calorie
dish_1568649387,"olive oil, sweet potato, broccoli, berries, yam",192.0,163.85818158,5.30239836,28.48877552,2.51278788,5,5,train,1,Medium Calorie
dish_1565370004,"bacon, olive oil, scrambled eggs, green beans",370.000003,570.88475093,41.655425003,11.23975021,36.877650054,4,4,train,2,High Calorie
dish_1550790511,"fish, mixed greens, carrot",116.0,69.69,6.804,5.465999999999999,10.255,3,3,train,0,Low Calorie
dish_1566499633,"onions, olive oil, vinegar, garlic, salt, sun dried tomatoes, olives, cucumbers, spinach (raw), mustard",139.000002,161.38643552899998,14.18350472,8.426495766,3.023964024,10,10,test,1,Medium Calorie
dish_1559849412,almonds,61.0,352.641,30.195,13.847,13.664,1,1,train,2,High Calorie
dish_1551139606,"cantaloupe, brussels sprouts, bell peppers",153.0,59.1,0.362,13.14,3.088,3,3,train,0,Low Calorie
dish_1558719336,cauliflower,97.0,24.25,0.291,4.85,1.746,1,1,test,0,Low Calorie
dish_1551379331,shrimp,36.0,35.64,0.108,0.072,8.64,1,1,test,0,Low Calorie
dish_1562602657,"pepper, salt, hash browns, brussels sprouts, sausage, olive oil",236.0,610.3651726400001,44.069647822,31.015893043,24.32426078,6,6,train,2,High Calorie
dish_1558116201,sausage,91.0,313.586,24.843,3.822,17.563,1,1,train,2,High Calorie
dish_1559668314,"scrambled eggs, garden salad, hash browns",300.0,551.546,38.153999999999996,32.832,21.035,3,3,train,2,High Calorie
dish_1563551432,"brussels sprouts, olive oil, scrambled eggs, pepper, sausage, salt",389.000003,665.33262642,48.805745132,14.590723553,41.40339864,6,6,train,2,High Calorie
dish_1567711272,pizza,71.0,188.86,6.887,23.43,7.81,1,1,train,1,Medium Calorie
dish_1557861697,eggplant,53.0,13.144,0.106,3.127,0.53,1,1,train,0,Low Calorie
dish_1558721484,cherry tomatoes,62.0,11.16,0.124,2.418,0.558,1,1,train,0,Low Calorie
dish_1565379251,"salt, pepper, olive oil, carrot",66.999998,32.93609102,0.792688608,6.6088914260000005,0.5952803379999999,4,4,train,0,Low Calorie
dish_1551565289,"cauliflower, olives, lemon",173.0,88.23,5.615,10.167,2.47,3,3,train,1,Medium Calorie
dish_1566242273,"onions, tuna, chicken, carrot, olives, cherry tomatoes",521.0,550.01,11.134,15.791,92.494,6,6,train,2,High Calorie
dish_1563306392,"chicken, spinach (raw), wheat berry, thyme, olive oil, lemon juice, parsley, salt, garlic, shallots",287.999998,477.465044462,13.979971228,5.710498609,77.775473588,10,10,train,2,High Calorie
dish_1551374332,"kiwi, white rice, berries",221.0,181.78000000000003,0.789,41.79,3.2590000000000003,3,3,train,1,Medium Calorie
dish_1559843335,strawberries,77.0,25.41,0.231,6.16,0.539,1,1,train,0,Low Calorie
dish_1550777469,potato chips,18.0,96.48,6.3,9.54,1.26,1,1,train,1,Medium Calorie
dish_1558549214,"white rice, potatoes, spinach (raw), cherry tomatoes, grapes",361.0,239.19,0.722,53.875,5.712,5,5,train,1,Medium Calorie
dish_1562775488,"egg whites, sweet potato",145.0,91.24,0.158,12.433000000000002,8.56,2,2,train,1,Medium Calorie
dish_1551317998,kiwi,47.0,28.67,0.235,7.05,0.517,1,1,train,0,Low Calorie
dish_1562787956,caesar salad,61.0,26.84,1.281,2.623,1.952,1,1,test,0,Low Calorie
dish_1562775212,oatmeal,136.0,92.48,1.904,16.32,3.264,1,1,train,1,Medium Calorie
dish_1560801773,cauliflower,54.0,13.5,0.162,2.7,0.972,1,1,train,0,Low Calorie
dish_1559238435,pears,202.0,115.544,0.202,30.704,0.808,1,1,train,1,Medium Calorie
dish_1562008813,"pears, quinoa, shallots, olive oil, lemon juice, mustard, vinegar, arugula, garlic, mixed greens, goat cheese, thyme, pecans, parsley, chard, blueberries, olives, cauliflower, salt",225.0,214.593239836,15.571492095,15.597977679,6.029664628,19,19,test,1,Medium Calorie
dish_1551391710,bacon,19.0,102.79,7.98,0.266,7.03,1,1,train,1,Medium Calorie
dish_1568061202,"salt, pepper, brussels sprouts, olive oil, squash, pineapple, cheese pizza",333.999995,256.55161159,7.670483631,39.151714453,9.440391822,7,7,train,1,Medium Calorie
dish_1560445069,grapefruit juice,243.0,94.527,0.243,22.113,1.215,1,1,train,1,Medium Calorie
dish_1566502573,"chive, bok choy, chicken, white rice, pork, arugula, spinach (raw), brown rice, chard, mustard, olive oil, garlic, cucumbers, sugar, rosemary, pepper, sun dried tomatoes, lemon juice, mustard greens, parsley, vinegar, corn on the cob, basil, onions, carrot, soy sauce, salt, chickpeas",487.000005,821.510114693,43.206233614,60.718186884,51.189268346,28,28,train,2,High Calorie
dish_1563900172,"scrambled eggs, cantaloupe, olive oil, sweet potato",255.0,236.63658576,12.947122,18.36487804,11.78604878,4,4,test,1,Medium Calorie
dish_1562785132,"fish, country rice, onions, olive oil, garlic, salt, green onions",192.000007,211.5426767032,24.600799466,10.392798398,28.9555550888,7,7,train,1,Medium Calorie
dish_1565383097,"spinach (raw), cucumbers, olives, chicken, parmesan cheese",430.0,479.249,25.929000000000002,13.333,50.023,5,5,train,2,High Calorie
dish_1559233102,scrambled eggs,124.0,183.52,13.64,1.984,12.4,1,1,train,1,Medium Calorie
dish_1560357427,grapefruit juice,241.0,93.749,0.241,21.931,1.205,1,1,train,1,Medium Calorie
dish_1568401261,"salt, squash, carrot, avocado, tuna salad, olive oil",442.999996,530.3933532450001,26.350722579,34.582966561999996,39.131961737,6,6,train,2,High Calorie
dish_1558031628,cantaloupe,92.0,31.28,0.184,7.36,0.736,1,1,train,0,Low Calorie
dish_1558029148,honeydew melons,108.0,38.88,0.108,9.72,0.54,1,1,train,0,Low Calorie
dish_1558461431,spinach (raw),5.0,1.15,0.02,0.18,0.145,1,1,test,0,Low Calorie
dish_1562790824,"salt, bell peppers, garlic, mustard, cucumbers, olive oil, vinegar, country rice, onions, green onions, fish, radishes",367.999997,437.0716909808,49.829514925000005,19.273878776,49.8599190422,12,12,train,2,High Calorie
dish_1551567848,olives,63.0,72.45,6.741,3.969,0.504,1,1,test,0,Low Calorie
dish_1558718610,corn on the cob,107.0,113.527,2.568,23.54,3.317,1,1,test,1,Medium Calorie
dish_1562959129,"fish, garlic, salt, pizza, onions, pepper, quinoa, artichokes, lemon juice, olive oil, arugula, jalapenos, tomatillo, parsnips, cilantro, roasted potatoes",292.999994,412.87358604599996,22.177430018000003,47.374993274,24.672005828,16,16,test,2,High Calorie
dish_1560975517,"broccoli, caesar salad",99.0,42.39,1.858,4.608,3.0639999999999996,2,2,train,0,Low Calorie
dish_1558641075,cherry tomatoes,69.0,12.42,0.138,2.691,0.621,1,1,train,0,Low Calorie
dish_1560455158,"olive oil, arugula, vinegar, carrot, mixed greens, mustard, lettuce, pumpkin seeds, salt",55.000001,69.120848386,5.8925224300000005,3.531323442,1.433316153,9,9,train,0,Low Calorie
dish_1565972715,"cucumbers, vinegar, green beans, scrambled eggs, pepper, lettuce, chicken apple sausage, cherry tomatoes, lime, mixed greens, salt, olive oil, onions",510.000003,657.54588814,46.845223753,15.662046788,43.166806443,13,13,train,2,High Calorie
dish_1558639787,cauliflower,99.0,24.75,0.297,4.95,1.782,1,1,test,0,Low Calorie
dish_1560203424,"pepperoni pizza, brownies",138.0,451.75399999999996,22.272,50.212,14.588000000000001,2,2,test,2,High Calorie
dish_1558724912,carrot,75.0,30.75,0.15,7.5,0.675,1,1,test,0,Low Calorie
dish_1563913675,"spinach (raw), vinegar, chard, cherry tomatoes, cheese pizza, figs, salt, caesar salad, cucumbers, olive oil, mustard",227.999999,282.693146362,12.514250526000001,31.848913611,12.170398912,11,11,train,2,High Calorie
dish_1567542876,"white rice, soy sauce, onions, orange juice, kale, lemon juice, chili, cilantro, green onions, cheese pizza, broccoli, beef, pineapple, chicken thighs, vinegar, olive oil, garlic, salt",260.000003,495.807731348,21.002985135,45.708034325999996,29.51990599,18,18,train,2,High Calorie
dish_1561753075,"garlic, salmon, chicken thighs, onions, olive oil, chili, caesar salad, cilantro, cheese, pepper, brown rice, arugula, squash, thyme, tortilla, salt, tomatoes",668.000011,945.670747848,47.436817915,46.316841176,82.687485619,17,17,train,2,High Calorie
dish_1559244305,"arugula, pepper, vinegar, chickpeas, salt, parsley, olive oil, mustard greens",63.999998999999995,113.066403201,7.04521033,9.832836319,3.483331159,8,8,train,1,Medium Calorie
dish_1561577573,"onions, bok choy, millet, beef, salt, spinach (cooked), shallots, olive oil, pizza, vinegar",345.999999,755.4328568999999,40.63868805700001,24.984559555000004,66.063801277,10,10,train,2,High Calorie
dish_1563550614,"sweet potato, olive oil, egg whites",205.000002,132.82439472000002,1.753415,11.55158566,15.08536587,3,3,train,1,Medium Calorie
dish_1550776957,"bacon, banana, potato chips",103.0,213.11,10.728,24.05,7.226,3,3,test,1,Medium Calorie
dish_1565204891,"olive oil, onions, brussels sprouts, chicken thighs, lemon juice, salt, garlic, pineapple, white rice, cilantro, pepper, vinegar, kale",314.000007,302.886413558,9.08051993,40.929691923,16.297202633,13,13,train,2,High Calorie
dish_1551395800,"white rice, asparagus, pineapple",118.0,90.68,0.21199999999999997,20.57,1.964,3,3,train,1,Medium Calorie
dish_1558115011,almonds,20.0,115.62,9.9,4.54,4.48,1,1,test,1,Medium Calorie
dish_1562776497,"pepper, olive oil, brussels sprouts, sweet potato, scrambled eggs, salt",292.000001,291.83246171,13.205418309000002,32.771592923,11.634131946,6,6,test,2,High Calorie
dish_1559675234,"carrot, bell peppers, cherry tomatoes, brussels sprouts",120.0,36.97,0.271,8.135,2.075,4,4,train,0,Low Calorie
dish_1565638323,"salt, garlic, parsley, onions, zucchini, rosemary, olive oil, arugula, pork, brown rice, white rice",273.99999199999996,467.824651929,20.744893707000003,29.24879957,38.302158871,11,11,train,2,High Calorie
dish_1550706177,tomatoes,87.0,29.58,0.609,5.916,0.609,1,1,train,0,Low Calorie
dish_1550773394,bell peppers,50.0,20.0,0.1,4.5,1.0,1,1,train,0,Low Calorie
dish_1561405836,cheese pizza,31.0,82.429,2.914,10.385,3.472,1,1,test,0,Low Calorie
dish_1565898659,"cherry tomatoes, tuna, olives, salmon, spinach (raw), onions, chili, cilantro, lime, salt, ginger, brown rice, jalapenos, lemon juice, olive oil, carrot, shallots, garlic",536.999999,576.704487068,11.448723604,16.112270019,97.24344397800002,18,18,test,2,High Calorie
dish_1562169818,"olive oil, vinaigrette, pepper, scrambled eggs, granola, mixed greens, salt, raspberries, blackberries, brussels sprouts",274.999998,346.819650173,22.768761533000003,16.99747347,19.754046734000003,10,10,train,2,High Calorie
dish_1559934679,"quinoa, wine, eggplant, mushroom, chicken thighs, squash, salt, lemon juice, shallots, caesar salad, spinach (cooked), garlic, olive oil",146.00000599999998,160.84549064499998,7.257577403,4.51815396,18.901001176,13,13,train,1,Medium Calorie
dish_1562698276,"spinach (cooked), shallots, salt, onions, broccoli, olive oil, vinegar, white rice, beef, millet, bok choy",307.000005,434.58312672,16.904676804,35.996618021,31.992001942999998,11,11,test,2,High Calorie
dish_1558718051,cauliflower,97.0,24.25,0.291,4.85,1.746,1,1,train,0,Low Calorie
dish_1560368764,"olive oil, mustard, pumpkin seeds, carrot, mixed greens, lettuce, salt, asparagus, tofu, arugula, eggplant, vinegar",270.000002,207.098901815,15.16578822,14.017039261,7.9924783999999995,12,12,train,1,Medium Calorie
dish_1563563317,"olives, grilled chicken, cherry tomatoes, carrot",252.0,345.842,22.701,8.312,28.482999999999997,4,4,train,2,High Calorie
dish_1565895966,"bok choy, salt, onions, kale, olive oil, vinegar, shallots, green beans, chard, beef, spinach (cooked), millet",287.000002,214.54437775,9.931850122,16.800754643,16.543628061,12,12,test,1,Medium Calorie
dish_1566933226,"couscous, garlic, parsley, basil, lemon juice, olive oil, thyme, salt, chicken thighs, brown rice, radishes, arugula, vinegar",170.999999,245.449520647,7.784025624999999,19.447063342,22.552278165,13,13,train,1,Medium Calorie
dish_1550712079,"bell peppers, mixed greens, tomatoes",214.0,73.24000000000001,0.986,15.141,3.254,3,3,train,0,Low Calorie
dish_1558458737,white rice,32.0,41.6,0.096,8.96,0.864,1,1,train,0,Low Calorie
dish_1561392593,"vinegar, olive oil, broccoli, berries, bell peppers, radishes, salt, garlic, scrambled eggs, mustard, cucumbers",324.999999,354.044929799,24.260466321,19.139466562,16.390599974,11,11,train,2,High Calorie
dish_1566416421,"wheat berry, lemon juice, green beans, chard, fish, cherry tomatoes, garlic, roasted potatoes, shallots, chive, salt, parsley, olive oil, eggplant",366.999999,313.741896329,18.395052934,36.646524258,12.292887427,14,14,train,2,High Calorie
dish_1562009120,"brussels sprouts, tofu, salt, pepper, olive oil",146.000001,95.61013659,5.247729481,6.257763963,9.354046782,5,5,train,1,Medium Calorie
dish_1560444869,honeydew melons,39.0,14.04,0.039,3.51,0.195,1,1,train,0,Low Calorie
dish_1550789255,"fish, tomatoes, broccoli",159.0,76.89,5.904,8.178,8.924,3,3,train,0,Low Calorie
dish_1562872365,bok choy,76.0,9.88,0.152,1.672,1.14,1,1,train,0,Low Calorie
dish_1564773903,"cherry tomatoes, lentils, salmon, arugula, pineapple, parsley, kale, olive oil, shallots, pepper, pickles, salt, mayonnaise, lemon juice, broccoli, garlic, chive",336.000003,316.827573614,16.086777074,25.091200105,19.580331355,17,17,train,2,High Calorie
dish_1563910137,"vinegar, chard, spinach (raw), cherry tomatoes, green beans, olive oil, salt, cucumbers, figs, mustard",140.999998,131.28320139,8.903819262999999,11.986853324,2.529557563,10,10,train,1,Medium Calorie
dish_1561661347,"green beans, caesar salad",132.0,50.67,1.632,7.215,3.426,2,2,train,0,Low Calorie
dish_1558721726,apple,143.0,74.36,0.286,20.02,0.429,1,1,train,0,Low Calorie
dish_1566931586,"olives, mixed greens, chicken, broccoli",389.0,379.38,15.281,15.526,46.593999999999994,4,4,train,2,High Calorie
dish_1551493723,sausage,52.0,179.192,14.196,2.184,10.036,1,1,train,1,Medium Calorie
dish_1563908923,caesar salad,112.0,49.28,2.352,4.816,3.584,1,1,train,0,Low Calorie
dish_1563552016,"syrup, waffles",174.0,493.58906249999995,19.477124999999997,69.9534375,10.7390625,2,2,train,2,High Calorie
dish_1562784307,"salt, pizza, olive oil, eggplant, corn on the cob",157.000002,158.518121088,5.112941532000001,24.925294194,5.67811766,5,5,train,1,Medium Calorie
dish_1551304608,"potato chips, cauliflower, scrambled eggs",225.0,269.53,17.083,19.022,11.918,3,3,train,2,High Calorie
dish_1551318068,corn,33.0,31.68,0.495,6.93,1.122,1,1,train,0,Low Calorie
dish_1564761388,egg whites,105.0,54.6,0.21,0.735,10.5,1,1,train,0,Low Calorie
dish_1561576295,"onions, cucumbers, lettuce, bell peppers, roasted potatoes, olives, vinaigrette, cherry tomatoes, feta cheese",232.000002,249.06714671799998,16.084233738,23.931340480999996,4.035297936999999,9,9,train,1,Medium Calorie
dish_1551399484,"potato chips, nuts, corn",90.0,275.18,18.17,25.939999999999998,6.84,3,3,train,2,High Calorie
dish_1562876618,cheese pizza,43.0,114.337,4.042,14.405,4.816,1,1,train,1,Medium Calorie
dish_1558722247,"almonds, cauliflower, apple",343.0,604.616,43.181,46.772,21.49,3,3,train,2,High Calorie
dish_1551304349,cauliflower,121.0,30.25,0.363,6.05,2.178,1,1,train,0,Low Calorie
dish_1565640427,brownies,42.0,195.762,12.096,20.916,2.604,1,1,train,1,Medium Calorie
dish_1559841808,"grapes, mandarin oranges, cereal",96.0,73.11,0.5700000000000001,17.38,1.29,3,3,test,0,Low Calorie
dish_1551139535,bell peppers,34.0,13.6,0.068,3.06,0.68,1,1,test,0,Low Calorie
dish_1551399031,cheese,12.0,48.24,3.96,0.156,3.0,1,1,train,0,Low Calorie
dish_1560788349,yogurt,134.0,78.926,0.536,4.824,13.4,1,1,train,0,Low Calorie
dish_1566847431,"quinoa, arugula, olive oil, thyme, lemon juice, parsley, salt, shallots, garlic",89.99999899999999,101.240513646,1.923067488,17.23207649,3.769840209,9,9,test,1,Medium Calorie
dish_1565726812,"broccoli, olive oil",65.000001,36.20975769,1.83902454,4.43902445,1.52195124,2,2,train,0,Low Calorie
dish_1550860444,"potatoes, oatmeal, bacon",236.0,207.32,5.252,32.472,8.032,3,3,train,1,Medium Calorie
dish_1561061687,"shallots, garlic, croutons, jalapenos, onions, cranberries, mustard greens, kale, lemon juice, olive oil, salt, parsley, salmon, ginger, spinach (raw), pepper, parmesan cheese, brown rice, arugula, cilantro, lime, caesar dressing, brussels sprouts, bulgur, chili, apple",408.000007,508.347677356,24.082794367,32.991671567,41.733879726,26,26,train,2,High Calorie
dish_1551305209,"corn, mushroom, oatmeal",194.0,128.74,2.452,23.900999999999996,5.175000000000001,3,3,train,1,Medium Calorie
dish_1563996279,"salt, carrot, cauliflower, olive oil, pepper",278.0,98.49001462,1.893740766,19.736820741,3.9101737539999997,5,5,train,1,Medium Calorie
dish_1558115448,grapes,94.0,64.86,0.188,16.92,0.658,1,1,train,0,Low Calorie
dish_1559843030,strawberries,77.0,25.41,0.231,6.16,0.539,1,1,train,0,Low Calorie
dish_1551487288,tofu,42.0,30.66,2.016,0.798,3.36,1,1,train,0,Low Calorie
dish_1566246902,cheese pizza,89.0,236.651,8.366,29.815,9.968,1,1,train,1,Medium Calorie
dish_1550710207,chicken,91.0,150.15,3.276,0.0,28.21,1,1,train,1,Medium Calorie
dish_1564073860,bacon,91.0,492.31,38.22,1.274,33.67,1,1,train,2,High Calorie
dish_1561739973,"broccoli, scrambled eggs, sweet potato",280.0,295.37,16.279999999999998,20.406,16.71,3,3,test,2,High Calorie
dish_1565811091,"broccoli, spinach (raw), carrot, chicken, goat cheese",371.0,504.4,17.631999999999998,9.06,74.731,5,5,test,2,High Calorie
dish_1559240441,strawberries,59.0,19.47,0.177,4.72,0.413,1,1,train,0,Low Calorie
dish_1550790252,fish,51.0,45.9,6.63,0.0,9.384,1,1,train,0,Low Calorie
dish_1565984434,"quinoa, ground turkey, onions, celery, kale, olive oil, thyme, chive, pepper, white rice, cauliflower, cream, mushroom, eggs, carrot, salt, garlic",429.999998,319.892298117,12.747004776,36.362113447,17.977341583,17,17,train,2,High Calorie
dish_1563811686,"scrambled eggs, strawberries, olive oil, salt, pepper, sweet potato, brussels sprouts",331.000007,319.42838771000004,17.312545421,25.879767783,16.288151982,7,7,test,2,High Calorie
dish_1561060925,"brussels sprouts, salt, tofu, pepper, olive oil",156.000003,93.91484813,4.284307559,9.304450493000001,8.246765186000001,5,5,train,1,Medium Calorie
dish_1561663817,"salt, mixed greens, olive oil, lemon juice, onions, parsley, corn on the cob, vinegar, millet, apple",86.000001,95.495365923,4.993592999,12.891618222999998,2.099186745,10,10,test,1,Medium Calorie
dish_1566922978,scrambled eggs,84.0,124.32,9.24,1.344,8.4,1,1,train,1,Medium Calorie
dish_1551228830,noodles,29.0,40.02,0.609,7.25,1.305,1,1,train,0,Low Calorie
dish_1557861216,plate only,1.0,0.0,0.0,0.0,0.0,1,1,test,0,Low Calorie
dish_1566316587,"olive oil, vinegar, radishes, bacon, garlic, bell peppers, scrambled eggs, salt, cucumbers, mustard, hash browns",311.000001,646.768084074,50.825042229000005,20.937224454,26.908690964999998,11,11,train,2,High Calorie
dish_1560367715,"broccoli, brown rice, vinegar, pork, olive oil, lemon juice, salt, croutons, white rice, cherry tomatoes, pepper, onions, parsley, shallots, garlic, basil",304.999998,597.531202042,26.680104045,40.813660298,44.518320204,16,16,train,2,High Calorie
dish_1561575613,"walnuts, salt, mustard, olive oil, vinegar, chard, blueberries, arugula, pepper",70.0,86.411436094,8.211152593,2.818409978,1.679894514,9,9,train,0,Low Calorie
dish_1558639266,corn on the cob,29.0,30.769,0.696,6.38,0.899,1,1,train,0,Low Calorie
dish_1551567650,asparagus,24.0,4.896,0.024,0.936,0.528,1,1,train,0,Low Calorie
dish_1566245437,"tatsoi, wheat berry, kale, parsley, cauliflower, salt, lime, pepper, lemon juice, garlic, olive oil, cucumbers, roast chicken, steak",462.00001100000003,566.31162727,31.86690384,15.820464542,53.885967206000004,14,14,train,2,High Calorie
dish_1551322804,"orange, lemon, corn",178.0,88.62,0.784,22.47,2.582,3,3,train,1,Medium Calorie
dish_1558723537,cauliflower,58.0,14.5,0.174,2.9,1.044,1,1,train,0,Low Calorie
dish_1551139675,fish,49.0,44.1,6.37,0.0,9.016,1,1,train,0,Low Calorie
dish_1566317742,"blackberries, oatmeal",254.0,154.72,2.908,28.464,5.376,2,2,train,1,Medium Calorie
dish_1565195493,"sweet potato, chicken apple sausage, bacon, olive oil, egg whites",291.000003,406.99853788,21.026195,20.19880544,30.98487808,5,5,test,2,High Calorie
dish_1550713388,chicken,47.0,77.55,1.692,0.0,14.57,1,1,train,0,Low Calorie
dish_1559235690,eggs,111.0,172.605,11.655,1.332,13.875,1,1,train,1,Medium Calorie
dish_1560529844,"berries, sweet potato, watermelon",168.0,91.67999999999999,0.3,22.296,1.278,3,3,train,1,Medium Calorie
dish_1563220987,"olive oil, arugula, pork, salt, onions, parsley, zucchini, rosemary, garlic, white rice",109.999994,224.987495421,12.479590384000002,4.07238813,22.457699894,10,10,train,1,Medium Calorie
dish_1563913709,"olive oil, cucumbers, fried rice, caesar salad, salt, cheese pizza, figs, cherry tomatoes, mustard, chard, vinegar, spinach (raw)",262.999999,337.88814636200004,13.284250526000001,42.313913611000004,13.815398912,12,12,train,2,High Calorie
dish_1551222638,tortilla,18.0,39.24,0.522,8.1,1.08,1,1,test,0,Low Calorie
dish_1563305883,"olive oil, spinach (raw), parmesan cheese, croutons, vinegar, apple, salt, mustard, onions, cranberries, caesar dressing, kale",76.999998,83.05250315400001,7.017996895,4.055908371,2.147450241,12,12,train,0,Low Calorie
dish_1550706583,chicken,151.0,249.15,5.436,0.0,46.81,1,1,train,1,Medium Calorie
dish_1558639335,apple,116.0,60.32,0.232,16.24,0.348,1,1,train,0,Low Calorie
dish_1560454488,"mixed greens, garlic, salt, cucumbers, parsley, olive oil, vinegar, cherry tomatoes, carrot",42.000002,48.2440019,4.500725633,1.8938432790000002,0.635490236,9,9,train,0,Low Calorie
dish_1559933793,"salt, pepper, olive oil, brussels sprouts",111.000005,56.67690338,1.4201993560000001,9.842956203,3.7163839519999997,4,4,train,0,Low Calorie
dish_1563382953,"yam, sweet potato, scrambled eggs, olive oil",170.0,249.91953333099997,16.234717622,12.476490414,12.876415086000002,4,4,train,1,Medium Calorie
dish_1550873264,chicken,59.0,97.35,2.124,0.0,18.29,1,1,train,1,Medium Calorie
dish_1564159636,"sausage, olive oil, pepper, salt, turkey bacon, bacon, brussels sprouts",134.0,487.87365629,37.411686281,5.26718082,31.416099638,7,7,train,2,High Calorie
dish_1563984140,egg whites,472.0,245.44,0.944,3.304,47.2,1,1,test,1,Medium Calorie
dish_1550710342,"pineapple, carrot, chicken",159.0,182.17000000000002,3.3659999999999997,8.18,28.638,3,3,train,1,Medium Calorie
dish_1558724574,brussels sprouts,118.0,50.74,0.354,10.62,4.012,1,1,train,0,Low Calorie
dish_1558718009,cantaloupe,76.0,25.84,0.152,6.08,0.608,1,1,train,0,Low Calorie
dish_1551379566,cheese,36.0,144.72,11.88,0.468,9.0,1,1,train,1,Medium Calorie
dish_1551137348,"bread, potatoes, mixed greens",124.0,202.64000000000001,2.62,34.856,9.404,3,3,train,1,Medium Calorie
dish_1562873544,"carrot, pepper, sour cream, arugula, nopales, salt, garlic, fish, jicama, corn, olive oil, parsley, chive, cheese pizza, lime, caesar salad",200.999999,193.611710506,11.637623412,18.182363351,13.776481215,16,16,train,1,Medium Calorie
dish_1562945823,"granola, mixed greens, blackberries, raspberries, vinaigrette, honeydew melons, cantaloupe",99.0,62.195322247,2.1256452240000003,10.413193358000001,1.382999962,7,7,train,0,Low Calorie
dish_1558725403,almonds,50.0,289.05,24.75,11.35,11.2,1,1,test,2,High Calorie
dish_1564516366,olives,27.0,31.05,2.889,1.701,0.216,1,1,train,0,Low Calorie
dish_1561752996,"garlic, arugula, brown rice, thyme, salt, cilantro, cheese, salmon, pepper, chicken thighs, olive oil, tortilla, onions, tomatoes, chili",415.000014,848.655801128,42.900568523,36.3366514,76.78808244300001,15,15,train,2,High Calorie
dish_1558381032,almonds,20.0,115.62,9.9,4.54,4.48,1,1,train,1,Medium Calorie
dish_1562774099,"raspberries, vinaigrette, mixed greens, granola, blackberries",39.999997,51.993542791,2.787096498,6.156128324,1.27999987,5,5,test,0,Low Calorie
dish_1558549150,grapes,66.0,45.54,0.132,11.88,0.462,1,1,test,0,Low Calorie
dish_1550710715,bread,31.0,82.274,1.302,13.113,4.185,1,1,test,0,Low Calorie
dish_1551303476,"shrimp, white rice, bean(seed)",181.0,224.75,0.738,32.79,20.697,3,3,train,1,Medium Calorie
dish_1550776767,bacon,15.0,81.15,6.3,0.21,5.55,1,1,train,0,Low Calorie
dish_1550712524,nuts,36.0,218.52,19.44,7.56,7.2,1,1,train,1,Medium Calorie
dish_1562958629,"chicken salad, chickpeas, artichokes, olives",172.0,208.97,10.575,18.125999999999998,13.015,4,4,train,1,Medium Calorie
dish_1558725253,broccoli,97.0,33.95,0.388,6.79,2.328,1,1,train,0,Low Calorie
dish_1565036821,"soy sauce, salt, vinegar, olive oil, beef, white rice, orange juice, chili, green onions, broccoli, garlic, kale, cheese pizza, onions",133.999999,325.53991504,14.517972288,25.940330898,21.035995126000003,14,14,test,2,High Calorie
dish_1551141628,noodles,46.0,63.48,0.966,11.5,2.07,1,1,train,0,Low Calorie
dish_1551123986,tomatoes,47.0,15.98,0.329,3.196,0.329,1,1,train,0,Low Calorie
dish_1551235983,chicken,118.0,194.7,4.248,0.0,36.58,1,1,train,1,Medium Calorie
dish_1550788827,fish,40.0,36.0,5.2,0.0,7.36,1,1,test,0,Low Calorie
dish_1551563627,"tofu, white rice, lemon",106.0,76.49,2.208,11.687999999999999,4.4959999999999996,3,3,train,0,Low Calorie
dish_1550862840,pineapple,33.0,16.5,0.033,4.29,0.165,1,1,train,0,Low Calorie
dish_1558628921,carrot,60.0,24.6,0.12,6.0,0.54,1,1,test,0,Low Calorie
dish_1558032156,bacon,26.0,140.66,10.92,0.364,9.62,1,1,train,1,Medium Calorie
dish_1560444892,"honeydew melons, pineapple",90.0,39.54,0.09,10.14,0.45,2,2,train,0,Low Calorie
dish_1561062320,"wine, shallots, cranberries, mushroom, spinach (raw), jalapenos, cream, thyme, lemon juice, sour cream, parsley, white rice, salmon, cilantro, ginger, beef, pasta, brown rice, arugula, mustard greens, olive oil, apple, bulgur, lime, salt, onions, chili, garlic",202.000001,307.868372791,11.824564585000001,28.927616872,20.039279759,28,28,test,2,High Calorie
dish_1560798960,"cauliflower, croutons, sunflower seeds, garlic, onions, tofu, parmesan cheese, spinach (raw), caesar dressing, olive oil, mustard, kale, lemon juice, broccoli, carrot, salt, mixed greens, pears, cherry tomatoes, squash, vinegar, cranberries, cheese pizza, raisins",428.999997,493.720845934,22.374949597,53.315128187,24.172989781000002,24,24,train,2,High Calorie
dish_1561662814,"olive oil, salt, lemon juice, onions, parsley, mixed greens, apple, millet, vinegar",20.000001,23.243505464000002,1.8750440469999998,1.529342017,0.35008892399999997,9,9,train,0,Low Calorie
dish_1551303866,"brussels sprouts, bacon, potato chips",89.0,171.98000000000002,10.475999999999999,13.698,7.598000000000001,3,3,train,1,Medium Calorie
dish_1560366438,"asparagus, salt, mustard, eggplant, pepper, blueberries, arugula, vinegar, chard, olive oil, walnuts",136.000001,71.933229705,4.986071918,6.105719474,2.580099632,11,11,train,0,Low Calorie
dish_1551565379,ham,28.0,40.6,1.68,0.42,5.88,1,1,train,0,Low Calorie
dish_1565987201,"cucumbers, spinach (raw), parmesan cheese, caesar dressing, chicken, olives",522.0,560.659,27.593,16.017,63.876,6,6,test,2,High Calorie
dish_1563393148,"broccoli, squash, zucchini",118.00000800000001,27.73000188,0.432666696,5.1526670160000005,1.730666784,3,3,train,0,Low Calorie
dish_1562699570,brown rice,22.0,24.42,0.198,5.06,0.572,1,1,train,0,Low Calorie
dish_1550862580,banana,37.0,32.93,0.111,8.51,0.407,1,1,train,0,Low Calorie
dish_1566931140,"cauliflower, avocado",199.0,126.7,8.976,12.23,3.6959999999999997,2,2,train,1,Medium Calorie
dish_1560360112,"berries, scrambled eggs, sausage",248.0,401.494,27.991,13.674,23.033,3,3,test,2,High Calorie
dish_1566501473,"olives, carrot, lemon juice, almonds, cherry tomatoes, onions, tuna",371.0,413.942,14.89,18.319,52.967999999999996,7,7,train,2,High Calorie
dish_1551141710,fish,61.0,54.9,7.93,0.0,11.224,1,1,train,0,Low Calorie
dish_1551567573,"olives, sausage, ham",8094.0,9485.816,875.5409999999999,506.079,87.785,3,3,train,2,High Calorie
dish_1551236949,brussels sprouts,102.0,43.86,0.306,9.18,3.468,1,1,train,0,Low Calorie
dish_1560368738,"olive oil, mustard, salt, lettuce, pumpkin seeds, mixed greens, carrot, asparagus, eggplant, arugula, vinegar",225.000002,174.248901815,13.00578822,13.162039261,4.3924784,11,11,train,1,Medium Calorie
dish_1550705370,beef,49.0,122.5,7.35,0.0,12.74,1,1,train,1,Medium Calorie
dish_1558549413,almonds,118.0,682.158,58.41,26.786,26.432,1,1,train,2,High Calorie
dish_1558544870,"eggs, berries",170.0,198.355,11.016,10.616000000000001,13.344,2,2,train,1,Medium Calorie
dish_1550705535,cauliflower,75.0,18.75,0.225,3.75,1.35,1,1,train,0,Low Calorie
dish_1562170163,pineapple,107.0,53.5,0.107,13.91,0.535,1,1,train,0,Low Calorie
dish_1562611522,cheese pizza,50.0,132.95,4.7,16.75,5.6,1,1,train,1,Medium Calorie
dish_1561574368,caesar salad,50.0,22.0,1.05,2.15,1.6,1,1,train,0,Low Calorie
dish_1562614158,"apple, white rice, vinegar, lemon juice, cranberries, olive oil, kale, pineapple, jalapenos, spinach (raw), steak, mustard, onions, salt, cilantro, garlic, broccoli",301.000004,453.931626352,30.739629959,14.829064014,31.996742096,17,17,train,2,High Calorie
dish_1551568240,"lemon, oatmeal, berries",270.0,128.26,1.6900000000000002,30.05,3.742,3,3,test,1,Medium Calorie
dish_1551486158,olives,36.0,41.4,3.852,2.268,0.288,1,1,train,0,Low Calorie
dish_1562785369,"bulgur, salt, mustard greens, vinegar, lemon juice, basil, apple, cherry tomatoes, broccoli, shallots, olive oil, cranberries, parsley, pork, brown rice, arugula, onions, pepper, garlic",232.000003,440.57784637400005,27.266017989,17.102180046,31.905462001,19,19,train,2,High Calorie
dish_1563479568,"goat cheese, apple, salt, lemon juice, brussels sprouts, olive oil, mustard greens, arugula, pepper, figs",81.99999799999999,83.67355767,5.109735131,8.616773944,2.32900709,10,10,train,0,Low Calorie
dish_1562871731,bok choy,131.0,17.03,0.262,2.882,1.965,1,1,test,0,Low Calorie
dish_1562007789,"garlic, caesar salad, shallots, brussels sprouts, thyme, olive oil, lemon juice, parsley, pepper, arugula, salt, quinoa",321.999996,302.954897411,6.650677427,49.535137545,12.643239787999999,12,12,train,2,High Calorie
dish_1567537352,"cucumbers, bell peppers, lettuce, cherry tomatoes, vinaigrette, olives, feta cheese, onions",73.000003,50.792468773,4.293021309,2.561212852,1.209936207,8,8,test,0,Low Calorie
dish_1550788264,apple,153.0,79.56,0.306,21.42,0.459,1,1,train,0,Low Calorie
dish_1563824279,"onions, olives",79.0,58.599999999999994,3.895,6.138,0.7609999999999999,2,2,test,0,Low Calorie
dish_1551224138,bell peppers,55.0,22.0,0.11,4.95,1.1,1,1,train,0,Low Calorie
dish_1567007751,"berries, cantaloupe",87.0,39.93,0.21900000000000003,9.66,0.651,2,2,train,0,Low Calorie
dish_1568400935,mixed greens,42.0,11.76,0.168,2.226,0.924,1,1,test,0,Low Calorie
dish_1558635994,grapes,136.0,93.84,0.272,24.48,0.952,1,1,train,1,Medium Calorie
dish_1551136683,bacon,13.0,70.33,5.46,0.182,4.81,1,1,train,0,Low Calorie
dish_1551313822,lemon,63.0,18.27,0.189,5.67,0.693,1,1,test,0,Low Calorie
dish_1551491452,asparagus,27.0,5.508,0.027,1.053,0.594,1,1,test,0,Low Calorie
dish_1562611853,"salt, broccoli, chickpeas, parsley, mustard greens, olive oil, arugula, vinegar, pepper",242.999998,267.214017008,15.790092599,25.897769026,9.070109417,9,9,train,2,High Calorie
dish_1566592456,caesar salad,126.0,55.44,2.646,5.418,4.032,1,1,train,0,Low Calorie
dish_1558720427,"cantaloupe, cauliflower, apple, corn on the cob",358.0,204.97,2.7760000000000002,47.36,5.024,4,4,train,1,Medium Calorie
dish_1562874250,"garlic, lime, fish, arugula, green beans, corn, carrot, chive, salt, nopales, parsley, sour cream, olive oil, jicama, pepper",393.000001,394.439966142,42.485678437,17.784487997,43.569809125,15,15,train,2,High Calorie
dish_1559844683,"broccoli, potatoes, grapes",198.0,132.95999999999998,0.372,31.369999999999997,3.0309999999999997,3,3,train,1,Medium Calorie
dish_1563305354,"salt, broccoli, onions, olive oil, orange juice, chili, beef, green onions, white rice, vinegar, kale, soy sauce, garlic, carrot, pepper",208.000005,340.07356877999996,18.281033953,12.095402316,29.667708271000002,15,15,test,2,High Calorie
dish_1561739805,"raspberries, broccoli, berries, sweet potato, scrambled eggs, cantaloupe, vinaigrette, mixed greens, blackberries, granola",1101.999997,696.363542791,23.340096497999998,101.256128324,29.098999869999997,10,10,train,2,High Calorie
dish_1558641954,cherry tomatoes,102.0,18.36,0.204,3.978,0.918,1,1,train,0,Low Calorie
dish_1564588688,sausage,43.0,148.178,11.739,1.806,8.299,1,1,train,1,Medium Calorie
dish_1551374560,"broccoli, cantaloupe, banana",194.0,96.05000000000001,0.52,23.23,2.338,3,3,train,1,Medium Calorie
dish_1550712805,nuts,48.0,291.36,25.92,10.08,9.6,1,1,train,2,High Calorie
dish_1563205953,"yam, sweet potato, egg whites, pineapple, chicken apple sausage",298.0,218.7695,3.85,30.852,14.951999999999998,5,5,train,1,Medium Calorie
dish_1551233210,"ham, mushroom, noodles",105.0,131.18,3.357,14.752,10.469,3,3,train,1,Medium Calorie
dish_1567526738,egg whites,433.0,225.16,0.866,3.031,43.3,1,1,test,1,Medium Calorie
dish_1568048018,"turkey bacon, olive oil, scrambled eggs, broccoli",287.000002,496.80002157,36.139097156000005,8.26309773,34.610804936,4,4,train,2,High Calorie
dish_1551563429,"sausage, carrot, olives",125.0,317.88599999999997,25.141,6.766,16.000999999999998,3,3,train,2,High Calorie
dish_1558373159,"sausage, deprecated, almonds",334.0,1013.337,79.118,30.505000000000003,60.625,3,3,train,2,High Calorie
dish_1561739930,sweet potato,79.0,60.04,0.0,14.22,0.79,1,1,train,0,Low Calorie
dish_1551375366,shrimp,40.0,39.6,0.12,0.08,9.6,1,1,test,0,Low Calorie
dish_1565898489,olives,40.0,46.0,4.28,2.52,0.32,1,1,train,0,Low Calorie
dish_1560369146,"cherry tomatoes, shallots, lemon juice, basil, onions, brown rice, pepper, radishes, garlic, honeydew melons, olive oil, vinegar, mustard, spinach (raw), parsley, blueberries, pork, asparagus, salt, broccoli",358.999997,474.832974887,28.112360189,16.167394647,39.061407079,20,20,train,2,High Calorie
dish_1562783691,"mixed greens, grilled chicken",423.0,421.68600000000004,23.877000000000002,14.463000000000001,40.518,2,2,train,2,High Calorie
dish_1559590099,asparagus,39.0,7.956,0.039,1.521,0.858,1,1,test,0,Low Calorie
dish_1565023128,"mixed greens, granola, blackberries, vinaigrette, raspberries",31.999999000000003,41.59483639,2.229677284,4.924902971,1.023999958,5,5,train,0,Low Calorie
dish_1559158354,broccoli,60.0,21.0,0.24,4.2,1.44,1,1,test,0,Low Calorie
dish_1562183151,"olive oil, blueberries, pepper, vinegar, arugula, walnuts, salt, almonds, mushroom, green beans, spinach (raw), carrot, mustard, parsley, chard",195.000001,108.392403532,6.9450245960000005,9.697036825,4.906251475,15,15,train,1,Medium Calorie
dish_1562094730,"mixed greens, parsley, squash, chicken thighs, green beans, mushroom, vinegar, eggplant, spinach (cooked), garlic, shallots, cherry tomatoes, wine, lemon juice, cucumbers, olive oil, quinoa, carrot, salt",336.00001199999997,428.19448665699997,24.716470904999998,11.798436616,39.125518922,19,19,train,2,High Calorie
dish_1562007842,"caesar salad, garlic, pepper, arugula, quinoa, brussels sprouts, pork, thyme, parsley, lemon juice, couscous, shallots, carrot, jalapenos, mayonnaise, wheat berry, olive oil, cabbage, salt",433.999995,492.281356962,15.187502278,61.395573208,27.796634081,19,19,train,2,High Calorie
dish_1567525637,"bell peppers, garlic, salt, mustard, cucumbers, olive oil, vinegar, radishes",80.999998,153.264755254,15.801380902,3.07701812,0.798218168,8,8,test,1,Medium Calorie
dish_1550769483,bacon,21.0,113.61,8.82,0.294,7.77,1,1,train,1,Medium Calorie
dish_1568143362,"shallots, steak, vinegar, tatsoi, onions, mustard, cucumbers, lemon juice, spinach (raw), broccoli, salt, cilantro, garlic, olive oil, pizza, parsley, jalapenos, brown rice, sun dried tomatoes",323.000003,553.5117863410001,30.759685945,43.656171479,27.970974135000002,19,19,train,2,High Calorie
dish_1561580431,"rosemary, basil, spinach (raw), vinegar, cheese, chicken, pepper, beef, shallots, spinach (cooked), onions, cream, wheat berry, white wine, caesar salad, garlic, pesto, lemon juice, butter, mushroom, arugula, millet, cherry tomatoes, pasta, salt, thyme, olive oil, oregano, bok choy",196.999998,258.003439933,10.666274319,18.090306806,22.401731592,29,29,train,1,Medium Calorie
dish_1551566687,oatmeal,63.0,42.84,0.882,7.56,1.512,1,1,test,0,Low Calorie
dish_1560442226,berries,147.0,83.79,0.441,20.58,1.029,1,1,train,0,Low Calorie
dish_1551379524,cantaloupe,68.0,23.12,0.136,5.44,0.544,1,1,train,0,Low Calorie
dish_1551381990,asparagus,3324.0,678.096,3.324,129.636,73.128,1,1,train,2,High Calorie
dish_1557862738,steak,118.0,319.78,22.42,0.0,29.5,1,1,train,2,High Calorie
dish_1551389506,corn,62.0,59.52,0.93,13.02,2.108,1,1,train,0,Low Calorie
dish_1550712681,mixed greens,36.0,10.08,0.144,1.908,0.792,1,1,train,0,Low Calorie
dish_1563909919,"green beans, olive oil",51.000002,26.68575062,1.3247250019999999,3.48075014,0.895050036,2,2,train,0,Low Calorie
dish_1564168695,pepperoni,78.0,385.008,34.164,0.0,18.018,1,1,train,2,High Calorie
dish_1551381103,"tortilla, mushroom, cheese",102.0,217.88,8.707,27.549,9.472000000000001,3,3,train,1,Medium Calorie
dish_1551237046,"beef, brussels sprouts, chicken",246.0,312.91,9.708,9.18,46.258,3,3,train,2,High Calorie
dish_1551225948,carrot,15.0,6.15,0.03,1.5,0.135,1,1,train,0,Low Calorie
dish_1560360102,"berries, scrambled eggs, sausage",248.0,401.494,27.991,13.674,23.033,3,3,test,2,High Calorie
dish_1558381742,olives,68.0,78.2,7.276,4.284,0.544,1,1,train,0,Low Calorie
dish_1550791644,apple,113.0,58.76,0.226,15.82,0.339,1,1,train,0,Low Calorie
dish_1564690167,"millet, pepper, spinach (raw), arugula, steak, lentils, vinegar, olive oil, lemon juice, salt, garlic, chickpeas, bell peppers, green beans, ketchup, onions, parsley, pears",207.0,251.781391812,10.885319262,25.878614003,15.266026055,18,18,train,1,Medium Calorie
dish_1559844479,"mandarin oranges, grapes",133.0,83.45,0.318,21.34,0.9829999999999999,2,2,train,0,Low Calorie
dish_1551376575,"broccoli, white rice, nuts",147.0,315.34000000000003,20.365000000000002,27.02,10.205,3,3,train,2,High Calorie
dish_1560444948,"cucumbers, watermelon, pineapple, scrambled eggs, radishes, salt, garlic, honeydew melons, olive oil, bell peppers, mustard, vinegar",231.000002,171.316884074,10.029442228999999,17.637624454,4.611490965,12,12,train,1,Medium Calorie
dish_1561060787,"brussels sprouts, olive oil, pepper, salt",91.000003,46.46484813,1.164307559,8.069450493,3.046765186,4,4,train,0,Low Calorie
dish_1566331801,"tomatoes, salt, bell peppers, olive oil, onions, garlic, spinach (raw), jalapenos, chicken, millet, pepper",203.000003,296.99099299,10.436333300000001,11.249237,37.746069866,11,11,train,2,High Calorie
dish_1558463429,grapes,61.0,42.09,0.122,10.98,0.427,1,1,train,0,Low Calorie
dish_1550863381,"orange, apple, banana",219.0,173.88,0.582,45.09,2.1029999999999998,3,3,test,1,Medium Calorie
dish_1551565495,"ham, broccoli, orange",115.0,76.09,1.902,8.61,7.338,3,3,train,0,Low Calorie
dish_1560367952,"fish, spinach (raw), pizza, onions, country rice, olive oil, salt, garlic, green onions",221.0,414.7331484492,21.073912123,45.956911928000004,24.9389022128,9,9,train,2,High Calorie
dish_1563475953,"garlic, wine, pasta, spinach (raw), cream, sour cream, cauliflower, shallots, salmon, pineapple, ginger, jalapenos, brown rice, beef, mushroom, thyme, salt, olive oil, lemon juice, onions, lime, cilantro, chili, honeydew melons",453.000001,427.446977624,15.452142535,37.594400286,34.205318999999996,24,24,test,2,High Calorie
dish_1562698209,"millet, shallots, olive oil, onions, vinegar, beef, salt, bok choy, spinach (cooked)",135.000005,284.13312672,16.311676803999998,4.006618021,27.579001943,9,9,train,2,High Calorie
dish_1561576026,"vinegar, parmesan cheese, millet, bok choy, olives, roasted potatoes, beef, cheese pizza, salt, shallots, spinach (cooked), olive oil, onions",156.000002,330.45618316,17.754189381,22.053611418,19.918733638,13,13,train,2,High Calorie
dish_1564073677,"scrambled eggs, olive oil, sweet potato",92.000002,108.96780896,5.668293,9.77170762,4.50731709,3,3,test,1,Medium Calorie
dish_1562788010,"salt, caesar salad, eggplant, olive oil, cantaloupe",181.999998,67.64352548,1.84523488,11.571823460000001,2.9795293999999997,5,5,test,0,Low Calorie
dish_1565109606,"olive oil, sweet potato",94.00000399999999,89.96488167999999,2.292683,16.50731778,0.91707321,2,2,test,1,Medium Calorie
dish_1563216739,"olive oil, wheat berry, spinach (raw), cherry tomatoes, chicken breast, parmesan cheese, squash, honeydew melons, broccoli, garlic, salt, brown rice, thyme",419.999995,343.688014692,6.428515563,36.524781319999995,35.356712187999996,13,13,train,2,High Calorie
dish_1561575661,"olive oil, blueberries, onions, shallots, salt, walnuts, spinach (cooked), beef, vinegar, chard, mustard, bok choy, millet, pepper, arugula",228.000005,418.952426814,27.301855913,7.507637047,33.957540545,15,15,train,2,High Calorie
dish_1568401302,"fried rice, salt, squash, carrot, avocado, olive oil, tuna salad",560.999996,716.4793532450001,28.946722579,69.86496656199999,44.677961737000004,7,7,test,2,High Calorie
dish_1563378029,"yam, sweet potato, egg whites, olive oil",289.999997,230.285095036,5.357057072,20.656301064,21.454716935999997,4,4,train,1,Medium Calorie
dish_1551228582,fish,36.0,32.4,4.68,0.0,6.624,1,1,train,0,Low Calorie
dish_1562702853,"spinach (cooked), olive oil, feta cheese, vinegar, cherry tomatoes, millet, bok choy, vinaigrette, beef, shallots, lettuce, bell peppers, olives, salt, onions, cucumbers",169.00000599999998,272.567332578,16.760698507,5.334673144,23.449672984,16,16,train,2,High Calorie
dish_1560888930,"wheat berry, arugula, white rice, chicken, celery root, mustard, onions, olive oil, vinegar, spinach (raw), shallots, garlic, roasted potatoes, cranberries, salt, parsley, lemon juice, thyme",150.999999,224.931189771,7.06603307,17.505604709,21.537918293,18,18,train,1,Medium Calorie
dish_1568056046,"olives, carrot, cherry tomatoes, onions",189.0,88.08,3.694,13.921,1.7570000000000001,4,4,train,1,Medium Calorie
dish_1565032748,"beef, arugula, orange juice, mustard, onions, broccoli, salt, green onions, strawberries, garlic, white rice, vinegar, squash, olive oil, chili, kale, figs, soy sauce",435.000003,544.310456124,36.203649441,28.482353118,26.841992702,18,18,test,2,High Calorie
dish_1558639089,grapes,28.0,19.32,0.056,5.04,0.196,1,1,train,0,Low Calorie
dish_1550859694,berries,59.0,33.63,0.177,8.26,0.413,1,1,train,0,Low Calorie
dish_1565627751,"sweet potato, olive oil",72.000002,68.90927336,1.756098,12.64390272,0.70243904,2,2,train,0,Low Calorie
dish_1551390051,"white rice, asparagus, tofu",157.0,122.332,4.005,15.127,8.314,3,3,train,1,Medium Calorie
dish_1563221495,"garlic, salt, olive oil, wheat berry, thyme, parmesan cheese, spinach (raw), pepperoni pizza, chicken breast, cherry tomatoes",163.999994,365.269886509,13.375453307,29.243367309,31.254429896,10,10,train,2,High Calorie
dish_1562861174,"olive oil, mustard, cucumbers, salt, garlic, bell peppers, egg whites, bacon, radishes, vinegar",273.999999,401.79787328300006,26.503938710999996,3.740394056,33.422727304,10,10,train,2,High Calorie
dish_1567628099,"salt, chard, olive oil, mustard greens, lemon juice, cranberries, shallots, parsley, arugula, garlic, kale, apple, bulgur",132.000001,127.49301967400001,7.445891049,13.796238029,3.849013164,13,13,test,1,Medium Calorie
dish_1565984345,"garlic, thyme, onions, kale, salt, cauliflower, white rice, pepper, eggs, mushroom, cream, ground turkey, olive oil, celery, chive, carrot",353.000002,210.357937397,9.083898494,20.663085067,14.688021351,16,16,train,1,Medium Calorie
dish_1559842326,"almonds, mandarin oranges",106.0,334.48299999999995,26.394,18.921,12.296,2,2,train,2,High Calorie
dish_1558630288,garden salad,11.0,7.106,0.374,0.352,0.671,1,1,train,0,Low Calorie
dish_1565021104,"waffles, tofu, egg whites",197.0,291.309,13.953,25.590999999999998,16.747,3,3,test,2,High Calorie
dish_1551492534,mushroom,29.0,6.38,0.087,0.957,0.899,1,1,train,0,Low Calorie
dish_1563389042,"salt, carrot, olive oil, pepper",62.0,30.47817796,0.7335331620000001,6.1156906929999995,0.55085644,4,4,train,0,Low Calorie
dish_1561997933,"roasted potatoes, chicken apple sausage",107.0,159.8,8.780000000000001,12.21,7.84,2,2,train,1,Medium Calorie
dish_1567785165,"mixed greens, blackberries, raspberries, sausage, vinaigrette, granola",115.999999,273.112485297,19.671967932,11.474290281,12.88899996,6,6,train,2,High Calorie
dish_1551375848,nuts,37.0,224.59,19.98,7.77,7.4,1,1,train,1,Medium Calorie
dish_1556575558,"celery, olives, brussels sprouts",154.0,103.3,6.882000000000001,10.618,2.8680000000000003,3,3,test,1,Medium Calorie
dish_1565023157,"raspberries, vinaigrette, mixed greens, granola, blackberries, scrambled eggs",259.999999,379.03483639,27.309677284,8.572902971,23.823999958,6,6,train,2,High Calorie
dish_1551122662,"potatoes, oatmeal, brussels sprouts",225.0,138.81,1.525,27.61,5.944,3,3,train,1,Medium Calorie
dish_1562872223,"chicken, garlic, rosemary, wheat berry, squash, olive oil, thyme, pepper, spinach (raw), mushroom, bok choy, parsley, basil, salt, lemon juice, zucchini",468.000003,306.86274842899996,8.376755275,10.477844449000001,47.902870201999995,16,16,train,2,High Calorie
dish_1551567604,"ham, sausage, olives",8094.0,9485.816,875.5409999999999,506.079,87.785,3,3,test,2,High Calorie
dish_1564083459,grilled chicken,96.0,217.152,14.304,0.096,21.696,1,1,train,1,Medium Calorie
dish_1551378719,"asparagus, cantaloupe, brussels sprouts",154.0,55.629999999999995,0.352,12.295,2.976,3,3,test,0,Low Calorie
dish_1558026756,"honeydew melons, cantaloupe, bacon",178.0,183.86,10.305,13.485999999999999,9.863000000000001,3,3,test,1,Medium Calorie
dish_1562615153,"goat cheese, thyme, garlic, parsley, lemon juice, jalapenos, vinegar, white rice, apple, radishes, salt, cilantro, chicken thighs, arugula, onions, olive oil, mustard greens, steak, kale, squash, brown rice, basil, pineapple, figs",286.000005,468.20243851600003,29.068731773000003,15.152088308,36.833269117,24,24,train,2,High Calorie
dish_1563307575,"orange juice, onions, garlic, soy sauce, green onions, salt, carrot, white rice, pepper, quinoa, beef, spinach (raw), vinegar, rosemary, olive oil, lemon juice, kale, broccoli, chili",419.00001,671.08211813,38.148247747,25.061546415000002,53.939719413,19,19,train,2,High Calorie
dish_1558637865,corn on the cob,67.0,71.087,1.608,14.74,2.077,1,1,train,0,Low Calorie
dish_1561752535,"cilantro, garlic, chili, salt, tortilla, onions, tomatoes, olive oil, chicken thighs, squash, caesar salad, turnips, cheese",307.000002,358.002011471,18.121077037,21.717423171,28.101456405,13,13,train,2,High Calorie
dish_1562173247,chilaquiles,149.0,290.55,17.88,17.88,13.261,1,1,train,2,High Calorie
dish_1563997327,"carrot, salt, mustard, parsley, almonds, olive oil, blueberries, spinach (raw), vinegar",119.999998,157.878061924,14.366602404,6.455922296,3.164271713,9,9,train,1,Medium Calorie
dish_1551303912,bean(seed),50.0,70.0,0.3,12.0,4.5,1,1,train,0,Low Calorie
dish_1566934120,"bok choy, salt, pepper, olive oil, thyme, arugula, brown rice, salmon, cauliflower",316.000011,183.99369840999998,10.426614863,9.686486492,14.597676918000001,9,9,train,1,Medium Calorie
dish_1550706945,potatoes,118.0,90.86,0.118,20.06,2.36,1,1,test,1,Medium Calorie
dish_1551236827,"orange, mushroom, beef",176.0,231.53,11.709000000000001,9.27,21.570999999999998,3,3,train,1,Medium Calorie
dish_1563910639,"garlic, lime, chili, salt, onions, lemon juice, olive oil, cilantro, brown rice, spinach (raw), jalapenos, ginger, salmon, shallots",446.99998300000004,697.289171006,29.137266071,20.529983861999998,80.965353991,14,14,train,2,High Calorie
dish_1565119418,cheese pizza,122.0,324.398,11.468,40.87,13.664,1,1,train,2,High Calorie
dish_1559244649,"pepper, chive, olive oil, mustard greens, walnuts, basil, rosemary, garlic, brown rice, arugula, blueberries, chicken, chickpeas, lemon juice, vinegar, parsley, mustard, chard, cookies, salt",455.000003,906.761041169,40.265181217999995,51.688858988,83.275084977,20,20,train,2,High Calorie
dish_1563897338,cantaloupe,88.0,29.92,0.176,7.04,0.704,1,1,test,0,Low Calorie
dish_1562603626,"sweet potato, bacon, olive oil, pineapple, berries",209.000001,201.75951532,7.385732,28.67526842,6.57129269,5,5,train,1,Medium Calorie
dish_1561578623,"olive oil, onions, salt, millet, shallots, spinach (cooked), roasted potatoes, bok choy, beef, cauliflower, vinegar",208.00000100000003,208.51483905,10.29777045,13.109112257,15.945778595,11,11,test,1,Medium Calorie
dish_1565021640,"egg whites, olive oil, sweet potato",500.000004,304.58146744,3.283805,20.698195820000002,40.79512199,3,3,train,2,High Calorie
dish_1560442258,"bacon, berries",185.0,289.37,16.401,21.112,15.089,2,2,test,2,High Calorie
dish_1563998513,"chicken, pepper, cookies, brown rice, arugula, vinegar, oregano, tatsoi, olive oil, basil, cilantro, white wine, salt, roasted potatoes, garlic, shallots, cauliflower, mushroom, steak, jalapenos, cream, wheat berry, thyme, butter, rosemary, lemon juice, parsley",599.000008,757.505114629,38.736303429,51.552531357,54.239520222,27,27,train,2,High Calorie
dish_1564171935,"salmon, salt, thyme, olive oil, wheat berry, arugula, brown rice, pepper",308.999999,476.33754225,21.417842197,28.962876839000003,40.716435512000004,8,8,train,2,High Calorie
dish_1566835603,"olive oil, sweet potato",66.0,63.16682848,1.609756,11.59024392,0.64390244,2,2,test,0,Low Calorie
dish_1565724087,"cranberries, lemon juice, onions, salt, garlic, chicken, arugula, wheat berry, thyme, olive oil, mustard, parsley, shallots, celery root, vinegar, spinach (raw)",159.999997,230.61494084499998,12.252845619,4.755567764,25.147103217999998,16,16,train,1,Medium Calorie
dish_1562602918,"chia seeds, milk, greek yogurt, sweet potato, strawberries, watermelon, egg whites",416.999997,265.62228657,5.792155264000001,34.749251220000005,19.44621308,7,7,train,2,High Calorie
dish_1551227050,"fish, tortilla, bell peppers",200.0,196.18,16.852999999999998,18.18,25.248,3,3,train,1,Medium Calorie
dish_1551307325,scrambled eggs,72.0,106.56,7.92,1.152,7.2,1,1,train,1,Medium Calorie
dish_1550792595,potatoes,72.0,55.44,0.072,12.24,1.44,1,1,test,0,Low Calorie
dish_1559589873,mushroom,54.0,11.88,0.162,1.782,1.674,1,1,train,0,Low Calorie
dish_1564168739,"pepperoni, sandwiches",164.0,585.302,45.344,15.394,27.478,2,2,test,2,High Calorie
dish_1551304854,oatmeal,134.0,91.12,1.876,16.08,3.216,1,1,train,1,Medium Calorie
dish_1564432094,pepperoni pizza,63.0,177.66,7.56,20.16,7.56,1,1,test,1,Medium Calorie
dish_1558544663,oatmeal,208.0,141.44,2.912,24.96,4.992,1,1,train,1,Medium Calorie
dish_1562950057,"scrambled eggs, roasted potatoes",223.0,320.1,18.566000000000003,26.855999999999998,11.082,2,2,train,2,High Calorie
dish_1551225793,"mushroom, tortilla, apple",118.0,105.32,1.0979999999999999,23.455,2.821,3,3,train,1,Medium Calorie
dish_1564169958,"chili, tomatoes, cilantro, olive oil, parsley, cucumbers, tortilla, onions, squash, chicken thighs, cheese, pepper, garlic, tatsoi, kale, lemon juice, zucchini, broccoli, salt",563.000002,787.776492706,37.704698496000006,46.740985503999994,67.093163614,19,19,train,2,High Calorie
dish_1551379605,"cantaloupe, cheese, banana",174.0,230.14,12.226,22.008000000000003,10.314,3,3,train,1,Medium Calorie
dish_1551142128,pineapple,87.0,43.5,0.087,11.31,0.435,1,1,train,0,Low Calorie
dish_1562007904,"shallots, arugula, pepper, quinoa, mayonnaise, couscous, brussels sprouts, pork, wheat berry, thyme, lemon juice, caesar salad, salt, garlic, carrot, cherry tomatoes, jalapenos, olive oil, parsley, cabbage, olives",488.999995,525.461356962,17.817502278,64.116573208,28.267634081,21,21,train,2,High Calorie
dish_1562086067,"yam, berries",209.0,178.178,0.5389999999999999,42.812,2.255,2,2,train,1,Medium Calorie
dish_1560887408,pizza,122.0,324.52,11.834,40.26,13.42,1,1,train,2,High Calorie
dish_1561663068,"lime, lettuce, mixed greens, olive oil, onions, cucumbers, vinegar, pepper, salt, cheese pizza, cherry tomatoes",168.0,332.89278041999995,15.890169313,35.715988366999994,12.027848396,11,11,train,2,High Calorie
dish_1565808975,"cherry tomatoes, onions",130.0,35.72,0.204,7.926,1.282,2,2,train,0,Low Calorie
dish_1562170356,"turkey bacon, pineapple, watermelon, roasted potatoes, berries",432.0,385.334,14.285000000000002,55.53,12.788,5,5,train,2,High Calorie
dish_1563391989,"bell peppers, broccoli, tomatoes, onions, squash, chicken thighs, pepper, fish, arugula, chili, garlic, cabbage, cilantro, salt, hominy, lemon juice, zucchini, olive oil, parsley, jalapenos, tomatillo, quinoa, lime",463.999997,462.847505566,34.812221527,15.968175039,56.331488683,23,23,train,2,High Calorie
dish_1566934152,"pepper, bok choy, quinoa, brown rice, mushroom, arugula, thyme, olive oil, chicken thighs, lemon juice, spinach (cooked), shallots, cauliflower, eggplant, squash, wine, garlic, salt, salmon",396.000014,305.065247927,15.832462063,11.562178675,29.805677494999998,19,19,train,2,High Calorie
dish_1568056019,"olives, cherry tomatoes, onions",131.0,64.3,3.578,8.121,1.2349999999999999,3,3,train,0,Low Calorie
dish_1558378553,almonds,68.0,393.108,33.66,15.436,15.232,1,1,train,2,High Calorie
dish_1560543682,roasted potatoes,86.0,121.26,5.848,15.48,1.806,1,1,train,1,Medium Calorie
dish_1562963517,"fish, vinegar, mustard, lemon juice, salt, garlic, cilantro, jalapenos, pepper, quinoa, tomatillo, arugula, olive oil, onions, mixed greens, lettuce, carrot, pumpkin seeds",510.999981,552.648402725,58.622597991,22.397163527,58.309627181,18,18,train,2,High Calorie
dish_1566851222,"pepper, cabbage, vinegar, mayonnaise, shallots, onions, cucumbers, olive oil, garlic, pizza, carrot, salt, quinoa, jalapenos, wheat berry, pork, parsley, spinach (raw), lemon juice, arugula, mustard, thyme, sun dried tomatoes",375.00000800000004,550.827437315,24.320635103,53.793691186000004,29.527210479,23,23,train,2,High Calorie
dish_1566333194,"bok choy, bell peppers, jalapenos, spinach (raw), onions, garlic, tomatoes, cheese pizza, salt, shallots, pepper, beef, vinegar, olive oil, spinach (cooked), chicken, millet",219.999997,461.58527261,18.614202432000003,36.067129048,35.169743108,17,17,train,2,High Calorie
dish_1562702813,"cucumbers, feta cheese, onions, olives, vinaigrette, cherry tomatoes, lettuce, bell peppers",59.0,41.051442918,3.469701726,2.070021226,0.977893586,8,8,train,0,Low Calorie
dish_1558550127,almonds,22.0,127.182,10.89,4.994,4.928,1,1,train,1,Medium Calorie
dish_1559239753,"carrot, salt, pepper, olive oil",53.999999,26.54551221,0.638884042,5.326569196,0.479778181,4,4,test,0,Low Calorie
dish_1550777319,cantaloupe,75.0,25.5,0.15,6.0,0.6,1,1,train,0,Low Calorie
dish_1551376892,kiwi,65.0,39.65,0.325,9.75,0.715,1,1,train,0,Low Calorie
dish_1561492161,"blueberries, vinegar, spinach (raw), radishes, garlic, salt, olive oil, mustard",43.000001,48.309689418000005,4.490370876,1.816069722,0.868981003,8,8,train,0,Low Calorie
dish_1558628515,berries,56.0,31.92,0.168,7.84,0.392,1,1,test,0,Low Calorie
dish_1561752563,"cheese, turnips, caesar salad, pepper, tatsoi, onions, cucumbers, kale, chili, lemon juice, garlic, parsley, squash, chicken thighs, olive oil, tortilla, salt, cilantro, tomatoes",367.000002,373.507942308,18.297713564,24.707658147,29.359069412000004,19,19,test,2,High Calorie
dish_1562691064,"berries, fried rice, olive oil, pineapple, scrambled eggs, roasted potatoes, broccoli",501.0,555.30370711,23.931829244,64.77282927,21.989341464,7,7,test,2,High Calorie
dish_1559233715,sweet potato,110.0,83.6,0.0,19.8,1.1,1,1,train,0,Low Calorie
dish_1550790347,carrot,43.0,17.63,0.086,4.3,0.387,1,1,train,0,Low Calorie
dish_1551491020,tofu,41.0,29.93,1.968,0.779,3.28,1,1,train,0,Low Calorie
dish_1562777000,scrambled eggs,132.0,195.36,14.52,2.112,13.2,1,1,train,1,Medium Calorie
dish_1551566922,tofu,33.0,24.09,1.584,0.627,2.64,1,1,train,0,Low Calorie
dish_1566328724,chicken,167.0,275.55,6.012,0.0,51.77,1,1,test,2,High Calorie
dish_1563220109,"pepperoni pizza, salt, olive oil, squash, broccoli",173.999996,184.73595712999997,7.39859951,22.408951780000002,8.01872253,5,5,train,1,Medium Calorie
dish_1562096542,"parsley, salt, mixed greens, garlic, artichokes, olive oil, beets, green beans, vinegar",50.0,38.089603628999996,2.763935487,3.123377621,0.9420132920000001,9,9,train,0,Low Calorie
dish_1562860073,"scrambled eggs, bacon, berries",259.0,357.81,21.688,20.958,20.002000000000002,3,3,train,2,High Calorie
dish_1562963612,"pizza, caesar salad",156.0,184.07999999999998,7.228,21.632,9.048,2,2,train,1,Medium Calorie
dish_1550710402,cauliflower,75.0,18.75,0.225,3.75,1.35,1,1,train,0,Low Calorie
dish_1562961588,pizza,67.0,178.22,6.499,22.11,7.37,1,1,train,1,Medium Calorie
dish_1563823860,"pepper, garlic, lemon juice, kale, parsley, tatsoi, olive oil, cucumbers, turnips, salt",263.000003,71.586659645,1.444279644,13.146437004,4.3184955590000005,10,10,train,0,Low Calorie
dish_1558725786,corn on the cob,107.0,113.527,2.568,23.54,3.317,1,1,train,1,Medium Calorie
dish_1551236775,"beef, mushroom, orange",176.0,231.53,11.709000000000001,9.27,21.570999999999998,3,3,test,1,Medium Calorie
dish_1565640601,"parsley, rosemary, jalapenos, chicken breast, parmesan cheese, cilantro, lime, zucchini, lemon juice, garlic, mustard greens, thyme, arugula, spinach (raw), mangos, cherry tomatoes, asparagus, white rice, wheat berry, tomatoes, salt, pork, onions, cucumbers, olive oil",333.000001,411.151844496,18.675560995,13.240898753,46.487824702000005,25,25,train,2,High Calorie
dish_1551564255,"oatmeal, tofu, kiwi",155.0,104.50999999999999,3.572,14.605,6.1240000000000006,3,3,train,1,Medium Calorie
dish_1550876892,"tomatoes, avocado, cheese",66.0,108.94,8.67,3.971,4.84,3,3,train,1,Medium Calorie
dish_1565107171,"sweet potato, scrambled eggs, olive oil, egg whites, watermelon, grapes",724.000005,501.88463972,13.378049,44.09195208,46.59221955999999,6,6,train,2,High Calorie
dish_1563913627,"olive oil, figs, salt, cheese pizza, cucumbers, mustard, cherry tomatoes, chard, spinach (raw), vinegar",108.999999,230.333146362,10.015250526,26.731913611000003,8.362398912,10,10,train,1,Medium Calorie
dish_1561753275,"arugula, brown rice, squash, olive oil, cucumbers, lemon juice, parsley, garlic, pineapple, salmon, pepper, tatsoi, thyme, kale, salt",397.000001,330.03439322900005,13.775390705,22.346630322,29.201100203,15,15,train,2,High Calorie
dish_1558640418,carrot,35.0,14.35,0.07,3.5,0.315,1,1,train,0,Low Calorie
dish_1561576978,"shallots, walnuts, oregano, chicken, arugula, olive oil, mustard, mushroom, rosemary, eggplant, chard, wheat berry, cream, white wine, beef, salt, spinach (cooked), thyme, garlic, basil, lemon juice, onions, vinegar, blueberries, bok choy, millet, pepper, butter",341.000008,511.614213709,25.017786934,11.015145682,58.580045709000004,28,28,test,2,High Calorie
dish_1550875968,cantaloupe,41.0,13.94,0.082,3.28,0.328,1,1,train,0,Low Calorie
dish_1551139831,avocado,84.0,134.4,12.6,7.56,1.68,1,1,train,1,Medium Calorie
dish_1563479655,"lime, cilantro, thyme, olive oil, jalapenos, cauliflower, beef, pepper, salt, broccoli, wine, brussels sprouts, sour cream, brown rice, ginger, spinach (raw), mushroom, figs, garlic, arugula, cream, apple, salmon, pasta, goat cheese, chili, shallots, mustard greens, lemon juice, onions",282.000002,321.230644727,15.110437834999999,22.40450671,24.518608477,30,30,train,2,High Calorie
dish_1564170071,onions,35.0,14.0,0.035,3.15,0.385,1,1,train,0,Low Calorie
dish_1559844113,"strawberries, pears, mandarin oranges, almonds",356.0,312.95500000000004,12.968,49.254999999999995,7.3709999999999996,4,4,test,2,High Calorie
dish_1561667430,"soy sauce, white rice, sugar, salt, pork, pepper, bok choy, garlic",166.00000500000002,342.21356877000005,15.668182279000002,18.326161661,30.282521927999998,8,8,train,2,High Calorie
dish_1560799647,"garlic, spinach (raw), squash, pork, mustard, pizza, parsley, salt, rosemary, white rice, apple, arugula, vinegar, olive oil, cranberries, zucchini, onions",473.999992,723.409950741,39.668945312,39.587592477,50.00764451199999,17,17,test,2,High Calorie
dish_1568313575,"mushroom, mixed greens, avocado",112.0,57.940000000000005,3.6189999999999998,5.93,2.789,3,3,train,0,Low Calorie
dish_1551377177,"mushroom, shrimp, orange",149.0,91.80000000000001,0.289,10.209,13.540000000000001,3,3,train,1,Medium Calorie
dish_1559842047,"broccoli, pears, mandarin oranges",285.0,153.69,0.487,39.53,1.992,3,3,train,1,Medium Calorie
dish_1550771387,"broccoli, bacon, scrambled eggs",142.0,203.57,14.122,5.374,13.841999999999999,3,3,train,1,Medium Calorie
dish_1562790321,"salt, pepper, walnuts, olive oil, pizza, chard, mustard, vinegar, arugula, grilled chicken, eggplant, blueberries",354.00000400000005,767.469775454,53.016031465,39.829523581,37.471912911,12,12,train,2,High Calorie
dish_1559845767,"pears, mandarin oranges, potatoes",375.0,236.232,0.481,58.012,3.6479999999999997,3,3,train,1,Medium Calorie
dish_1565032680,"figs, arugula, vinegar, strawberries, salt, olive oil, mustard",207.999997,280.281763689,21.615925447,20.304914712,4.1092055059999995,7,7,train,2,High Calorie
dish_1561134128,"berries, watermelon",141.0,58.5,0.34199999999999997,14.556000000000001,0.9059999999999999,2,2,train,0,Low Calorie
dish_1560889032,"salt, thyme, carrot, garlic, olive oil, parsley, lemon juice, spinach (raw), chicken, wheat berry, pepper, shallots",207.999993,246.868234899,7.012972959,10.744461018,34.232983258,12,12,train,1,Medium Calorie
dish_1566501352,"cherry tomatoes, onions, olives, carrot",170.0,75.53,3.04,12.261,1.564,4,4,train,0,Low Calorie
dish_1558550218,"almonds, grapes, apple",206.0,230.002,11.258000000000001,32.434,5.648,3,3,test,1,Medium Calorie
dish_1560975572,"caesar salad, wheat berry, broccoli",159.0,96.99000000000001,2.158,16.068,5.584,3,3,train,1,Medium Calorie
dish_1551373813,"banana, cheese, orange",189.0,239.39,10.893,28.936,9.589,3,3,test,1,Medium Calorie
dish_1562959190,"fish, pepper, blueberries, chard, mustard, olive oil, garlic, raspberries, roasted potatoes, carrot, quinoa, tomatillo, almonds, lemon juice, jalapenos, pizza, arugula, onions, artichokes, parsnips, cilantro, salt, vinegar",377.999991,518.801158084,31.284949652999998,53.022331453,26.722987698,23,23,train,2,High Calorie
dish_1566328776,"chicken, cherry tomatoes, pizza",436.0,901.81,28.685,78.294,77.724,3,3,train,2,High Calorie
dish_1563303350,"chicken, carrot, spinach (raw), parsley, wheat berry, thyme, olive oil, lemon juice, pepper, salt, shallots, garlic",166.999997,202.221405958,5.756976485999999,8.355267392,28.384159208,12,12,train,1,Medium Calorie
dish_1563222830,"broccoli, white rice, wheat berry, spinach (raw), zucchini, onions, arugula, garlic, salt, chicken breast, cherry tomatoes, pork, pepperoni pizza, parmesan cheese, parsley, rosemary, thyme, olive oil",210.999998,325.068086316,11.864418967999999,22.478292667999998,31.888044329,18,18,train,2,High Calorie
dish_1560802764,"garlic, cherry tomatoes, chicken breast, wheat berry, thyme, kale, bulgur, chickpeas, salt, pepper, spinach (raw), parmesan cheese, squash, olive oil, parsley, lemon juice",98.99999700000001,111.832201362,3.25063548,3.44356921,16.393690572,16,16,train,1,Medium Calorie
dish_1561666849,"mixed greens, lime, cheese pizza, lettuce, cucumbers, onions, olive oil, corn on the cob, vinegar, pepper, cherry tomatoes, salt, caesar salad",298.000001,347.59456601,15.21386043,47.585871733,11.506332358,13,13,test,2,High Calorie
dish_1563305913,"croutons, apple, mushroom, vinegar, spinach (raw), parmesan cheese, mustard, onions, cranberries, caesar dressing, olive oil, kale, salt",106.999998,89.652503154,7.107996894999999,5.045908371,3.077450241,13,13,test,1,Medium Calorie
dish_1562963006,"cilantro, tomatillo, quinoa, fish, arugula, pepper, salt, onions, lemon juice, olive oil, jalapenos, garlic",246.999992,259.097266026,28.683896673,9.891858578999999,32.221640222,12,12,train,1,Medium Calorie
dish_1550795361,potatoes,71.0,54.67,0.071,12.07,1.42,1,1,test,0,Low Calorie
dish_1563219035,"white rice, garlic, celery, arugula, pepperoni pizza, rosemary, pork, onions, parsley, olive oil, zucchini, salt, olives",220.999999,410.20966918,21.875058699999997,20.186844184999998,32.027080262,13,13,test,2,High Calorie
dish_1560541760,"vinegar, chard, ginger, garlic, white rice, mustard, olive oil, spinach (raw), blueberries, green beans, arugula, pepper, cauliflower, chicken, broccoli, salt, walnuts, green onions, soy sauce",372.000006,465.583755108,16.740324498,13.392922492999999,63.606737509999995,19,19,test,2,High Calorie
dish_1551566208,olives,28.0,32.2,2.996,1.764,0.224,1,1,train,0,Low Calorie
dish_1562603598,"berries, bacon, sweet potato, olive oil",156.000001,175.25951532,7.332732,21.78526842,6.30629269,4,4,test,1,Medium Calorie
dish_1551124116,"scrambled eggs, oatmeal, tomatoes",168.0,143.06,7.399,11.892,7.489,3,3,train,1,Medium Calorie
dish_1551233180,ham,36.0,52.2,2.16,0.54,7.56,1,1,train,0,Low Calorie
dish_1551566887,olives,33.0,37.95,3.531,2.079,0.264,1,1,train,0,Low Calorie
dish_1551381921,"corn, asparagus, tortilla",97.0,135.752,1.875,28.467,4.26,3,3,train,1,Medium Calorie
dish_1561753623,"olive oil, thyme, squash, salt, salmon, pepper, arugula, brown rice",148.99999599999998,159.310808285,7.950614194,5.452059356,15.115461180999999,8,8,train,1,Medium Calorie
dish_1566316681,"sweet potato, olive oil",122.000001,116.76292956,2.97561,21.42439038,1.19024391,2,2,train,1,Medium Calorie
dish_1551314360,"pineapple, lemon, orange",139.0,59.96,0.221,16.12,1.065,3,3,train,0,Low Calorie
dish_1551313896,"lemon, kiwi, bean(seed)",190.0,132.07999999999998,0.8700000000000001,28.86,5.724,3,3,test,1,Medium Calorie
dish_1562702132,"fish, cucumbers, olive oil, parsley, arugula, squash, lentils, corn, cherry tomatoes, chive, salt, garlic, mixed greens, artichokes, carrot, snow peas, vinegar, cauliflower, pepper",359.000003,245.38591486800001,21.956064518999998,15.755671764999999,23.436351543,19,19,train,1,Medium Calorie
dish_1567106693,"cherry tomatoes, onions, chicken, bell peppers, carrot",417.0,359.1600000000001,6.5249999999999995,18.302,55.37,5,5,test,2,High Calorie
dish_1564687090,"fish, millet, white rice, ketchup, steak, spinach (raw), jalapenos, onions, wheat berry, olive oil, bell peppers, cilantro, vinegar, kale, green beans, lime, shallots, salt",416.00000800000004,498.018684532,32.740066887,40.485526457999995,38.089460924,18,18,train,2,High Calorie
dish_1565725244,"parmesan cheese, cherry tomatoes, chicken, bell peppers, carrot, olives, onions, caesar dressing",590.0,573.546,19.377000000000002,28.073999999999998,72.007,8,8,train,2,High Calorie
dish_1563302447,"lettuce, shallots, salt, blue cheese, lemon juice, thyme, olive oil, wheat berry, chicken, walnuts, garlic, carrot, roasted potatoes, parsley, mustard, mushroom, vinegar, spinach (raw), pepper, mixed greens",439.999996,561.417038672,27.385806664999997,31.36201835,48.122874511999996,20,20,train,2,High Calorie
dish_1564686657,cheese pizza,105.0,279.195,9.87,35.175,11.76,1,1,train,2,High Calorie
dish_1561747075,"garlic, tomatoes, onions, salt, tortilla, chili, olive oil, chicken thighs, cilantro, cheese",301.0,646.588111068,32.647553448,31.982323096000002,55.61563352499999,10,10,train,2,High Calorie
dish_1566419635,"roasted potatoes, caesar salad, thyme, rosemary, cream, green beans, wheat berry, mushroom, oregano, arugula, pepper, shallots, garlic, cheese pizza, white wine, olive oil, butter, lemon juice, basil, chicken, salt",389.000004,605.871727438,22.414908849,50.755916356,49.41175157,21,21,train,2,High Calorie
dish_1558639630,corn on the cob,110.0,116.71,2.64,24.2,3.41,1,1,train,1,Medium Calorie
dish_1550873788,"chicken, cheese, avocado",203.0,418.82,21.198,3.078,52.36,3,3,train,2,High Calorie
dish_1558722068,almonds,31.0,179.211,15.345,7.037,6.944,1,1,train,1,Medium Calorie
dish_1565196260,egg whites,143.0,74.36,0.286,1.001,14.3,1,1,train,0,Low Calorie
dish_1561749857,"arugula, brown rice, cucumbers, salmon, cherry tomatoes, pepper, radishes, salt, broccoli, brussels sprouts, olive oil, thyme",447.000006,366.57925346,15.792133734,21.602933665,35.232507116,12,12,train,2,High Calorie
dish_1564761457,"fried rice, turkey bacon, egg whites",223.0,287.306,8.245000000000001,30.389,21.17,3,3,test,2,High Calorie
dish_1561405034,"mustard, soy sauce, salt, green onions, spinach (raw), parmesan cheese, green beans, croutons, vinegar, chicken, garlic, tomatoes, broccoli, cucumbers, kale, caesar dressing, olive oil, mustard greens, ginger, olives, white rice",153.0,178.278076942,10.282931669,7.617061666,14.915336836,21,21,train,1,Medium Calorie
dish_1562872150,mushroom,34.0,7.48,0.102,1.122,1.054,1,1,train,0,Low Calorie
dish_1560454539,"green beans, vinegar, wild rice, cherry tomatoes, parsley, carrot, salt, mixed greens, garlic, olive oil, cucumbers",119.000002,122.2740019,4.748725633,17.543843279,3.845490236,11,11,train,1,Medium Calorie
dish_1561578373,"cheese pizza, bell peppers, caesar salad, lettuce, cucumbers, onions, feta cheese, olives, cherry tomatoes, vinaigrette",131.999999,164.495847877,7.536765641,17.891659508,7.000702093,10,10,train,1,Medium Calorie
dish_1565894910,"pizza, cheese pizza, cookies",179.0,537.113,21.353,67.945,18.191000000000003,3,3,train,2,High Calorie
dish_1562873224,"fish, pepper, chive, corn, jicama, green beans, parsley, olive oil, garlic, lime, salt, bok choy, nopales, arugula, sour cream, carrot",436.000001,261.856601706,24.702572918,16.689786019,27.196227139,16,16,train,2,High Calorie
dish_1561654326,"vinaigrette, granola, blackberries, mixed greens, raspberries",45.999998,59.792576692000004,3.205161148,7.079547788,1.471999888,5,5,train,0,Low Calorie
dish_1566246415,mixed greens,40.0,11.2,0.16,2.12,0.88,1,1,train,0,Low Calorie
dish_1562963033,"lemon juice, onions, salt, cilantro, garlic, pepper, quinoa, fish, tomatillo, roasted potatoes, olive oil, arugula, jalapenos",315.999992,356.387266026,33.375896673,22.311858579,33.670640221999996,13,13,train,2,High Calorie
dish_1550873486,cheese,36.0,144.72,11.88,0.468,9.0,1,1,train,1,Medium Calorie
dish_1550796686,apple,60.0,31.2,0.12,8.4,0.18,1,1,train,0,Low Calorie
dish_1562613403,"vinegar, steak, squash, jalapenos, lemon juice, mustard greens, cilantro, pineapple, white rice, apple, kale, arugula, broccoli, olive oil, onions, goat cheese, garlic, salt, figs",315.000002,398.703379173,25.434468103,19.955114405,24.512462074000002,19,19,train,2,High Calorie
dish_1551389387,avocado,18.0,28.8,2.7,1.62,0.36,1,1,test,0,Low Calorie
dish_1551303644,potato chips,15.0,80.4,5.25,7.95,1.05,1,1,train,0,Low Calorie
dish_1551390758,tortilla,27.0,58.86,0.783,12.15,1.62,1,1,test,0,Low Calorie
dish_1551134053,scrambled eggs,87.0,128.76,9.57,1.392,8.7,1,1,test,1,Medium Calorie
dish_1551124322,mixed greens,14.0,3.92,0.056,0.742,0.308,1,1,train,0,Low Calorie
dish_1551306647,"bean(seed), cauliflower, mushroom",170.0,121.86,0.72,21.154,8.594,3,3,train,1,Medium Calorie
dish_1563391681,"fish, blueberries, vinegar, arugula, chard, onions, pecans, olive oil, garlic, cilantro, salt, quinoa, pepper, tomatillo, jalapenos, lemon juice, mustard",142.99999400000002,154.317149681,16.6642741,5.759965474,16.284446335,17,17,train,1,Medium Calorie
dish_1559934645,caesar salad,56.0,24.64,1.176,2.408,1.792,1,1,train,0,Low Calorie
dish_1563391708,"lemon juice, pecans, onions, blueberries, jalapenos, pepper, fish, tomatillo, garlic, cilantro, salt, mustard, pizza, olive oil, arugula, vinegar, chard, quinoa",204.99999400000002,319.237149681,22.6782741,26.219965474,23.104446335,18,18,train,2,High Calorie
dish_1562615324,"pineapple, garlic, roasted potatoes, onions, salt, lemon juice, kale, vinegar, jalapenos, steak, white rice, cilantro",136.000001,258.31596363799997,15.319679284,13.705864973999999,16.498250071999998,12,12,train,1,Medium Calorie
dish_1550795423,bell peppers,42.0,16.8,0.084,3.78,0.84,1,1,train,0,Low Calorie
dish_1565974375,bacon,85.0,459.85,35.7,1.19,31.45,1,1,train,2,High Calorie
dish_1563304261,"kale, croutons, caesar dressing, parmesan cheese",36.999998999999995,30.210910702,1.1810609109999999,3.1017451819999997,2.293849015,4,4,train,0,Low Calorie
dish_1560368506,"brown rice, fish, shallots, honeydew melons, broccoli, lemon juice, parsley, pork, vinegar, cherry tomatoes, pepper, garlic, salt, country rice, basil, olive oil, onions, green onions",377.999997,462.9337581096,31.259739783,22.38239972,44.5846403794,18,18,test,2,High Calorie
dish_1563823894,"cucumbers, olive oil, turnips, tatsoi, parsley, salt, steak, wheat berry, pepper, lime, cauliflower, garlic, lemon juice, kale",400.000003,368.341011365,20.783807437,18.219274900000002,30.525043732,14,14,train,2,High Calorie
dish_1563378660,"cream cheese, bagels",124.00000600000001,334.800016,9.920000415,49.972002505,11.556800567,2,2,test,2,High Calorie
dish_1558629644,mixed greens,15.0,4.2,0.06,0.795,0.33,1,1,test,0,Low Calorie
dish_1550874640,potatoes,46.0,35.42,0.046,7.82,0.92,1,1,train,0,Low Calorie
dish_1550861124,"berries, pineapple, banana",343.0,237.37,0.945,60.2,2.877,3,3,train,1,Medium Calorie
dish_1559675178,"carrot, cherry tomatoes, brussels sprouts",100.0,28.97,0.23099999999999998,6.335,1.675,3,3,train,0,Low Calorie
dish_1550789814,white rice,82.0,106.6,0.246,22.96,2.214,1,1,train,1,Medium Calorie
dish_1562611620,"pineapple, white rice, jalapenos, steak, pepperoni pizza, vinegar, onions, lemon juice, kale, garlic, cilantro, salt",76.0,199.84532131600002,9.791893092999999,17.088621678,11.093416687,12,12,train,1,Medium Calorie
dish_1563205927,"egg whites, yam, sweet potato, chicken apple sausage",181.0,160.2695,3.733,15.642,14.367,4,4,train,1,Medium Calorie
dish_1562775510,"olive oil, egg whites, salt, sweet potato, pepper, brussels sprouts",190.000002,114.21711911,0.733756037,16.423387693000002,10.06664215,6,6,train,1,Medium Calorie
dish_1563378406,"olive oil, biscuits, yam, bacon, sweet potato",188.999998,556.263958784,26.568377167999998,66.957678816,12.408113184,5,5,test,2,High Calorie
dish_1562872914,"jicama, sour cream, fish, arugula, pepper, corn, lime, garlic, carrot, chive, parsley, nopales, olive oil, salt",123.999997,135.399677666,15.276353088,5.087450328,15.873216788,14,14,train,1,Medium Calorie
dish_1566331914,"almonds, spinach (raw), arugula, pepper, salt, chicken, fried rice, garlic, raspberries, onions, brussels sprouts, blueberries, vinegar, chard, jalapenos, millet, bell peppers, carrot, tomatoes, mustard, olive oil",481.000004,589.5016129640001,24.885231132,47.358671649,46.926688832,21,21,train,2,High Calorie
dish_1551236550,"cheese, ham, bread",179.0,445.798,14.123999999999999,48.341,29.99,3,3,train,2,High Calorie
dish_1562096401,"chicken thighs, lemon juice, mushroom, wine, green beans, quinoa, salt, garlic, spinach (cooked), shallots, olive oil, cucumbers, eggplant, squash",352.0,366.863695961,15.268941766000001,11.065384985,44.562499356000004,14,14,test,2,High Calorie
dish_1561578344,"onions, cucumbers, cheese pizza, lettuce, olives, bell peppers, vinaigrette, cherry tomatoes, feta cheese",85.999999,144.255847877,6.570765641,15.913659507999999,5.528702093000001,9,9,train,1,Medium Calorie
dish_1563566810,"mustard, olive oil, cucumbers, cherry tomatoes, figs, salt, vinegar, wild rice, olives, wheat berry, chard, spinach (raw)",330.999998,392.292115762,18.451835324,51.255371767,9.994014197,12,12,train,2,High Calorie
dish_1562085672,bread,46.0,122.084,1.932,19.458,6.21,1,1,train,1,Medium Calorie
dish_1565724196,"olive oil, broccoli",82.0,45.68,2.32,5.6,1.92,2,2,train,0,Low Calorie
dish_1565808998,"cherry tomatoes, onions, bell peppers",228.0,74.92,0.4,16.746000000000002,3.242,3,3,test,0,Low Calorie
dish_1551564480,"carrot, orange, olives",140.0,102.80000000000001,6.094,13.248,1.204,3,3,train,1,Medium Calorie
dish_1561148042,"raspberries, ground turkey, cream, green beans, celery, chard, garlic, zucchini, almonds, olive oil, carrot, thyme, kale, salt, white rice, eggs, blueberries, mustard, arugula, vinegar, mushroom, onions, cheese pizza, chive",245.000004,370.755441095,19.977799965,25.641563998,22.726133249,24,24,train,2,High Calorie
dish_1566328831,"pizza, cherry tomatoes, chicken, pineapple, olives",500.0,941.61,30.020999999999997,85.81,78.08,5,5,train,2,High Calorie
dish_1562873495,"caesar salad, cheese pizza",152.0,140.107,5.601,16.172,7.504,2,2,train,1,Medium Calorie
dish_1562614895,broccoli,148.0,51.8,0.592,10.36,3.552,1,1,test,0,Low Calorie
dish_1558461692,almonds,40.0,231.24,19.8,9.08,8.96,1,1,train,1,Medium Calorie
dish_1551222311,"tortilla, cucumbers, carrot",138.0,155.82,1.929,32.47,4.608,3,3,train,1,Medium Calorie
dish_1565035715,onions,39.0,15.6,0.039,3.51,0.429,1,1,train,0,Low Calorie
dish_1566590056,"tomatoes, pepper, millet, vinegar, tofu, jalapenos, mustard, olive oil, bell peppers, cherry tomatoes, chicken, chard, spinach (raw), pizza, cucumbers, onions, garlic, salt, figs",519.000007,815.647605126,34.712163356,63.927056971,62.926948327999995,19,19,train,2,High Calorie
dish_1568313487,mixed greens,49.0,13.72,0.196,2.597,1.078,1,1,train,0,Low Calorie
dish_1568143612,"caesar dressing, croutons, kale, cheese pizza, parmesan cheese, broccoli",165.999999,200.725428883,7.0314073740000005,24.69296912,11.097661925999999,6,6,train,1,Medium Calorie
dish_1563217736,broccoli,67.0,23.45,0.268,4.69,1.608,1,1,train,0,Low Calorie
dish_1566590007,"bell peppers, garlic, tomatoes, salt, onions, olive oil, pizza, pepper, tofu, jalapenos, spinach (raw), chicken, millet",457.000006,740.76196529,29.233101244,57.95099230299999,61.79824747399999,13,13,test,2,High Calorie
dish_1558723847,almonds,96.0,554.976,47.52,21.792,21.504,1,1,test,2,High Calorie
dish_1558635400,cauliflower,100.0,25.0,0.3,5.0,1.8,1,1,train,0,Low Calorie
dish_1566844850,"cabbage, pepper, wheat berry, pork, mayonnaise, jalapenos, pepperoni pizza, parsley, olive oil, lemon juice, garlic, caesar salad, carrot, salt",344.999995,491.23510227599996,25.456135570999997,30.581730496000002,35.92812244,14,14,train,2,High Calorie
dish_1550706037,"potatoes, nuts, beef",194.0,549.02,39.81300000000001,29.04,24.34,3,3,train,2,High Calorie
dish_1560367733,"vinegar, cherry tomatoes, white rice, croutons, garlic, broccoli, lemon juice, olive oil, pork, brown rice, pepper, potatoes, shallots, onions, basil, parsley, salt",387.999998,661.441202042,26.763104045000002,54.923660298,46.178320204,17,17,train,2,High Calorie
dish_1568666032,"tomatoes, pepper, millet, spinach (raw), kale, bell peppers, caesar salad, tatsoi, cheese pizza, chicken, olive oil, jalapenos, cucumbers, lemon juice, parsley, onions, garlic, salt",220.0,243.584187879,9.011759581,26.88666167,14.889454761000001,18,18,train,1,Medium Calorie
dish_1565021054,"tofu, waffles",144.0,263.749,13.847,25.22,11.447,2,2,train,2,High Calorie
dish_1560357267,scrambled eggs,383.0,566.84,42.13,6.128,38.3,1,1,train,2,High Calorie
dish_1557937335,yam,38.0,47.158,0.076,11.172,0.608,1,1,train,0,Low Calorie
dish_1561575327,"olive oil, onions, roasted potatoes, bell peppers, salt, spinach (cooked), shallots, bok choy, millet, beef, vinegar",289.000003,453.68002643,23.747949439000003,25.363404276,32.591890956,11,11,train,2,High Calorie
dish_1551566130,"sausage, pineapple, orange",206.0,360.95799999999997,24.142,18.606,17.746000000000002,3,3,train,2,High Calorie
dish_1564686702,"cheese pizza, olives",130.0,307.945,12.544999999999998,36.75,11.959999999999999,2,2,test,2,High Calorie
dish_1550710917,bell peppers,40.0,16.0,0.08,3.6,0.8,1,1,train,0,Low Calorie
dish_1563827132,"cheese pizza, broccoli, squash, caesar salad, zucchini, pineapple",302.000002,240.02000047,8.043666674,32.756666754,11.456666696,6,6,train,1,Medium Calorie
dish_1551374463,broccoli,39.0,13.65,0.156,2.73,0.936,1,1,train,0,Low Calorie
dish_1567024252,"quinoa, wine, chicken thighs, cauliflower, lemon juice, garlic, shallots, spinach (cooked), roasted potatoes, cheese pizza, chayote squash, squash, eggplant, zucchini, mushroom, olive oil, salt, greek salad",453.999999,512.015824404,25.921191988,49.058384649,22.621999978999998,18,18,train,2,High Calorie
dish_1563309353,"wheat berry, olive oil, spinach (raw), cherry tomatoes, chicken, olives, parsley, bell peppers, garlic, shallots, lettuce, salt, lemon juice, thyme",528.999994,625.23681228,20.067882758000003,15.838592413999999,92.568943632,14,14,train,2,High Calorie
dish_1561752481,"tortilla, tomatoes, cheese, garlic, squash, cilantro, chili, salt, onions, chicken thighs, olive oil",169.0,297.979575588,14.982955498,15.411837682,25.069846632,11,11,train,2,High Calorie
dish_1565725009,olives,44.0,50.6,4.708,2.772,0.352,1,1,train,0,Low Calorie
dish_1558459994,grapes,37.0,25.53,0.074,6.66,0.259,1,1,train,0,Low Calorie
dish_1551233610,"tortilla, cauliflower, apple",156.0,95.15,0.9229999999999999,21.65,2.673,3,3,train,1,Medium Calorie
dish_1564428144,"garlic, shallots, parsley, salt, mustard, pecans, thyme, olive oil, blueberries, arugula, vinegar, chard, lemon juice, quinoa",170.999998,205.212925143,14.074488897999998,16.70004427,5.111410363999999,14,14,train,1,Medium Calorie
dish_1551567230,"lemon, nuts, asparagus",110.0,244.298,20.165,13.472999999999999,8.39,3,3,test,1,Medium Calorie
dish_1561654707,scrambled eggs,135.0,199.8,14.85,2.16,13.5,1,1,train,1,Medium Calorie
dish_1550876969,"tomatoes, avocado, cheese",66.0,108.94,8.67,3.971,4.84,3,3,train,1,Medium Calorie
dish_1562096512,"beets, vinegar, mixed greens, salt, artichokes, garlic, parsley, olive oil",25.0,30.339603629,2.738935487,1.373377621,0.49201329200000005,8,8,test,0,Low Calorie
dish_1564518488,"garlic, spinach (cooked), cheese pizza, shallots, lemon juice, wine, chicken thighs, squash, eggplant, mushroom, olive oil, quinoa, salt",117.000001,248.094680791,9.544519054,22.059538309,17.399500138,13,13,train,1,Medium Calorie
dish_1565118029,"chicken breast, cheese pizza, cherry tomatoes, bell peppers, tuna",453.0,595.14,12.828000000000001,34.517,81.49199999999999,5,5,train,2,High Calorie
dish_1558635618,"corn on the cob, apple, white rice, cauliflower",334.0,220.254,2.439,49.7,5.606,4,4,train,1,Medium Calorie
dish_1566934430,"chive, fish, pepper, garlic, onions, bell peppers, lime, artichokes, arugula, olive oil, parsley, snow peas, cookies, white beans, salt, cheese pizza",360.999997,519.54286475,43.782820946,37.582495413000004,49.058042803,16,16,test,2,High Calorie
dish_1551233150,noodles,55.0,75.9,1.155,13.75,2.475,1,1,train,0,Low Calorie
dish_1565117934,"chicken breast, tuna",235.0,352.31600000000003,5.4,0.0,70.943,2,2,train,2,High Calorie
dish_1558114569,grapes,39.0,26.91,0.078,7.02,0.273,1,1,train,0,Low Calorie
dish_1559678146,"carrot, vinegar, olive oil, parsley, onions, mixed greens, garlic, bok choy, millet, beef, cherry tomatoes, shallots, eggplant, cucumbers, broccoli, salt, spinach (cooked)",284.000008,348.57664278299995,21.192873769,13.254405727,26.293562312,17,17,test,2,High Calorie
dish_1551377737,potato chips,18.0,96.48,6.3,9.54,1.26,1,1,train,1,Medium Calorie
dish_1551323433,bean(seed),24.0,33.6,0.144,5.76,2.16,1,1,test,0,Low Calorie
dish_1560441487,"berries, cantaloupe",88.0,41.42,0.22599999999999998,10.04,0.6539999999999999,2,2,train,0,Low Calorie
dish_1560874726,"berries, bacon, yam",145.0,177.492,4.96,28.462000000000003,5.566,3,3,test,1,Medium Calorie
dish_1563221519,"cherry tomatoes, chicken breast, pepperoni pizza, thyme, parmesan cheese, wheat berry, spinach (raw), olive oil, broccoli, salt, garlic",205.999994,379.969886509,13.543453307,32.183367309,32.262429896,11,11,test,2,High Calorie
dish_1562605315,scrambled eggs,147.0,217.56,16.17,2.352,14.7,1,1,train,1,Medium Calorie
dish_1565034635,"cherry tomatoes, vinegar, chard, blueberries, cucumbers, salt, lettuce, walnuts, lime, pepper, arugula, olive oil, mustard, onions, mixed greens",110.000004,124.089249511,11.765509739,4.257737979,2.1002041339999997,15,15,test,1,Medium Calorie
dish_1561752680,cheese pizza,175.0,465.325,16.45,58.625,19.6,1,1,train,2,High Calorie
dish_1550788591,"apple, fish, carrot",277.0,165.19,9.642,26.720000000000002,14.0,3,3,test,1,Medium Calorie
dish_1568665012,"garlic, salt, tomatoes, onions, brussels sprouts, jalapenos, spinach (raw), millet, chicken, bell peppers, cucumbers, mustard, olive oil, mustard greens, vinegar, pepper",268.00001199999997,327.420562591,15.353143510999999,15.197390391999999,32.789751116,16,16,train,2,High Calorie
dish_1551392701,"tofu, potato chips, mushroom",112.0,125.59,7.965,8.582,7.713,3,3,train,1,Medium Calorie
dish_1568143572,"kale, cheese pizza, parmesan cheese, caesar dressing, croutons",127.999999,187.425428883,6.879407374,22.03296912,10.185661926,5,5,test,1,Medium Calorie
dish_1568313676,"mixed greens, avocado, chicken, mushroom, onions",214.0,184.99,6.136,8.9,24.542,5,5,test,1,Medium Calorie
dish_1558460061,grapes,59.0,40.71,0.118,10.62,0.413,1,1,test,0,Low Calorie
dish_1550796731,cantaloupe,62.0,21.08,0.124,4.96,0.496,1,1,train,0,Low Calorie
dish_1558468401,avocado,47.0,75.2,7.05,4.23,0.94,1,1,train,0,Low Calorie
dish_1551377473,"banana, cheese, shrimp",130.0,210.04000000000002,9.546000000000001,8.548,23.464999999999996,3,3,train,1,Medium Calorie
dish_1566328805,"cherry tomatoes, pizza, chicken, pineapple",488.0,927.81,28.737,85.054,77.98400000000001,4,4,train,2,High Calorie
dish_1568320427,"olive oil, onions, cheese pizza, spinach (cooked), shallots, salt, bok choy, millet, beef, vinegar, quinoa, green beans",239.999997,450.76410099,19.028427166,40.59808983400001,27.65624229,12,12,train,2,High Calorie
dish_1563910676,"brown rice, ginger, radishes, mustard, shallots, lime, chili, olive oil, blueberries, vinegar, spinach (raw), garlic, cilantro, salmon, onions, salt, lemon juice, jalapenos",500.99998400000004,757.957150892,34.776336257,22.810629492,82.056632464,18,18,train,2,High Calorie
dish_1563550584,egg whites,145.0,75.4,0.29,1.015,14.5,1,1,train,0,Low Calorie
dish_1560798785,"cheese pizza, tofu, cauliflower, broccoli",310.0,379.65200000000004,14.434,44.388999999999996,20.94,4,4,train,2,High Calorie
dish_1565379377,"garlic, sugar, salt, soy sauce, caesar salad, carrot, white rice, bok choy, pepper, olive oil, pork",397.000002,470.0110401,20.932283413999997,32.930633592,38.2317491,11,11,train,2,High Calorie
dish_1565725188,"carrot, bell peppers, chicken, parmesan cheese, onions, cherry tomatoes, olives",521.0,543.117,17.928,25.107,69.799,7,7,train,2,High Calorie
dish_1551222188,carrot,22.0,9.02,0.044,2.2,0.198,1,1,train,0,Low Calorie
dish_1568144688,"vinegar, brown rice, garlic, mustard, lemon juice, tatsoi, jalapenos, spinach (raw), steak, sun dried tomatoes, cucumbers, cilantro, salt, shallots, broccoli, parsley, onions, olive oil",343.000001,504.84763756999996,36.118517841,18.626560986999998,30.566096741,18,18,train,2,High Calorie
dish_1563910530,"salmon, shallots, garlic, onions, cilantro, salt, olive oil, ginger, jalapenos, brown rice, spinach (raw), lime, lemon juice, chili",214.000004,333.82525985800004,13.94938561,9.828672609,38.761939017,14,14,train,2,High Calorie
dish_1565725123,"cherry tomatoes, olives, bell peppers, carrot, chicken",444.0,430.27,11.866,19.185,61.119,5,5,train,2,High Calorie
dish_1550705786,nuts,63.0,382.41,34.02,13.23,12.6,1,1,train,2,High Calorie
dish_1566413445,"chicken, avocado, spinach (raw), broccoli, olives",360.0,377.83,20.130000000000003,16.336000000000002,36.927,5,5,test,2,High Calorie
dish_1558637698,cauliflower,49.0,12.25,0.147,2.45,0.882,1,1,test,0,Low Calorie
dish_1563555605,"scrambled eggs, pineapple, roasted potatoes, bacon",403.0,537.81,31.371000000000002,39.622,24.804000000000002,4,4,train,2,High Calorie
dish_1559244598,cookies,51.0,250.92,12.75,33.15,2.601,1,1,test,1,Medium Calorie
dish_1561576954,"shallots, vinegar, mushroom, chard, blueberries, mustard, salt, basil, walnuts, lemon juice, white wine, chicken, pepper, cream, thyme, wheat berry, arugula, olive oil, eggplant, oregano, rosemary, butter, garlic",262.000005,345.34372141899996,15.472435698,8.670532131,42.441222556,23,23,train,2,High Calorie
dish_1551142589,"potatoes, pineapple, ham",218.0,189.93,4.170999999999999,23.195,15.785,3,3,test,1,Medium Calorie
dish_1567020417,"chive, wheat berry, chard, spinach (raw), garlic, parsley, olive oil, shallots, kale, fish, cherry tomatoes, pepper, chicken, lemon juice, thyme, brussels sprouts, broccoli, salt",348.0,313.761403578,16.694964622,18.330756805,36.040561948000004,18,18,train,2,High Calorie
dish_1551233573,apple,65.0,33.8,0.13,9.1,0.195,1,1,train,0,Low Calorie
dish_1561666794,"cheese pizza, caesar salad",97.0,138.097,5.176,16.727,6.544,2,2,train,1,Medium Calorie
dish_1551378449,"bean(seed), asparagus, banana",141.0,117.114,0.447,25.874,4.475,3,3,train,1,Medium Calorie
dish_1551229028,"noodles, bell peppers, carrot",82.0,61.39,0.715,12.19,2.178,3,3,test,0,Low Calorie
dish_1561665452,"chard, brown rice, vinegar, olive oil, basil, salt, millet, chive, carrot, apple, chicken, onions, corn on the cob, lemon juice, parsley, rosemary, garlic, mixed greens",431.000008,624.853983576,20.266371281,27.939386334,81.35412238,18,18,train,2,High Calorie
dish_1566488981,"cantaloupe, sweet potato, olive oil, egg whites",486.000004,279.32829591999996,2.8975609999999996,22.355439739999998,35.22702443,4,4,train,2,High Calorie
dish_1566317711,oatmeal,182.0,123.76,2.548,21.84,4.368,1,1,test,1,Medium Calorie
dish_1562010048,"jalapenos, cabbage, pork, wheat berry, pepper, salt, carrot, garlic, lemon juice, mayonnaise, parsley, olive oil",198.999993,407.132250849,24.372669070999997,5.682850494,38.990715965999996,12,12,test,2,High Calorie
dish_1560368944,"pork, basil, lemon juice, olive oil, garlic, shallots, salt, broccoli, cherry tomatoes, pepper, vinegar, parsley, onions, brown rice",66.000001,143.540401724,8.573034539,2.141220277,13.566440451,14,14,test,1,Medium Calorie
dish_1551237607,noodles,39.0,53.82,0.819,9.75,1.755,1,1,train,0,Low Calorie
dish_1551377674,berries,71.0,40.47,0.213,9.94,0.497,1,1,train,0,Low Calorie
dish_1562789328,"broccoli, tofu, corn on the cob, vinegar, lemon juice, shallots, salt, cherry tomatoes, pork, brown rice, onions, parsley, basil, caesar salad, olive oil, garlic, pepper, cheese pizza",502.999998,656.551600546,27.782552019999997,69.703830044,40.745660096,18,18,train,2,High Calorie
dish_1563393366,"garlic, arugula, quinoa, pepper, jalapenos, squash, lemon juice, broccoli, fish, tomatillo, olive oil, zucchini, onions, salt, cilantro",178.000004,89.854634314,7.2879528030000005,7.559166092,9.442000798,15,15,train,1,Medium Calorie
dish_1564160161,bagels,97.0,242.5,1.455,47.53,9.797,1,1,train,1,Medium Calorie
dish_1565207896,"apple, lemon juice, bulgur, salt, cranberries, olive oil, brussels sprouts, mustard greens, garlic, arugula, tofu, pepper, parsley, shallots",383.000001,298.380793477,18.035281882,18.665736579,24.572189086,14,14,train,2,High Calorie
dish_1560976044,wheat berry,137.0,124.67,0.685,26.167,5.754,1,1,train,1,Medium Calorie
dish_1560788338,yogurt,121.0,71.269,0.484,4.356,12.1,1,1,train,0,Low Calorie
dish_1564518586,"cucumbers, vinegar, zucchini, carrot, spinach (cooked), mixed greens, lettuce, quinoa, eggplant, wine, squash, mushroom, broccoli, lime, lemon juice, onions, olive oil, salt, cheese pizza, shallots, garlic, pepper, cherry tomatoes, chicken thighs",315.000004,361.413193621,17.16076786,32.758916508,19.963290499,24,24,train,2,High Calorie
dish_1565974409,"chicken apple sausage, bacon",228.0,688.6500000000001,50.0,5.48,51.47,2,2,train,2,High Calorie
dish_1561575688,"olive oil, chard, vinegar, millet, bok choy, shallots, salt, onions, blueberries, arugula, beef, pepper, walnuts, roasted potatoes, spinach (cooked), mustard",362.000005,607.892426814,36.413855913,31.627637047,36.771540545,16,16,train,2,High Calorie
dish_1551228876,carrot,17.0,6.97,0.034,1.7,0.153,1,1,train,0,Low Calorie
dish_1550710542,"tofu, tomatoes, cauliflower",202.0,88.06,3.861,9.103,7.130000000000001,3,3,test,1,Medium Calorie
dish_1568060697,"onions, avocado, mixed greens",161.0,133.88,9.879999999999999,12.233,3.018,3,3,train,1,Medium Calorie
dish_1558115364,"potatoes, deprecated, almonds, bacon",313.0,485.26,27.009,26.504,39.459999999999994,4,4,train,2,High Calorie
dish_1565810146,"lettuce, carrot, salt, pumpkin seeds, mustard, olive oil, vinegar, arugula, mixed greens",29.0,36.445539185,3.1069664230000003,1.86197064,0.7557485349999999,9,9,test,0,Low Calorie
dish_1557853154,strawberries,57.0,18.81,0.171,4.56,0.399,1,1,train,0,Low Calorie
dish_1563811662,"scrambled eggs, brussels sprouts, olive oil, pepper, salt, strawberries",254.000002,245.73374799,15.434496421,12.357815703,15.536932422,6,6,train,1,Medium Calorie
dish_1563478751,"cream, mushroom, spinach (raw), olive oil, pasta, beef, wine, garlic, sour cream, onions, thyme, salt",545.000009,950.3952087409999,45.303984777000004,54.133282952,74.772209558,12,12,train,2,High Calorie
dish_1565727851,"broccoli, parmesan cheese, chicken, olives, mixed greens",305.0,406.474,21.755000000000003,13.028,41.22,5,5,train,2,High Calorie
dish_1550791701,broccoli,66.0,23.1,0.264,4.62,1.584,1,1,train,0,Low Calorie
dish_1551323969,"brussels sprouts, shrimp, lemon",204.0,98.22,0.612,14.751999999999999,13.334999999999999,3,3,train,1,Medium Calorie
dish_1565021011,waffles,73.0,211.919,10.439,23.871,5.767,1,1,train,1,Medium Calorie
dish_1558720396,corn on the cob,90.0,95.49,2.16,19.8,2.79,1,1,train,1,Medium Calorie
dish_1561996836,"broccoli, egg whites, grapes, olive oil, chicken apple sausage",210.000002,178.88072868,7.2489264,13.322927,15.3351464,5,5,train,1,Medium Calorie
dish_1563468199,pineapple,107.0,53.5,0.107,13.91,0.535,1,1,train,0,Low Calorie
dish_1564691352,corn on the cob,71.0,75.331,1.704,15.62,2.201,1,1,train,0,Low Calorie
dish_1564773876,"cherry tomatoes, pepper, salmon, lentils, lemon juice, parsley, chive, broccoli, pickles, mayonnaise, kale, arugula, olive oil, salt, garlic, shallots",219.000003,258.327573614,15.969777074,9.881200105,18.995331355,16,16,train,1,Medium Calorie
dish_1560444724,"watermelon, honeydew melons",343.0,113.28,0.513,28.490000000000002,1.885,2,2,train,1,Medium Calorie
dish_1561148021,"garlic, mushroom, chard, chive, olive oil, onions, raspberries, mustard, salt, cheese pizza, kale, white rice, eggs, cream, vinegar, arugula, thyme, blueberries, almonds, zucchini, ground turkey, celery, carrot",216.000004,361.76544109499997,19.948799965,23.611563998,22.204133248999998,23,23,train,2,High Calorie
dish_1561739623,"broccoli, sweet potato",348.0,156.24,1.056,33.6,7.176,2,2,train,1,Medium Calorie
dish_1558463690,"grapes, cherry tomatoes, almonds",241.0,432.95399999999995,32.034,30.032,15.807,3,3,train,2,High Calorie
dish_1563479526,"salt, apple, arugula, lemon juice, mustard greens, goat cheese, olive oil, figs",50.999998999999995,67.8448744,4.713102956,5.867840404,1.29109812,8,8,train,0,Low Calorie
dish_1558030435,"honeydew melons, potatoes, bacon",221.0,246.94000000000003,11.115,24.954,11.915,3,3,test,1,Medium Calorie
dish_1564588719,"chilaquiles, sausage",81.0,222.278,16.299,6.366,11.681,2,2,train,1,Medium Calorie
dish_1562617939,"chickpeas, salt, mustard greens, olive oil, parsley, vinegar, arugula, pepper",133.000003,234.966114212,14.640826485,20.433864128,7.238797973,8,8,test,1,Medium Calorie
dish_1563811463,"olive oil, egg whites, sweet potato, cantaloupe",376.000003,220.58536636,2.699951,22.55704936,23.124780519999998,4,4,train,1,Medium Calorie
dish_1550711845,bell peppers,67.0,26.8,0.134,6.03,1.34,1,1,test,0,Low Calorie
dish_1562183125,"blueberries, arugula, mushroom, chard, vinegar, pepper, olive oil, spinach (raw), walnuts, carrot, salt, mustard, parsley, almonds",131.000001,88.552403532,6.8810245960000005,5.217036825,3.7542514750000002,14,14,train,1,Medium Calorie
dish_1551226409,brussels sprouts,57.0,24.51,0.171,5.13,1.938,1,1,train,0,Low Calorie
dish_1560369403,"shallots, asparagus, fish, white rice, brown rice, pork, cherry tomatoes, pepper, vinegar, country rice, parsley, olive oil, basil, lemon juice, salt, broccoli, onions, green onions, garlic",404.999988,411.9678025652,30.986551085999995,28.932996775,43.2598887508,19,19,train,2,High Calorie
dish_1563464651,"cream cheese, cucumbers, bagels",130.0,312.0,9.2,46.644999999999996,10.868,3,3,train,2,High Calorie
dish_1558381860,avocado,59.0,94.4,8.85,5.31,1.18,1,1,train,1,Medium Calorie
dish_1558462106,grapes,37.0,25.53,0.074,6.66,0.259,1,1,train,0,Low Calorie
dish_1551313782,kiwi,81.0,49.41,0.405,12.15,0.891,1,1,train,0,Low Calorie
dish_1562945879,"succotash, vinaigrette, cantaloupe, honeydew melons, granola, blackberries, mixed greens, raspberries, berries",234.0,174.425322247,3.118645224,34.353193358,5.939999962,9,9,test,1,Medium Calorie
dish_1566332040,spinach (raw),65.0,14.95,0.26,2.34,1.885,1,1,train,0,Low Calorie
dish_1563222775,"white rice, garlic, olive oil, parsley, zucchini, onions, rosemary, salt, pork, arugula, pepperoni pizza",75.0,190.58420647600002,8.823172355,16.359586269,11.272344791,11,11,train,1,Medium Calorie
dish_1563208459,"raspberries, yam, sweet potato, olive oil, chicken apple sausage",161.000001,186.485942178,8.039565756,22.543019172,6.941169828,5,5,train,1,Medium Calorie
dish_1551135179,bread,55.0,145.97,2.31,23.265,7.425,1,1,test,1,Medium Calorie
dish_1550770866,"cantaloupe, cucumbers, scrambled eggs",256.0,168.57999999999998,9.564,11.200000000000001,9.996,3,3,train,1,Medium Calorie
dish_1550874918,fish,62.0,55.8,8.06,0.0,11.408,1,1,train,0,Low Calorie
dish_1562184663,"chard, kale, lemon juice, shallots, bacon, fish, cherry tomatoes, garlic, chive, salt, olive oil, wheat berry, parsley, steak",271.000005,600.5404333,50.940566147,5.702526672,56.024379791,14,14,test,2,High Calorie
dish_1563389626,"salt, pepper, grilled chicken, carrot, olive oil, cherry tomatoes",360.000001,498.62001900999996,30.181793413999998,12.393456650000001,45.326939013,6,6,train,2,High Calorie
dish_1563898722,"broccoli, scrambled eggs",303.0,343.35,23.472,9.87,23.232,2,2,train,2,High Calorie
dish_1568315988,tofu,69.0,50.37,3.312,1.311,5.52,1,1,train,0,Low Calorie
dish_1551139874,"fish, bread, avocado",154.0,234.234,19.852,16.442999999999998,13.531,3,3,train,1,Medium Calorie
dish_1551233375,broccoli,55.0,19.25,0.22,3.85,1.32,1,1,train,0,Low Calorie
dish_1551142001,"scrambled eggs, mixed greens, cantaloupe",165.0,151.92,9.546,7.274,9.392,3,3,train,1,Medium Calorie
dish_1557862384,cauliflower,77.0,19.25,0.231,3.85,1.386,1,1,train,0,Low Calorie
dish_1551122614,brussels sprouts,78.0,33.54,0.234,7.02,2.652,1,1,train,0,Low Calorie
dish_1551378996,"asparagus, oatmeal, lemon",265.0,122.934,2.108,26.019,4.881,3,3,train,1,Medium Calorie
dish_1558723073,cherry tomatoes,90.0,16.2,0.18,3.51,0.81,1,1,train,0,Low Calorie
dish_1551567805,"asparagus, pineapple, olives",121.0,77.446,4.043,11.067,1.124,3,3,test,0,Low Calorie
dish_1551490962,olives,42.0,48.3,4.494,2.646,0.336,1,1,train,0,Low Calorie
dish_1551487117,orange,15.0,7.05,0.015,1.8,0.135,1,1,train,0,Low Calorie
dish_1550713174,"tomatoes, nuts, tofu",218.0,425.69000000000005,34.531,19.782,17.199,3,3,train,2,High Calorie
dish_1551135896,brussels sprouts,58.0,24.94,0.174,5.22,1.972,1,1,test,0,Low Calorie
dish_1563309189,olives,33.0,37.95,3.531,2.079,0.264,1,1,train,0,Low Calorie
dish_1551390265,chicken,56.0,92.4,2.016,0.0,17.36,1,1,train,1,Medium Calorie
dish_1566316757,"sweet potato, egg whites, olive oil, salsa",819.000001,448.38292956,4.36961,34.20939038,59.500243909999995,4,4,train,2,High Calorie
dish_1563827086,"cheese pizza, caesar salad",175.0,199.04500000000002,7.6899999999999995,23.585,10.0,2,2,test,1,Medium Calorie
dish_1560974009,"olive oil, chicken thighs, arugula, pepper, lemon juice, broccoli, tomatoes, bell peppers, pecans, garlic, orange, wheat berry, jalapenos, raisins, hominy, chili, cabbage, lime, mustard, salt, parsley",408.999994,482.98310321300005,20.768677351,30.185021778,45.270071979,21,21,train,2,High Calorie
dish_1551136891,potatoes,52.0,40.04,0.052,8.84,1.04,1,1,train,0,Low Calorie
dish_1551314855,corn,36.0,34.56,0.54,7.56,1.224,1,1,train,0,Low Calorie
dish_1565811588,"garlic, radishes, jalapenos, chicken thighs, olive oil, mustard, tomatoes, chili, lemon juice, bell peppers, spinach (raw), vinegar, blueberries, parsley, lime, cabbage, salt, hominy",263.000004,348.48412590400005,21.454357107,7.568844583,31.213434645,18,18,train,2,High Calorie
dish_1568666184,lettuce,190.0,28.5,0.38,5.51,2.66,1,1,train,0,Low Calorie
dish_1567628069,"garlic, arugula, parsley, mustard greens, olive oil, cranberries, lemon juice, salt, bulgur, shallots, apple",73.000001,107.43301967400001,7.180391049,10.049738029,2.344513164,11,11,train,1,Medium Calorie
dish_1551493749,"orange, olives, sausage",163.0,270.802,20.455,12.198,10.977,3,3,train,2,High Calorie
dish_1563555072,scrambled eggs,112.0,165.76,12.32,1.792,11.2,1,1,train,1,Medium Calorie
dish_1564518512,"eggplant, mushroom, spinach (cooked), cheese pizza, olive oil, chicken thighs, squash, shallots, quinoa, garlic, wine, carrot, pepper, salt, lemon juice",163.000002,270.707520051,10.088752984,26.596986408,17.808200096,15,15,train,2,High Calorie
dish_1559751775,"berries, eggs, yam",254.0,309.236,13.14,30.108,16.768,3,3,train,2,High Calorie
dish_1564685450,"pepper, mixed greens, bell peppers, steak, vinegar, cherry tomatoes, millet, salt, lettuce, lime, olive oil, onions, cucumbers, spinach (raw), pizza, ketchup",287.999995,623.0074995100001,35.372641546000004,38.998960506,37.391778654,16,16,test,2,High Calorie
dish_1550874756,"fish, tomatoes, potatoes",127.0,85.92,5.656,10.540000000000001,8.744,3,3,train,0,Low Calorie
dish_1561580659,"salt, olive oil, cherry tomatoes, beef, feta cheese, cauliflower, spinach (cooked), olives, lettuce, bell peppers, millet, cucumbers, onions, shallots, vinegar, vinaigrette, bok choy",480.0,754.353534179,43.801662553,16.297265693,68.89068757300001,17,17,train,2,High Calorie
dish_1551567541,sausage,71.0,244.666,19.383,2.982,13.703,1,1,train,1,Medium Calorie
dish_1551381496,"tortilla, cheese, bean(seed)",78.0,189.79999999999998,9.26,16.178,10.7,3,3,train,1,Medium Calorie
dish_1551226013,brussels sprouts,64.0,27.52,0.192,5.76,2.176,1,1,test,0,Low Calorie
dish_1558109907,grapes,63.0,43.47,0.126,11.34,0.441,1,1,train,0,Low Calorie
dish_1565023182,"granola, mixed greens, blackberries, raspberries, vinaigrette, scrambled eggs, bacon",307.999999,638.7148363900001,47.469677284,9.244902971,41.58399995800001,7,7,train,2,High Calorie
dish_1558641320,"apple, carrot, corn on the cob, cherry tomatoes",336.0,211.59,3.092,49.056,4.52,4,4,train,1,Medium Calorie
dish_1550780717,potatoes,73.0,56.21,0.073,12.41,1.46,1,1,train,0,Low Calorie
dish_1563822663,"couscous, cauliflower, wheat berry, steak, squash, zucchini, olive oil, lime, caesar salad, garlic, broccoli, salt",317.000002,303.09938884,13.864149959,24.232964017,22.034337735999998,12,12,train,2,High Calorie
dish_1551233248,"ham, mushroom, noodles",105.0,131.18,3.357,14.752,10.469,3,3,train,1,Medium Calorie
dish_1561753649,"brown rice, squash, cucumbers, salmon, pepper, salt, thyme, olive oil, arugula",195.99999599999998,164.010808285,7.950614194000001,6.392059356,15.585461181,9,9,train,1,Medium Calorie
dish_1566501126,"spinach (raw), carrot, parmesan cheese, olives, chicken, avocado",369.0,564.918,33.760999999999996,17.909,50.879,6,6,train,2,High Calorie
dish_1551236657,mushroom,30.0,6.6,0.09,0.99,0.93,1,1,train,0,Low Calorie
dish_1566317801,"raspberries, blackberries, brown sugar, oatmeal",420.0,275.4,4.0,56.983999999999995,7.258000000000001,4,4,train,2,High Calorie
dish_1550706891,scrambled eggs,102.0,150.96,11.22,1.632,10.2,1,1,train,1,Medium Calorie
dish_1562173175,"milk, chia seeds, greek yogurt",162.999996,165.36660971,7.169494472999999,13.684191550000001,12.646372925000001,3,3,train,1,Medium Calorie
dish_1551567775,"olives, asparagus, pineapple",121.0,77.446,4.043,11.067,1.124,3,3,test,0,Low Calorie
dish_1558027057,yam,65.0,80.665,0.13,19.11,1.04,1,1,train,0,Low Calorie
dish_1563909469,"tomatoes, spinach (raw), vinegar, cucumbers, olive oil, mustard greens, mustard, garlic, salt",64.000004,72.40282942300001,6.906353509,2.248366188,1.364915132,9,9,train,0,Low Calorie
dish_1568400967,"broccoli, mixed greens",113.0,36.61,0.45199999999999996,7.196,2.628,2,2,train,0,Low Calorie
dish_1565726887,"roasted potatoes, arugula, vinegar, olive oil, cranberries, salt, onions, broccoli, mustard, celery root",172.000001,174.015305372,11.51461488,15.960674674,3.668132756,10,10,train,1,Medium Calorie
dish_1551314022,kiwi,39.0,23.79,0.195,5.85,0.429,1,1,test,0,Low Calorie
dish_1551226475,"tortilla, broccoli, brussels sprouts",127.0,87.44,0.976,18.009999999999998,4.374,3,3,train,0,Low Calorie
dish_1566590536,"carrot, salt, pepper, olive oil",51.0,25.07076076,0.6033903740000001,5.030648739,0.453123836,4,4,train,0,Low Calorie
dish_1564516397,"olives, cherry tomatoes",59.0,36.81,2.953,2.949,0.504,2,2,train,0,Low Calorie
dish_1559841908,"grapes, broccoli, pears",304.0,175.16199999999998,0.471,45.572,2.069,3,3,train,1,Medium Calorie
dish_1562876756,"salt, squash, bok choy, spinach (raw), parsley, lemon juice, thyme, cheese pizza, caesar salad, chicken, wheat berry, green beans, basil, rosemary, zucchini, olive oil, garlic, country rice, pepper",322.000003,354.59686330200003,13.231589483999999,37.24216449,28.104403726,19,19,train,2,High Calorie
dish_1563309398,"salt, spinach (raw), lemon juice, olives, bell peppers, lettuce, garlic, chicken, cherry tomatoes, wheat berry, parsley, thyme, olive oil, shallots, carrot",603.999994,655.98681228,20.217882758000002,23.338592414,93.243943632,15,15,train,2,High Calorie
dish_1563217968,"white rice, lemon juice, tomatoes, cucumbers, onions, jalapenos, arugula, garlic, salt, lime, rosemary, broccoli, mustard greens, olive oil, pork, parsley, mangos, zucchini, cherry tomatoes, cilantro",244.00000300000002,252.792702951,12.477004915999999,12.713419792,23.076188418,20,20,train,1,Medium Calorie
dish_1551490433,asparagus,34.0,6.936,0.034,1.326,0.748,1,1,train,0,Low Calorie
dish_1550711187,potatoes,82.0,63.14,0.082,13.94,1.64,1,1,train,0,Low Calorie
dish_1551232782,"ham, fish, brussels sprouts",200.0,170.29,12.664,7.755,26.374,3,3,train,1,Medium Calorie
dish_1562007866,"caesar salad, quinoa, jalapenos, pork, parsley, lemon juice, garlic, shallots, carrot, pepper, cherry tomatoes, mayonnaise, arugula, olive oil, wheat berry, thyme, brussels sprouts, cabbage, salt, couscous",464.999995,497.861356962,15.249502278,62.604573208000005,28.075634081,20,20,test,2,High Calorie
dish_1566850099,"onions, cucumbers, olive oil, salt, mixed greens, lettuce, lime, cherry tomatoes, pepper, vinegar",112.000001,113.05796322,10.68734735,4.140734812,1.525551031,10,10,train,1,Medium Calorie
dish_1560370114,asparagus,39.0,7.956,0.039,1.521,0.858,1,1,train,0,Low Calorie
dish_1568061320,"cherry tomatoes, white rice, squash, pork, arugula, rosemary, thyme, olive oil, brussels sprouts, cheese pizza, salt, garlic, pineapple, wheat berry, onions, spinach (raw), parmesan cheese, zucchini, parsley, quinoa, pepper, chicken breast",490.999995,535.8399588,19.667325869,48.117952319,41.280102965,22,22,train,2,High Calorie
dish_1558549605,white rice,75.0,97.5,0.225,21.0,2.025,1,1,test,1,Medium Calorie
dish_1559320019,"pineapple, sweet potato, bacon, berries",205.0,196.82,5.714,30.732000000000003,6.4079999999999995,4,4,train,1,Medium Calorie
dish_1560887457,"caesar dressing, olive oil, pizza, kale, salt, croutons, parmesan cheese, eggplant",246.0,389.264340844,14.280460680000001,48.70595223,17.193094422999998,8,8,train,2,High Calorie
dish_1558724633,broccoli,94.0,32.9,0.376,6.58,2.256,1,1,train,0,Low Calorie
dish_1561578865,"cheese, pasta, spinach (raw), olive oil, blueberries, salt, broccoli, pesto, vinegar, cherry tomatoes, pepper, arugula, chard, onions, mustard, cheese pizza, walnuts",245.999998,417.185304588,17.301929215999998,49.70714588800001,16.735947156,17,17,train,2,High Calorie
dish_1564170474,"zucchini, squash, broccoli",168.0,39.480000000000004,0.616,7.336,2.464,3,3,test,0,Low Calorie
dish_1567625343,"chard, avocado, kale",74.0,65.48,4.989,5.547,1.7109999999999999,3,3,train,0,Low Calorie
dish_1561574428,"walnuts, caesar salad, salt, mustard, olive oil, blueberries, chard, arugula, vinegar, pepper, cauliflower",172.0,84.002372872,5.073670016,7.938415977,3.9879517150000003,11,11,train,0,Low Calorie
dish_1565726848,"celery root, salt, broccoli, mustard, onions, olive oil, cranberries, vinegar, arugula",121.000001,102.105305372,8.04661488,6.780674674,2.5971327559999997,9,9,train,1,Medium Calorie
dish_1559675268,"cherry tomatoes, carrot, bell peppers, brussels sprouts, cucumbers",144.0,39.37,0.271,8.615,2.3150000000000004,5,5,train,0,Low Calorie
dish_1563984729,"scrambled eggs, chicken apple sausage",321.0,495.72,33.59,7.5440000000000005,38.98,2,2,train,2,High Calorie
dish_1568405430,"green onions, rice noodles, cucumbers, spinach (raw), tomatoes, olive oil, garlic, mustard greens, carrot, salt, radishes, mixed greens, mustard, vinegar, cabbage, soy sauce",121.000003,119.09940988000001,9.026379846,8.612275426,2.186578267,16,16,train,1,Medium Calorie
dish_1565727821,"parmesan cheese, chicken, mixed greens, broccoli",196.0,281.124,10.092,6.161,40.348,4,4,train,2,High Calorie
dish_1550792864,"potatoes, beef, tomatoes",157.0,159.94,5.672,15.64,10.889999999999999,3,3,test,1,Medium Calorie
dish_1550710845,pineapple,36.0,18.0,0.036,4.68,0.18,1,1,train,0,Low Calorie
dish_1566933454,"pears, bok choy, salt, arugula, lemon juice, parsley, olive oil, garlic, chickpeas, pepper",154.000006,121.74140720400001,8.774584794,9.049745308999999,3.6651202360000004,10,10,train,1,Medium Calorie
dish_1559751458,yam,123.0,152.643,0.246,36.162,1.968,1,1,train,1,Medium Calorie
dish_1558468589,mushroom,55.0,12.1,0.165,1.815,1.705,1,1,train,0,Low Calorie
dish_1558641037,apple,117.0,60.84,0.234,16.38,0.351,1,1,train,0,Low Calorie
dish_1550770511,"broccoli, sausage, tomatoes",213.0,346.388,24.707,12.324,18.947000000000003,3,3,train,2,High Calorie
dish_1551391543,"broccoli, shrimp, nuts",135.0,372.77,29.458,15.242,18.36,3,3,train,2,High Calorie
dish_1565898758,"tuna, olives, green beans, spinach (raw), ginger, brown rice, shallots, garlic, cilantro, carrot, cherry tomatoes, salmon, jalapenos, lemon juice, olive oil, onions, salt, lime, chili",612.000001,612.990237688,12.797448606,21.753020159,98.402494014,19,19,train,2,High Calorie
dish_1562614980,"pineapple, chicken thighs, vinegar, mushroom, onions, lemon juice, basil, olive oil, jalapenos, kale, salt, radishes, white rice, brown rice, arugula, parsley, steak, thyme, cilantro, garlic, broccoli",485.0,566.146111108,28.809109293,21.104092299999998,57.34573124200001,21,21,train,2,High Calorie
dish_1562702412,"cauliflower, bell peppers, quinoa, cucumbers, onions, lettuce, olive oil, feta cheese, cherry tomatoes, vinaigrette, olives",284.999998,183.389336761,8.965265012,21.698668292,6.422542253,11,11,train,1,Medium Calorie
dish_1567542778,cheese pizza,98.0,260.582,9.212,32.83,10.976,1,1,train,1,Medium Calorie
dish_1561996535,cantaloupe,34.0,11.56,0.068,2.72,0.272,1,1,train,0,Low Calorie
dish_1551375218,"brussels sprouts, orange, berries",219.0,109.21000000000001,0.479,26.48,3.0069999999999997,3,3,train,1,Medium Calorie
dish_1558468435,broccoli,80.0,28.0,0.32,5.6,1.92,1,1,train,0,Low Calorie
dish_1559059954,bacon,20.0,108.2,8.4,0.28,7.4,1,1,train,1,Medium Calorie
dish_1551564543,olives,38.0,43.7,4.066,2.394,0.304,1,1,train,0,Low Calorie
dish_1560368138,"cherry tomatoes, mushroom",123.0,23.5,0.27999999999999997,4.593,1.855,2,2,test,0,Low Calorie
dish_1551389588,"corn, avocado, lemon",8054.0,2400.78,27.552,732.3,90.182,3,3,train,2,High Calorie
dish_1559238481,orange,127.0,59.69,0.127,15.24,1.143,1,1,train,0,Low Calorie
dish_1568665970,"cheese pizza, caesar salad",167.0,202.18200000000002,7.741,24.117,9.984,2,2,train,1,Medium Calorie
dish_1566931650,"mixed greens, olives, chicken, avocado, broccoli, parmesan cheese",488.0,610.869,33.803,23.14,58.401999999999994,6,6,train,2,High Calorie
dish_1551318377,"kiwi, potato chips, corn",97.0,151.47,6.680000000000001,22.990000000000002,2.8289999999999997,3,3,test,1,Medium Calorie
dish_1561061630,"apple, caesar dressing, olive oil, cranberries, bulgur, shallots, croutons, arugula, parmesan cheese, mustard greens, parsley, kale, lemon juice, salt, garlic",149.999998,186.683732282,11.299298936,17.850638718000003,6.371216555,15,15,train,1,Medium Calorie
dish_1563294441,"pineapple, watermelon",162.0,65.2,0.241,16.793999999999997,0.889,2,2,test,0,Low Calorie
dish_1563910708,"blueberries, vinegar, lemon juice, mustard, olive oil, green beans, lime, salt, garlic, shallots, radishes, salmon, spinach (raw), ginger, onions, brown rice, jalapenos, chili, cilantro",554.999987,786.212660352,36.178987258999996,26.496129632,83.0043325,19,19,train,2,High Calorie
dish_1558547205,"potatoes, almonds, spinach (raw), white rice",186.0,291.175,12.677,37.510999999999996,9.296999999999999,4,4,train,2,High Calorie
dish_1566230222,egg whites,462.0,240.24,0.924,3.234,46.2,1,1,train,1,Medium Calorie
dish_1563378372,"biscuits, bacon",128.0,468.165,23.058,53.318999999999996,11.66,2,2,train,2,High Calorie
dish_1565897569,"wheat berry, cauliflower, garlic, olive oil, salt, steak, lime",150.000002,324.9135257,21.17466546,5.554202082,28.693301412000004,7,7,train,2,High Calorie
dish_1559841891,"grapes, pears",272.0,163.962,0.34299999999999997,43.332,1.3010000000000002,2,2,train,1,Medium Calorie
dish_1551221801,fish,45.0,40.5,5.85,0.0,8.28,1,1,train,0,Low Calorie
dish_1551562881,olives,38.0,43.7,4.066,2.394,0.304,1,1,train,0,Low Calorie
dish_1551237079,"brussels sprouts, chicken, beef",246.0,312.91,9.708,9.18,46.258,3,3,test,2,High Calorie
dish_1558641442,"cauliflower, cantaloupe, corn on the cob",211.0,103.386,1.7510000000000001,21.81,3.9459999999999997,3,3,train,1,Medium Calorie
dish_1558031566,bacon,26.0,140.66,10.92,0.364,9.62,1,1,train,1,Medium Calorie
dish_1565034330,"soy sauce, garlic, white rice, chili, orange juice, olive oil, onions, green onions, kale, salt, cauliflower, vinegar, broccoli, beef, roasted potatoes",483.000006,614.01553959,31.386453277999998,39.217322784,42.396174089999995,15,15,train,2,High Calorie
dish_1562786103,frozen yogurt,57.0,93.081,3.363,13.965,2.337,1,1,train,1,Medium Calorie
dish_1558717969,corn on the cob,90.0,95.49,2.16,19.8,2.79,1,1,train,1,Medium Calorie
dish_1563306039,"chicken, orange juice, green onions, white rice, mushroom, shallots, lemon juice, garlic, cranberries, caesar dressing, olive oil, thyme, salt, parsley, roasted potatoes, croutons, apple, wheat berry, spinach (raw), parmesan cheese, vinegar, kale, mustard, onions, beef, broccoli, soy sauce, chili",326.000007,493.637189268,26.277561684,18.843758960000002,44.063196164000004,28,28,train,2,High Calorie
dish_1551306860,bacon,11.0,59.51,4.62,0.154,4.07,1,1,train,0,Low Calorie
dish_1562614121,"broccoli, salt, olive oil, mustard, onions, cranberries, vinegar, spinach (raw), apple",154.999999,123.492511202,9.446691557000001,8.71603466,3.3952480130000002,9,9,test,1,Medium Calorie
dish_1564171888,"brown rice, arugula, salt, pepper, thyme, salmon, olive oil",194.000002,345.12589103000005,17.510074787,7.637634777,36.027115268,7,7,train,2,High Calorie
dish_1562949541,"turkey bacon, bok choy, olive oil, scrambled eggs, berries",374.000002,494.22561384,33.717585808,16.525365888,31.732658560000004,5,5,test,2,High Calorie
dish_1558114875,deprecated,143.0,74.36,0.286,0.429,20.02,1,1,train,0,Low Calorie
dish_1561666640,"cantaloupe, grapes",90.0,48.800000000000004,0.18,12.399999999999999,0.6679999999999999,2,2,train,0,Low Calorie
dish_1560539368,"quinoa, cilantro, salt, garlic, lemon juice, onions, arugula, jalapenos, olive oil, carrot, caesar salad, fish, pepper, tomatillo",313.999992,238.814511684,20.835884433,17.820640744,23.615504267,14,14,train,1,Medium Calorie
dish_1561665706,"chickpeas, corn on the cob, pizza",228.0,386.34900000000005,8.67,61.51,18.429000000000002,3,3,test,2,High Calorie
dish_1562010369,"carrot, pepper, olive oil, wheat berry, pork, jalapenos, mayonnaise, lemon juice, cabbage, parsley, salt, garlic",68.999999,141.166459551,8.450824851,1.970435663,13.519394293000001,12,12,test,1,Medium Calorie
dish_1551322890,scrambled eggs,93.0,137.64,10.23,1.488,9.3,1,1,train,1,Medium Calorie
dish_1558636028,"grapes, corn on the cob, cantaloupe, almonds",262.0,199.348,5.3790000000000004,38.543,4.341,4,4,test,1,Medium Calorie
dish_1564685229,"green beans, cherry tomatoes, steak, bell peppers, lime, olive oil, ketchup, vinegar, spinach (raw), pepper, millet, mixed greens, onions, salt, lettuce, cucumbers",347.00000900000003,591.43522816,41.458505832,14.729663006,41.904798128,16,16,train,2,High Calorie
dish_1566587102,"chicken, millet, pepper, spinach (raw), jalapenos, olive oil, garlic, onions, salt, tomatoes, bell peppers",146.00000699999998,213.59944013999998,7.50593435,8.090584422000001,27.147420993999997,11,11,test,1,Medium Calorie
dish_1558631904,apple,154.0,80.08,0.308,21.56,0.462,1,1,train,0,Low Calorie
dish_1561049373,"scrambled eggs, bacon",146.0,290.75,21.950000000000003,2.298,19.73,2,2,train,2,High Calorie
dish_1551227581,bell peppers,31.0,12.4,0.062,2.79,0.62,1,1,test,0,Low Calorie
dish_1551225714,tortilla,31.0,67.58,0.899,13.95,1.86,1,1,train,0,Low Calorie
dish_1551124637,bacon,20.0,108.2,8.4,0.28,7.4,1,1,test,1,Medium Calorie
dish_1551378151,"nuts, asparagus, lemon",137.0,326.838,27.217,17.208,11.199,3,3,train,2,High Calorie
dish_1564601638,"olive oil, kale, cherry tomatoes, chard, turnips, salt, chive, thyme, shallots, garlic, buttermilk, chicken, pepper, flour, roasted potatoes, fish, brussels sprouts, vegetable oil, parsley, lemon juice, wheat berry",541.000012,712.456384042,46.945048637,42.989042101,51.126690014,21,21,train,2,High Calorie
dish_1562603536,bacon,14.0,75.74,5.88,0.196,5.18,1,1,train,0,Low Calorie
dish_1561578156,"eggplant, olive oil, salt",96.999998,31.990976624,1.141176076,5.610784242,0.95098038,3,3,test,0,Low Calorie
dish_1550772960,tomatoes,57.0,19.38,0.399,3.876,0.399,1,1,train,0,Low Calorie
dish_1550861950,orange,67.0,31.49,0.067,8.04,0.603,1,1,train,0,Low Calorie
dish_1565195398,"chicken apple sausage, olive oil, sweet potato",126.00000299999999,135.37853788,4.812195,18.77780544,4.22487808,3,3,test,1,Medium Calorie
dish_1550713462,tofu,61.0,44.53,2.928,1.159,4.88,1,1,train,0,Low Calorie
dish_1566502437,"vinegar, spinach (raw), sun dried tomatoes, garlic, onions, cucumbers, mustard, salt, olive oil",63.999998999999995,74.564033792,6.415375207,3.824624458,1.711663609,9,9,train,0,Low Calorie
dish_1558638216,white rice,43.0,55.9,0.129,12.04,1.161,1,1,test,0,Low Calorie
dish_1562704640,"beef, salt, olive oil, shallots, spinach (cooked), onions, squash, vinegar, bok choy, millet, cauliflower, cheese pizza",274.999997,333.28132711499995,14.807559223,26.863105085,22.069780148,12,12,train,2,High Calorie
dish_1563813395,"salt, pepper, brussels sprouts, olive oil, bacon, pineapple, sausage",193.000002,371.86290584,24.723194608,16.47166066,21.557275584,7,7,train,2,High Calorie
dish_1565981802,"carrot, salt, tofu, pepper, olive oil",152.0,99.75441986000001,5.596064818,6.6310881870000005,8.817584730000002,5,5,test,1,Medium Calorie
dish_1564170098,"onions, olives",67.0,50.8,3.459,5.166,0.641,2,2,train,0,Low Calorie
dish_1558636902,carrot,95.0,38.95,0.19,9.5,0.855,1,1,test,0,Low Calorie
dish_1551232713,brussels sprouts,78.0,33.54,0.234,7.02,2.652,1,1,train,0,Low Calorie
dish_1563379494,"scrambled eggs, cheese",295.00001199999997,472.28097002000004,35.5404775,4.677857335000001,31.60714405,2,2,train,2,High Calorie
dish_1560367980,"asparagus, salt, onions, country rice, olive oil, green onions, pizza, spinach (raw), fish, garlic",254.0,421.4651484492,21.106912123,47.243911928,25.664902212799998,10,10,test,2,High Calorie
dish_1563898813,"olive oil, mustard, cucumbers, bell peppers, broccoli, salt, garlic, scrambled eggs, radishes, bacon, vinegar",382.0,626.50845991,47.430230163000004,11.95950315,37.696036395,11,11,train,2,High Calorie
dish_1565711570,"salt, pepper, brussels sprouts, scrambled eggs, olive oil, hash browns, bacon",323.999999,603.8272535799999,41.255485504,34.236151203,26.618688776,7,7,train,2,High Calorie
dish_1563910276,"olive oil, onions, salt, lemon juice, cilantro, chili, shallots, salmon, garlic, ginger, jalapenos, brown rice, spinach (raw), lime",240.99999200000002,375.94338209999995,15.709353928,11.068738665000001,43.652461817,14,14,test,2,High Calorie
dish_1558640074,apple,116.0,60.32,0.232,16.24,0.348,1,1,test,0,Low Calorie
dish_1551222363,noodles,45.0,62.1,0.945,11.25,2.025,1,1,test,0,Low Calorie
dish_1563308323,carrot,66.0,27.06,0.132,6.6,0.594,1,1,train,0,Low Calorie
dish_1550711973,mixed greens,59.0,16.52,0.236,3.127,1.298,1,1,train,0,Low Calorie
dish_1558636928,cherry tomatoes,89.0,16.02,0.178,3.471,0.801,1,1,train,0,Low Calorie
dish_1562872182,"mushroom, bok choy",296.0,41.540000000000006,0.626,6.886,4.984,2,2,test,0,Low Calorie
dish_1561999706,"scrambled eggs, sweet potato",502.0,557.9200000000001,26.95,50.18,27.07,2,2,train,2,High Calorie
dish_1565107211,"salsa, sweet potato, scrambled eggs, olive oil, egg whites, watermelon, grapes",799.000005,523.63463972,13.528049000000001,49.04195208,47.71721955999999,7,7,train,2,High Calorie
dish_1560802562,"olive oil, lemon juice, bulgur, salt, kale, parsley, chickpeas, pepper",5.000000000000001,8.853202835,0.49062996400000003,0.966136746,0.24794516,8,8,train,0,Low Calorie
dish_1558722322,carrot,92.0,37.72,0.184,9.2,0.828,1,1,train,0,Low Calorie
dish_1558639876,"carrot, cantaloupe, cauliflower",215.0,68.18,0.5289999999999999,15.370000000000001,2.767,3,3,train,0,Low Calorie
dish_1566838378,"scrambled eggs, watermelon, berries, pineapple",482.0,286.21000000000004,7.972,49.074,8.99,4,4,train,2,High Calorie
dish_1551487779,ham,40.0,58.0,2.4,0.6,8.4,1,1,train,0,Low Calorie
dish_1551486217,"kiwi, ham, olives",138.0,141.42000000000002,6.837,11.493,10.365,3,3,train,1,Medium Calorie
dish_1562169729,"brussels sprouts, salt, pepper, olive oil",50.000001000000005,25.530136589999998,0.639729481,4.4337639630000005,1.674046782,4,4,train,0,Low Calorie
dish_1551491048,"olives, tofu, broccoli",119.0,90.83,6.606,5.945,4.4799999999999995,3,3,train,1,Medium Calorie
dish_1566501258,onions,30.0,12.0,0.03,2.7,0.33,1,1,train,0,Low Calorie
dish_1563811439,"cantaloupe, egg whites",289.0,137.32,0.578,7.279,22.276,2,2,test,1,Medium Calorie
dish_1566419546,"caesar salad, cheese pizza",177.0,306.437,11.236,37.687000000000005,13.904,2,2,test,2,High Calorie
dish_1557853229,eggs,126.0,195.93,13.23,1.512,15.75,1,1,test,1,Medium Calorie
dish_1551392316,asparagus,30.0,6.12,0.03,1.17,0.66,1,1,train,0,Low Calorie
dish_1557937037,raspberries,49.0,25.97,0.343,5.88,0.588,1,1,train,0,Low Calorie
dish_1565811287,bok choy,127.0,16.51,0.254,2.794,1.905,1,1,train,0,Low Calorie
dish_1551236521,"ham, bread, cheese",179.0,445.798,14.123999999999999,48.340999999999994,29.99,3,3,train,2,High Calorie
dish_1559843690,"strawberries, potatoes, broccoli",134.0,61.74,0.34199999999999997,14.05,1.7510000000000001,3,3,train,0,Low Calorie
dish_1562947409,"pineapple, berries",190.0,103.19,0.424,25.869999999999997,1.184,2,2,train,1,Medium Calorie
dish_1563217993,"mangos, pork, garlic, onions, jalapenos, lemon juice, cucumbers, olive oil, mustard greens, parsley, tomatoes, salt, cherry tomatoes, squash, white rice, zucchini, arugula, rosemary, broccoli, cilantro, lime",337.000002,279.70879812100003,13.669605697999998,15.832531988000001,23.901835764,21,21,train,2,High Calorie
dish_1561580322,"caesar salad, wheat berry",76.0,44.25,1.228,6.672,2.662,2,2,train,0,Low Calorie
dish_1558550079,apple,142.0,73.84,0.284,19.88,0.426,1,1,test,0,Low Calorie
dish_1561664013,"chicken, garlic, white rice, pepper, brown rice, pork, olive oil, sugar, lemon juice, basil, carrot, bok choy, chard, parsley, rosemary, salt, chive, soy sauce",163.000007,280.443006609,9.741617051999999,8.592840389000001,37.370918722,18,18,train,2,High Calorie
dish_1563480534,"garlic, wine, lemon juice, onions, jalapenos, brown rice, mushroom, beef, pasta, cauliflower, shallots, chili, cilantro, lime, salt, broccoli, sour cream, olive oil, thyme, cream, spinach (raw), ginger, salmon",575.999998,797.566870185,33.881702875,35.511999618,81.87547305199999,23,23,train,2,High Calorie
dish_1558375506,deprecated,142.0,73.84,0.284,0.426,19.88,1,1,train,0,Low Calorie
dish_1559838214,bacon,8.0,43.28,3.36,0.112,2.96,1,1,train,0,Low Calorie
dish_1550773506,"bell peppers, scrambled eggs, bacon",123.0,175.2,11.85,5.644,11.54,3,3,train,1,Medium Calorie
dish_1566501153,"olives, carrot, spinach (raw), parmesan cheese, chicken, avocado, olive oil",419.0,1006.918,83.761,17.909,50.879,7,7,test,2,High Calorie
dish_1568146905,mixed greens,74.0,20.72,0.296,3.922,1.628,1,1,train,0,Low Calorie
dish_1562008936,caesar salad,131.0,57.64,2.751,5.633,4.192,1,1,train,0,Low Calorie
dish_1562689645,"bacon, olive oil, scrambled eggs, broccoli",169.0,302.43170711,22.386829243999998,4.59482927,20.006341464000002,4,4,train,2,High Calorie
dish_1550791822,white rice,96.0,124.8,0.288,26.88,2.592,1,1,test,1,Medium Calorie
dish_1567625392,"bulgur, parsley, cranberries, olive oil, mustard greens, shallots, chard, kale, arugula, lemon juice, garlic, avocado, apple, salt",171.000003,208.233463921,14.53006739,18.900761686,4.826312075,14,14,train,1,Medium Calorie
dish_1550708221,tofu,57.0,41.61,2.736,1.083,4.56,1,1,train,0,Low Calorie
dish_1562613340,"apple, steak, arugula, onions, lemon juice, olive oil, garlic, mustard greens, cilantro, salt, pineapple, white rice, kale, jalapenos, vinegar, goat cheese, figs",189.000001,349.389062868,23.076171886,14.061035977,22.696081195,17,17,train,2,High Calorie
dish_1561578461,"beef, salt, bell peppers, olive oil, cucumbers, lettuce, roasted potatoes, basil, thyme, garlic, rosemary, mushroom, arugula, pepper, cauliflower, olives, bok choy, cheese pizza, white wine, caesar salad, spinach (cooked), butter, lemon juice, oregano, millet, vinaigrette, cherry tomatoes, shallots, onions, cream, feta cheese, vinegar, wheat berry, chicken",391.999995,522.154768472,23.320644977999997,36.607644483,40.893785294,34,34,train,2,High Calorie
dish_1562010929,"pepper, arugula, vinegar, chard, pork, cabbage, parsley, mustard, salt, garlic, pineapple, jalapenos, mayonnaise, squash, wheat berry, blueberries, olive oil, pecans, lemon juice, carrot",404.999999,457.265838498,27.095516264,25.630438133,29.310972834,20,20,train,2,High Calorie
dish_1566501324,"onions, carrot, olives",113.0,65.27,2.926,10.038,1.0510000000000002,3,3,train,0,Low Calorie
dish_1550711788,"tofu, cucumbers, cauliflower",258.0,96.15,4.593,7.8,9.608,3,3,test,1,Medium Calorie
dish_1568404889,"olive oil, vinegar, radishes, soy sauce, carrot, fried rice, mixed greens, garlic, green onions, cabbage, rice noodles",218.999997,247.28836055,4.835491651,45.12339721,6.240404778,11,11,train,1,Medium Calorie
dish_1568143252,"olive oil, mustard, cucumbers, onions, garlic, salt, vinegar, spinach (raw), sun dried tomatoes",91.00000299999999,106.02074383099999,9.121862155,5.43813872,2.433771921,9,9,test,1,Medium Calorie
dish_1562946075,"sausage, scrambled eggs, watermelon",297.0,557.884,41.738,11.836,32.51,3,3,train,2,High Calorie
dish_1562184628,"bacon, steak",121.0,444.01,32.879999999999995,0.602,35.41,2,2,train,2,High Calorie
dish_1558641108,"cherry tomatoes, apple, carrot",243.0,96.63000000000001,0.48600000000000004,24.770999999999997,1.4849999999999999,3,3,train,1,Medium Calorie
dish_1558376364,grapes,71.0,48.99,0.142,12.78,0.497,1,1,train,0,Low Calorie
dish_1551134824,"potatoes, noodles, brussels sprouts",153.0,119.02000000000001,1.113,23.69,5.0649999999999995,3,3,test,1,Medium Calorie
dish_1551135590,bell peppers,25.0,10.0,0.05,2.25,0.5,1,1,train,0,Low Calorie
dish_1558640917,cauliflower,21.0,5.25,0.063,1.05,0.378,1,1,train,0,Low Calorie
dish_1551303727,brussels sprouts,62.0,26.66,0.186,5.58,2.108,1,1,train,0,Low Calorie
dish_1562872498,"fish, carrot, parsley, garlic, zucchini, rosemary, lemon juice, couscous, spinach (raw), squash, jicama, arugula, chive, salt, lime, thyme, olive oil, basil, green beans, sour cream, nopales, chicken, wheat berry, bok choy, corn, pepper",320.000002,306.264977966,9.317838462,23.918305274999998,35.153260352,26,26,train,2,High Calorie
dish_1551141670,bell peppers,41.0,16.4,0.082,3.69,0.82,1,1,test,0,Low Calorie
dish_1568316041,"arugula, chard, vinegar, tofu, olive oil, pepper, salt, walnuts, mustard, blueberries",149.0,149.125926485,12.6961744,4.5320398719999995,7.439879367999999,10,10,train,1,Medium Calorie
dish_1558459462,grapes,85.0,58.65,0.17,15.3,0.595,1,1,test,0,Low Calorie
dish_1560801041,"pork, zucchini, arugula, chicken breast, cherry tomatoes, rosemary, lemon juice, thyme, olive oil, onions, wheat berry, parmesan cheese, pepper, spinach (raw), cauliflower, garlic, chickpeas, white rice, salt, bulgur, parsley, kale",291.999997,432.244287692,10.66342523,63.245895377,25.670122835,22,22,test,2,High Calorie
dish_1565898544,"shallots, cherry tomatoes, ginger, onions, lemon juice, lime, garlic, cilantro, salmon, olives, jalapenos, brown rice, spinach (raw), salt, olive oil, chili",181.999999,181.954487068,9.618723604,8.612270019,15.368443978,16,16,test,1,Medium Calorie
dish_1563897047,egg whites,127.0,66.04,0.254,0.889,12.7,1,1,train,0,Low Calorie
dish_1550772314,"scrambled eggs, potatoes, berries",240.0,235.41,10.299,24.686,11.17,3,3,train,1,Medium Calorie
dish_1560526552,"salt, sausage, pineapple, blueberries, spinach (raw), parsley, mustard greens, potatoes, berries, tomatoes, scrambled eggs, vinegar, mustard, cucumbers, almonds, olive oil, garlic, carrot",319.000003,359.240766609,21.782129685,28.019250837999998,14.592024681000002,18,18,train,2,High Calorie
dish_1562703408,"onions, spinach (cooked), shallots, berries, salt, pizza, olive oil, vinegar, bok choy, millet, beef",196.000002,311.20918316,12.049189381,32.833611418,17.407733638,11,11,train,2,High Calorie
dish_1563464670,"cream cheese, bagels, cucumbers, mozzarella cheese",156.0,384.176,13.646,47.477,18.148,4,4,train,2,High Calorie
dish_1551564084,"ham, oatmeal, olives",149.0,153.57,8.064,11.067,10.498,3,3,train,1,Medium Calorie
dish_1558636582,"cherry tomatoes, apple, cauliflower, almonds",410.0,530.551,35.919000000000004,45.948,18.895,4,4,train,2,High Calorie
dish_1551233745,ham,47.0,68.15,2.82,0.705,9.87,1,1,train,0,Low Calorie
dish_1551493883,carrot,15.0,6.15,0.03,1.5,0.135,1,1,test,0,Low Calorie
dish_1558723512,carrot,39.0,15.99,0.078,3.9,0.351,1,1,train,0,Low Calorie
dish_1551237558,"noodles, apple, broccoli",238.0,226.86999999999998,2.99,44.53,6.951,3,3,test,1,Medium Calorie
dish_1550708366,"tofu, cucumbers, tomatoes",170.0,67.07,3.149,6.175,5.513,3,3,test,0,Low Calorie
dish_1558381084,grapes,53.0,36.57,0.106,9.54,0.371,1,1,train,0,Low Calorie
dish_1568401018,"broccoli, chicken, mixed greens",447.0,587.71,12.475999999999999,7.196,106.168,3,3,train,2,High Calorie
dish_1551564221,kiwi,52.0,31.72,0.26,7.8,0.572,1,1,train,0,Low Calorie
dish_1550773949,"potatoes, berries, banana",286.0,223.01999999999998,0.754,55.55,3.298,3,3,train,1,Medium Calorie
dish_1551492732,olives,39.0,44.85,4.173,2.457,0.312,1,1,train,0,Low Calorie
dish_1551381321,"tortilla, lemon, cauliflower",174.0,108.10000000000001,1.354,24.34,3.979,3,3,test,1,Medium Calorie
dish_1560443537,"berries, pineapple, grapes",411.0,237.64,0.913,60.17,2.651,3,3,train,1,Medium Calorie
dish_1566500988,"spinach (raw), carrot",63.0,21.33,0.176,4.7,1.067,2,2,train,0,Low Calorie
dish_1565379868,"bok choy, pork, vinegar, soy sauce, salt, radishes, pepper, garlic, white rice, rice noodles, cabbage, sugar, olive oil, carrot, mixed greens, green onions",433.999992,560.77490211,22.945585814999998,49.074284669,38.934475344,16,16,train,2,High Calorie
dish_1562172600,"egg whites, roasted potatoes",370.0,263.6,6.0200000000000005,16.43,30.68,2,2,train,2,High Calorie
dish_1565119439,"vinegar, millet, bok choy, beef, cheese pizza, spinach (cooked), shallots, salt, olive oil, onions",189.000001,465.41221484,19.563424518999998,42.858469582,27.351356322,10,10,train,2,High Calorie
dish_1564775147,"salmon, arugula, mayonnaise, parsley, kale, shallots, olive oil, garlic, pepper, cherry tomatoes, pickles, salt, lentils, lemon juice, chive",151.000005,327.810317811,22.471355333,5.230640227,24.590466981,15,15,train,2,High Calorie
dish_1550707504,scrambled eggs,85.0,125.8,9.35,1.36,8.5,1,1,train,1,Medium Calorie
dish_1568217325,"bell peppers, garlic, salt, cucumbers, mustard, olive oil, vinegar, radishes, sausage",106.0,304.676141881,25.899072354,4.295527214,13.315327259,9,9,train,2,High Calorie
dish_1551565613,cauliflower,53.0,13.25,0.159,2.65,0.954,1,1,train,0,Low Calorie
dish_1565640772,"chicken, mixed greens",191.0,241.17000000000002,5.148000000000001,2.862,43.658,2,2,train,1,Medium Calorie
dish_1561574783,"salt, mustard, blueberries, pepper, arugula, chard, vinegar, olive oil, walnuts",24.0,29.62677698,2.815252186,0.966312001,0.575963848,9,9,train,0,Low Calorie
dish_1561737271,"sausage, hash browns, pineapple, broccoli, egg whites",520.0,762.3820000000001,45.845,46.549,40.998999999999995,5,5,train,2,High Calorie
dish_1551564637,broccoli,49.0,17.15,0.196,3.43,1.176,1,1,train,0,Low Calorie
dish_1560444985,"honeydew melons, pineapple, radishes, bok choy, vinegar, watermelon, yam, mustard, olive oil, cucumbers, garlic, bell peppers, salt, scrambled eggs",264.000002,198.937884074,10.095442229,24.075624454,5.127490965,14,14,test,1,Medium Calorie
dish_1565640868,"olives, mixed greens, black beans, cucumbers, chicken",406.0,395.98,13.602,19.804000000000002,49.051,5,5,train,2,High Calorie
dish_1551373181,banana,88.0,78.32,0.264,20.24,0.968,1,1,train,0,Low Calorie
dish_1558114937,mixed greens,49.0,13.72,0.196,2.597,1.078,1,1,train,0,Low Calorie
dish_1558379182,almonds,56.0,323.736,27.72,12.712,12.544,1,1,train,2,High Calorie
dish_1558725226,cauliflower,79.0,19.75,0.237,3.95,1.422,1,1,train,0,Low Calorie
dish_1563389413,broccoli,99.0,34.65,0.396,6.93,2.376,1,1,train,0,Low Calorie
dish_1563826306,"garlic, lime, salt, brownies, olive oil, wheat berry, steak, pepperoni pizza, cauliflower",312.0,882.8375316500001,48.949856578,69.584894077,44.391125496,9,9,train,2,High Calorie
dish_1567538263,"arugula, parsley, olive oil, lemon juice, salt, pears, pepper, garlic, chickpeas",56.0,70.700911734,4.997894664,5.491087748,1.8734035100000002,9,9,test,0,Low Calorie
dish_1563305653,mushroom,117.0,25.74,0.351,3.861,3.627,1,1,test,0,Low Calorie
dish_1565035858,"cherry tomatoes, chicken breast, watermelon, bell peppers, cauliflower, onions",531.0,375.228,6.709,23.677,55.42,6,6,train,2,High Calorie
dish_1559245589,"carrot, salt, pepper, olive oil",51.999999,25.56234136,0.6152212619999999,5.129288827,0.462008608,4,4,train,0,Low Calorie
dish_1566330399,"vinegar, bok choy, millet, beef, salt, shallots, spinach (cooked), olive oil, onions",125.999997,265.19090384,15.224230869,3.739510082,25.740400261999998,9,9,test,2,High Calorie
dish_1561579673,"thyme, basil, mushroom, pepper, cauliflower, roasted potatoes, garlic, lemon juice, rosemary, olive oil, eggplant, oregano, arugula, chicken, shallots, salt, butter, white wine, cream, wheat berry",359.999999,221.304170885,7.604510768,22.447074348,18.344211861,20,20,test,1,Medium Calorie
dish_1565640365,"wheat berry, olive oil, thyme, salt, bell peppers, garlic, cherry tomatoes, chicken breast, pepperoni pizza, parmesan cheese, spinach (raw)",622.999996,720.890217322,22.447601506,54.556591708,75.069049377,11,11,train,2,High Calorie
dish_1551226101,"tortilla, carrot, brussels sprouts",166.0,223.32999999999998,2.745,46.41,7.531,3,3,test,1,Medium Calorie
dish_1568132601,"berries, turkey bacon, bacon, scrambled eggs",246.0,375.644,22.994,20.840000000000003,22.009999999999998,4,4,train,2,High Calorie
dish_1566333324,"cheese pizza, spinach (cooked), pepper, olive oil, onions, cauliflower, caesar salad, garlic, bok choy, chicken, beef, shallots, tomatoes, bell peppers, brussels sprouts, vinegar, spinach (raw), jalapenos, millet, fried rice, salt",475.99999599999995,608.10465703,22.253440228000002,60.083372491,43.063965700000004,21,21,train,2,High Calorie
dish_1565378731,"wheat berry, carrot, salt, pepper, olive oil",207.0,154.35815682999998,4.243154992,27.44905026,4.422395109,5,5,train,1,Medium Calorie
dish_1558628956,garden salad,14.0,9.044,0.476,0.448,0.854,1,1,test,0,Low Calorie
dish_1558116090,cantaloupe,91.0,30.94,0.182,7.28,0.728,1,1,train,0,Low Calorie
dish_1551493773,"sausage, orange, olives",163.0,270.802,20.455,12.198,10.977,3,3,test,2,High Calorie
dish_1559841091,"blackberries, chicken apple sausage, sweet potato, yam",166.0,163.4235,4.9319999999999995,22.135,8.053,4,4,train,1,Medium Calorie
dish_1568061145,"cheese pizza, olive oil, squash, salt",195.999993,187.05328070000002,6.97813762,23.15397636,7.4117878600000004,4,4,test,1,Medium Calorie
dish_1551379881,"potato chips, nuts, cauliflower",168.0,348.46999999999997,27.412,20.56,11.421999999999999,3,3,test,2,High Calorie
dish_1551137091,bread,60.0,159.24,2.52,25.38,8.1,1,1,test,1,Medium Calorie
dish_1551488137,"asparagus, ham, carrot",79.0,69.87,2.4579999999999997,3.28,9.011,3,3,test,0,Low Calorie
dish_1551223249,noodles,60.0,82.8,1.26,15.0,2.7,1,1,train,0,Low Calorie
dish_1560973936,"salt, pepper, orange, arugula, pecans, mustard, raisins, olive oil, lime",44.0,75.24325645900001,5.8291864470000005,6.022746164,1.078271222,9,9,train,0,Low Calorie
dish_1567537422,"lettuce, bell peppers, broccoli, olive oil, cucumbers, onions, feta cheese, cantaloupe, vinaigrette, olives, cherry tomatoes",203.000003,109.319297213,6.288338285,12.188529932000002,3.2673020630000003,11,11,train,1,Medium Calorie
dish_1561579576,"cauliflower, olive oil, salt, eggplant",266.999997,78.002352688,2.0368235820000002,14.455882168999999,3.6503529099999996,4,4,train,0,Low Calorie
dish_1551390341,"broccoli, kiwi, chicken",164.0,147.10000000000002,2.513,12.76,19.107,3,3,train,1,Medium Calorie
dish_1562007817,"garlic, shallots, quinoa, brussels sprouts, thyme, wheat berry, cabbage, lemon juice, caesar salad, carrot, pepper, mayonnaise, jalapenos, arugula, pork, olive oil, parsley, salt",390.999995,444.121356962,15.101502278,51.505573208,26.162634081,18,18,test,2,High Calorie
dish_1551565797,olives,39.0,44.85,4.173,2.457,0.312,1,1,train,0,Low Calorie
dish_1550874191,"tomatoes, fish, carrot",140.0,92.19,10.509,4.632,14.812000000000001,3,3,test,1,Medium Calorie
dish_1550770699,cucumbers,64.0,6.4,0.0,1.28,0.64,1,1,train,0,Low Calorie
dish_1551377094,orange,79.0,37.13,0.079,9.48,0.711,1,1,train,0,Low Calorie
dish_1564415293,"sweet potato, olive oil",82.0,78.47999999999999,2.0,14.4,0.8,2,2,train,0,Low Calorie
dish_1563827482,"caesar salad, garlic, broccoli, zucchini, lime, olive oil, steak, squash, wheat berry, salt, cauliflower",620.999999,894.5216045299999,55.95566594,24.548782967,77.38000666999999,11,11,test,2,High Calorie
dish_1562010315,"caesar salad, jalapenos, pork, pepper, wheat berry, mayonnaise, brussels sprouts, carrot, garlic, cabbage, salt, parsley, lemon juice, olive oil",476.999995,671.106966991,38.237111042,19.743494242,61.929150748,14,14,train,2,High Calorie
dish_1551322577,orange,79.0,37.13,0.079,9.48,0.711,1,1,train,0,Low Calorie
dish_1565811061,"chicken, carrot, spinach (raw), broccoli",324.0,380.32,7.762,9.06,65.801,4,4,train,2,High Calorie
dish_1551390802,orange,94.0,44.18,0.094,11.28,0.846,1,1,train,0,Low Calorie
dish_1550861187,"pineapple, banana, berries",343.0,237.37,0.945,60.2,2.877,3,3,test,1,Medium Calorie
dish_1566402160,"egg whites, watermelon, yam, cantaloupe, sweet potato, olive oil",696.999994,458.71612340999997,8.6706789,41.691621299999994,47.0066037,6,6,train,2,High Calorie
dish_1551237180,orange,216.0,101.52,0.216,25.92,1.944,1,1,train,1,Medium Calorie
dish_1562946106,"cantaloupe, watermelon, sausage, scrambled eggs",359.0,578.964,41.861999999999995,16.796,33.006,4,4,train,2,High Calorie
dish_1562784266,"corn on the cob, pizza",76.0,131.804,4.16,20.240000000000002,4.884,2,2,test,1,Medium Calorie
dish_1565798617,"lettuce, pepper, mixed greens, olive oil, egg whites, berries, onions, cucumbers, vinegar, broccoli, salt, cherry tomatoes, lime",311.000002,197.70572431,7.669836151,18.518270445,14.063782945,13,13,test,1,Medium Calorie
dish_1551566236,sausage,45.0,155.07,12.285,1.89,8.685,1,1,train,1,Medium Calorie
dish_1550785404,carrot,91.0,37.31,0.182,9.1,0.819,1,1,train,0,Low Calorie
dish_1551305168,corn,33.0,31.68,0.495,6.93,1.122,1,1,test,0,Low Calorie
dish_1551317743,"white rice, lemon, bean(seed)",182.0,138.8,0.642,30.68,5.33,3,3,train,1,Medium Calorie
dish_1564169254,"sandwiches, watermelon",201.0,161.75,6.802,20.426000000000002,6.406,2,2,train,1,Medium Calorie
dish_1551237814,"tortilla, noodles, beef",159.0,338.78,13.132,30.9,23.555,3,3,train,2,High Calorie
dish_1562874282,"corn, garlic, chive, caesar salad, nopales, olive oil, pepper, green beans, lime, sour cream, parsley, salt, jicama, arugula, fish, carrot",469.000001,427.879966142,44.081678437,21.052487997,46.001809124999994,16,16,test,2,High Calorie
dish_1551486628,"carrot, olives, corn",126.0,128.26999999999998,8.975999999999999,13.307,1.8800000000000001,3,3,train,1,Medium Calorie
dish_1560799407,"pork, spinach (raw), sunflower seeds, white rice, parsley, lemon juice, olive oil, cranberries, arugula, raisins, garlic, carrot, onions, salt, rosemary, zucchini",122.000007,220.90174013700002,14.961290709999998,10.166318083,12.222573480000001,16,16,train,1,Medium Calorie
dish_1558720289,cauliflower,80.0,20.0,0.24,4.0,1.44,1,1,train,0,Low Calorie
dish_1558373492,"cantaloupe, almonds, sausage, grapes",325.0,888.23,66.769,42.29,38.957,4,4,train,2,High Calorie
dish_1558630737,cauliflower,89.0,22.25,0.267,4.45,1.602,1,1,test,0,Low Calorie
dish_1559844490,"grapes, mandarin oranges",180.0,108.36,0.45899999999999996,27.45,1.359,2,2,train,1,Medium Calorie
dish_1559581333,"olive oil, vinegar, bacon, eggs, cherry tomatoes, lettuce, lime, salt, mixed greens, pepper, onions, cucumbers",234.0,415.94676685,30.92536479,4.350250673,27.957259464,12,12,train,2,High Calorie
dish_1550874267,"carrot, fish, tomatoes",140.0,92.19,10.509,4.632,14.812000000000001,3,3,test,1,Medium Calorie
dish_1558720097,carrot,74.0,30.34,0.148,7.4,0.666,1,1,train,0,Low Calorie
dish_1551135536,fish,71.0,63.9,9.23,0.0,13.064,1,1,train,0,Low Calorie
dish_1563984771,"mixed greens, granola, raspberries, blackberries, chicken apple sausage, vinaigrette, scrambled eggs",387.999994,582.809186083,38.258386615999996,17.855515396,41.123999846,7,7,test,2,High Calorie
dish_1568405499,"radishes, pepper, vinegar, arugula, cabbage, brown rice, mustard greens, thyme, tomatoes, carrot, salt, salmon, pineapple, spinach (raw), cucumbers, mustard, olive oil, rice noodles, mixed greens, garlic, soy sauce, green onions",419.00001100000003,562.26928944,29.853747372,26.507203499,45.239138345,22,22,train,2,High Calorie
dish_1563216659,"garlic, cherry tomatoes, chicken breast, spinach (raw), parmesan cheese, wheat berry, squash, olive oil, thyme, salt",172.99999499999998,190.058014692,5.090515563,4.55478132,29.822712188,10,10,train,1,Medium Calorie
dish_1558723568,"cantaloupe, corn on the cob, carrot, cauliflower, apple",356.0,179.619,1.8479999999999999,42.959999999999994,3.879,5,5,train,1,Medium Calorie
dish_1561661500,"garlic, salt, soy sauce, sugar, cucumbers, pork, pepper, bok choy, white rice",268.000008,374.77567308,11.160463853,42.275835831,24.242856029,9,9,train,2,High Calorie
dish_1558026623,honeydew melons,83.0,29.88,0.083,7.47,0.415,1,1,test,0,Low Calorie
dish_1564170173,"bell peppers, onions, cherry tomatoes, olives",176.0,79.88,3.677,11.61,2.0949999999999998,4,4,test,0,Low Calorie
dish_1566851616,"caesar salad, broccoli, cheese pizza, olive oil",248.0,300.77889954,11.602609416,36.14160978,14.512780496,4,4,test,2,High Calorie
dish_1550777181,berries,98.0,55.86,0.294,13.72,0.686,1,1,train,0,Low Calorie
dish_1561662190,"salt, brown rice, mixed greens, olive oil, parsley, onions, lemon juice, vinegar, millet, apple",104.000001,117.318319257,3.987080289,18.39281572,2.398160082,10,10,train,1,Medium Calorie
dish_1565030350,"lettuce, mixed greens, lime, salt, cucumbers, onions, olive oil, vinegar, pepper, cherry tomatoes",61.999999,62.58565965,5.916210352,2.292192372,0.844501443,10,10,train,0,Low Calorie
dish_1560543557,"tomatoes, brown rice, olives, caesar salad",191.0,87.87,3.923,11.636,3.3529999999999998,4,4,train,1,Medium Calorie
dish_1558724992,almonds,79.0,456.699,39.105,17.933,17.696,1,1,train,2,High Calorie
dish_1558373284,sausage,113.0,389.398,30.849,4.746,21.809,1,1,train,2,High Calorie
dish_1568405273,"tomatoes, salmon, vinegar, cucumbers, kale, mustard, thyme, pepper, salt, brown rice, parmesan cheese, spinach (raw), arugula, mustard greens, caesar dressing, olive oil, garlic, croutons",288.000004,386.199737261,21.990467715,14.979708554,32.076678359000006,18,18,train,2,High Calorie
dish_1550712143,"bell peppers, mixed greens, tomatoes",214.0,73.24000000000001,0.986,15.141,3.254,3,3,train,0,Low Calorie
dish_1551235868,orange,178.0,83.66,0.178,21.36,1.602,1,1,test,0,Low Calorie
dish_1563391375,"cilantro, salt, onions, lemon juice, olive oil, jalapenos, squash, quinoa, fish, arugula, garlic, pepper, tomatillo",138.99999400000002,84.283707838,7.7742071379999995,5.039430674,8.285327204,13,13,train,0,Low Calorie
dish_1562008429,"jalapenos, lemon juice, wheat berry, pork, carrot, pepper, salt, cabbage, cucumbers, garlic, olive oil, parsley, mayonnaise",69.000001,94.46508712699999,5.511407961000001,1.765066677,9.056996532000001,13,13,train,1,Medium Calorie
dish_1562702044,"olive oil, squash, salt, cherry tomatoes, cauliflower",176.999998,44.034071945,1.102068183,7.411408074,2.278431549,5,5,train,0,Low Calorie
dish_1551397752,chicken,51.0,84.15,1.836,0.0,15.81,1,1,test,0,Low Calorie
dish_1561060531,"bok choy, brussels sprouts, cheese pizza, pineapple",177.0,162.079,4.101,26.291,6.733,4,4,train,1,Medium Calorie
dish_1566414862,roasted potatoes,67.0,94.47,4.556,12.06,1.407,1,1,train,1,Medium Calorie
dish_1562774129,"berries, vinaigrette, granola, blackberries, mixed greens, raspberries",76.999997,73.083542791,2.8980964979999997,11.336128324,1.53899987,6,6,train,0,Low Calorie
dish_1560453132,"mustard, spinach (raw), olive oil, almonds, carrot, salt, parsley, blueberries, vinegar",107.999997,142.09025419900001,12.929941951,5.810330094999999,2.847844632,9,9,train,1,Medium Calorie
dish_1565637578,"pineapple, parmesan cheese, salt, thyme, olive oil, wheat berry, garlic, spinach (raw), cherry tomatoes, quinoa, chicken breast",167.999999,197.301411064,4.829733224,18.11687464,19.958798062,11,11,train,1,Medium Calorie
dish_1559849466,"pears, almonds",262.0,467.613,30.396,44.399,14.468,2,2,train,2,High Calorie
dish_1559149688,eggs,181.0,281.455,19.005,2.172,22.625,1,1,train,2,High Calorie
dish_1558373639,mixed greens,20.0,5.6,0.08,1.06,0.44,1,1,train,0,Low Calorie
dish_1551396629,kiwi,80.0,48.8,0.4,12.0,0.88,1,1,test,0,Low Calorie
dish_1562602832,"strawberries, greek yogurt, chia seeds, milk",187.999997,144.18228657,5.482155264,15.51425122,9.78621308,4,4,train,1,Medium Calorie
dish_1551236466,cheese,20.0,80.4,6.6,0.26,5.0,1,1,train,0,Low Calorie
dish_1558026714,bacon,24.0,129.84,10.08,0.336,8.88,1,1,train,1,Medium Calorie
dish_1561578898,"cucumbers, onions, cheese pizza, cheese, walnuts, pesto, pepper, spinach (raw), chard, blueberries, olive oil, mustard, figs, salt, broccoli, arugula, pasta, cherry tomatoes, vinegar",266.999998,442.549797259,19.157740767,51.731296848,17.118249043,19,19,train,2,High Calorie
dish_1561739212,"berries, egg whites, sweet potato",214.0,134.01,0.32499999999999996,23.796999999999997,8.347,3,3,train,1,Medium Calorie
dish_1563565454,"carrot, cherry tomatoes, fish, chard, mushroom, wheat berry, ground turkey, thyme, bok choy, lemon juice, kale, arugula, salt, pecans, blueberries, mustard, eggs, corn on the cob, vinegar, cream, onions, celery, olive oil, parsley, chive, shallots, garlic, white rice",321.999998,350.788830786,22.686898694,26.577687621000003,22.234621249,28,28,train,2,High Calorie
dish_1561404956,"green onions, white rice, vinegar, ginger, parmesan cheese, soy sauce, croutons, chicken, spinach (raw), green beans, kale, caesar dressing, olive oil, salt, garlic, broccoli",81.999998,97.60078670499999,2.638520401,4.593264176,13.654343316,16,16,train,1,Medium Calorie
dish_1550710318,"pineapple, carrot, chicken",159.0,182.17000000000002,3.3659999999999997,8.18,28.638,3,3,train,1,Medium Calorie
dish_1568315040,"avocado, jalapenos, spinach (raw), brown rice, ginger, chili, garlic, spinach (cooked), onions, salt, lime, lemon juice, quinoa, cilantro, vinegar, salmon, beef, millet, bok choy, mushroom, shallots, tomatoes, olive oil",400.000002,555.920345258,32.094083944,27.321145000999998,41.118201389,23,23,test,2,High Calorie
dish_1550778007,cucumbers,61.0,6.1,0.0,1.22,0.61,1,1,train,0,Low Calorie
dish_1550859622,"sausage, potatoes, bacon",145.0,327.178,21.368,15.198,17.484,3,3,test,2,High Calorie
dish_1551491326,"sausage, scrambled eggs, ham",193.0,475.442,35.541000000000004,5.58,31.621,3,3,train,2,High Calorie
dish_1565379827,"vinegar, soy sauce, garlic, radishes, pepper, mixed greens, carrot, salt, cabbage, green onions, olive oil, rice noodles",234.999992,150.53094308,4.162645692,27.104969484,2.6319362980000003,12,12,train,1,Medium Calorie
dish_1564691420,"mixed greens, lime, lettuce, salt, cucumbers, onions, olive oil, pepper, vinegar, corn on the cob, green beans, cherry tomatoes",226.000004,212.34730727000002,13.716616195999999,22.601647403999998,4.469414038,12,12,test,1,Medium Calorie
dish_1551488324,olives,40.0,46.0,4.28,2.52,0.32,1,1,train,0,Low Calorie
dish_1561661377,"garlic, chard, brown rice, green beans, chicken, salt, carrot, caesar salad, parsley, chive, rosemary, basil, lemon juice, olive oil",294.000001,306.333720347,8.972795018,11.854834144,43.735157289,14,14,test,2,High Calorie
dish_1565725095,"cherry tomatoes, olives, carrot, bell peppers",257.0,121.72,5.134,19.185,3.149,4,4,train,1,Medium Calorie
dish_1558638844,apple,154.0,80.08,0.308,21.56,0.462,1,1,train,0,Low Calorie
dish_1558379273,sausage,66.0,227.436,18.018,2.772,12.738,1,1,train,1,Medium Calorie
dish_1564761426,"egg whites, fried rice",202.0,207.569,2.344,29.738,15.059000000000001,2,2,train,1,Medium Calorie
dish_1550861703,"banana, apple, scrambled eggs",278.0,251.52,10.964,30.616,10.466,3,3,train,1,Medium Calorie
dish_1550873668,"avocado, chicken, cheese",203.0,418.82,21.198,3.078,52.36,3,3,train,2,High Calorie
dish_1562876645,"pepper, chicken, squash, spinach (raw), lemon juice, basil, rosemary, garlic, olive oil, zucchini, salt, parsley, wheat berry, thyme, cheese pizza",112.000001,220.774612682,7.151314482,15.84591435,22.03345369,15,15,train,1,Medium Calorie
dish_1559233570,strawberries,51.0,16.83,0.153,4.08,0.357,1,1,test,0,Low Calorie
dish_1551142547,"ham, potatoes, pineapple",218.0,189.93,4.170999999999999,23.195,15.785,3,3,train,1,Medium Calorie
dish_1558113941,"mixed greens, almonds",78.0,296.89,24.862,12.834,11.815999999999999,2,2,test,2,High Calorie
dish_1563900205,"sweet potato, broccoli, olive oil, scrambled eggs, cantaloupe",301.000003,262.2619508,14.248585208,21.50634168,12.863122028,5,5,train,2,High Calorie
dish_1561580278,caesar salad,53.0,23.32,1.113,2.279,1.696,1,1,train,0,Low Calorie
dish_1563824065,"zucchini, broccoli, squash",66.0,15.51,0.242,2.8819999999999997,0.968,3,3,train,0,Low Calorie
dish_1550707357,oatmeal,136.0,92.48,1.904,16.32,3.264,1,1,train,1,Medium Calorie
dish_1566316612,"hash browns, bacon, vinegar, radishes, scrambled eggs, garlic, bell peppers, salt, eggplant, mustard, cucumbers, olive oil",367.000002,665.2371074499999,51.483866153,24.176440212,27.457710584999997,12,12,train,2,High Calorie
dish_1551222982,broccoli,38.0,13.3,0.152,2.66,0.912,1,1,train,0,Low Calorie
dish_1551314927,"corn, bacon, lemon",142.0,142.10000000000002,7.1129999999999995,15.959999999999999,7.775,3,3,train,1,Medium Calorie
dish_1558373687,sausage,89.0,306.694,24.297,3.738,17.177,1,1,train,2,High Calorie
dish_1551488807,"kiwi, nuts, orange",124.0,194.5,12.733,18.54,5.615,3,3,train,1,Medium Calorie
dish_1551389118,avocado,23.0,36.8,3.45,2.07,0.46,1,1,train,0,Low Calorie
dish_1562949494,"bok choy, olive oil, berries",149.000002,68.54561384,2.127585808,12.325365888,1.5926585599999998,3,3,test,0,Low Calorie
dish_1562945499,"berries, broccoli, greek yogurt, sweet potato, olive oil, grapes, chia seeds, milk, egg whites",625.000006,454.50836495,11.256931648,65.264670352,26.271180737999998,9,9,train,2,High Calorie
dish_1550709129,"bell peppers, nuts, beef",150.0,370.17,27.834,15.09,19.259999999999998,3,3,train,2,High Calorie
dish_1564429843,"pepper, garlic, lemon juice, parsley, cabbage, arugula, cauliflower, quinoa, shallots, carrot, olive oil, thyme, mayonnaise, jalapenos, wheat berry, pork, squash, salt",473.99999299999996,395.729837256,11.635026331999999,52.371741130000004,21.758064308,18,18,train,2,High Calorie
dish_1565728634,"bok choy, millet, chicken, beef, vinegar, wheat berry, roasted potatoes, lemon juice, salt, cheese pizza, garlic, pineapple, spinach (raw), squash, olive oil, thyme, onions, parsley, broccoli, shallots, spinach (cooked)",417.999997,436.406654797,15.944896703000001,41.951989099,31.455549657,21,21,train,2,High Calorie
dish_1564685144,"green beans, olive oil",50.0,26.1625,1.29875,3.4125,0.8775,2,2,train,0,Low Calorie
dish_1550711129,scrambled eggs,82.0,121.36,9.02,1.312,8.2,1,1,train,1,Medium Calorie
dish_1551237463,broccoli,41.0,14.35,0.164,2.87,0.984,1,1,train,0,Low Calorie
dish_1565203094,"rosemary, parsley, garlic, chicken, pizza, salt, chive, lemon juice, chard, basil, olive oil, brown rice",484.999998,898.0196020400001,27.678382098,37.983810283,116.735559948,12,12,train,2,High Calorie
dish_1560368162,"olive oil, cherry tomatoes, mushroom, salt, eggplant",178.000002,41.6392188,0.92705914,7.77437263,2.3942157,5,5,train,0,Low Calorie
dish_1559233055,garden salad,39.0,25.194,1.326,1.248,2.379,1,1,train,0,Low Calorie
dish_1562704528,cheese pizza,56.0,148.904,5.264,18.76,6.272,1,1,train,1,Medium Calorie
dish_1565884692,egg whites,408.0,212.16,0.816,2.856,40.8,1,1,train,1,Medium Calorie
dish_1565031283,"kale, onions, olive oil, green onions, broccoli, garlic, chili, beef, white rice, soy sauce, salt, orange juice, vinegar",115.99999600000001,252.6804573,14.38757358,4.51372482,23.917740453999997,13,13,train,1,Medium Calorie
dish_1551565720,"cauliflower, white rice, ham",132.0,122.25,2.79,13.64,10.773,3,3,train,1,Medium Calorie
dish_1550862993,orange,35.0,16.45,0.035,4.2,0.315,1,1,train,0,Low Calorie
dish_1558640593,apple,116.0,60.32,0.232,16.24,0.348,1,1,train,0,Low Calorie
dish_1562687554,"berries, salt, mustard, cucumbers, olive oil, waffles, chicken apple sausage, vinegar, honeydew melons, radishes, garlic, bell peppers",280.999998,409.334603082,23.747805032,42.104260618,9.005127278,12,12,train,2,High Calorie
dish_1561145732,orange with peel,67.0,19.698,0.067,5.025,0.402,1,1,train,0,Low Calorie
dish_1560539314,"fish, quinoa, tomatillo, jalapenos, arugula, lemon juice, onions, salt, cilantro, olive oil, garlic, pepper",157.999997,165.738339754,18.348403927,6.32758636,20.611413122,12,12,train,1,Medium Calorie
dish_1558639221,cauliflower,98.0,24.5,0.294,4.9,1.764,1,1,train,0,Low Calorie
dish_1551227280,cucumbers,49.0,4.9,0.0,0.98,0.49,1,1,train,0,Low Calorie
dish_1559172356,"salt, brown rice, arugula, pepper, salmon, thyme, olive oil",176.000002,313.10390742000004,15.885429426,6.92898853,32.684392896,7,7,train,2,High Calorie
dish_1551232748,"fish, brussels sprouts, ham",200.0,170.29,12.664,7.755,26.374,3,3,train,1,Medium Calorie
dish_1550792365,"bell peppers, apple, cantaloupe",181.0,74.44,0.362,18.22,1.855,3,3,train,0,Low Calorie
dish_1558110385,eggs,34.0,52.87,3.57,0.408,4.25,1,1,train,0,Low Calorie
dish_1550777713,cantaloupe,62.0,21.08,0.124,4.96,0.496,1,1,train,0,Low Calorie
dish_1550876416,"chicken, avocado, orange",120.0,159.47,7.680999999999999,7.23,16.559,3,3,train,1,Medium Calorie
dish_1562959344,"radishes, cucumbers",44.0,5.54,0.019,1.146,0.383,2,2,train,0,Low Calorie
dish_1563811639,"strawberries, scrambled eggs",198.0,217.14000000000001,14.718,7.392,13.661999999999999,2,2,train,1,Medium Calorie
dish_1562860723,"berries, pineapple",160.0,87.91,0.386,21.93,1.026,2,2,train,1,Medium Calorie
dish_1559232986,bacon,35.0,189.35,14.7,0.49,12.95,1,1,train,1,Medium Calorie
dish_1561737176,sausage,117.0,403.182,31.941,4.914,22.581,1,1,train,2,High Calorie
dish_1567537280,"chili, onions, kale, orange juice, soy sauce, green onions, carrot, pepper, white rice, vinegar, olive oil, cheese pizza, salt, garlic, broccoli, beef",404.0,733.0185727200001,34.708237952999994,51.064736975,51.275159007999996,16,16,train,2,High Calorie
dish_1561578188,"cauliflower, eggplant, salt, olive oil",200.999998,57.990976624,1.453176076,10.810784242,2.82298038,4,4,train,0,Low Calorie
dish_1562180089,"vegetable oil, olive oil, buttermilk, flour, chicken, bacon, garlic, squash, salt, lemon juice, thyme, parsley",436.999997,851.298721463,57.79668038999999,19.00103882,60.673373831999996,12,12,train,2,High Calorie
dish_1567022251,"onions, cherry tomatoes, olives, carrot, bell peppers",254.0,111.91,4.126,18.481,2.959,5,5,train,1,Medium Calorie
dish_1551136396,"brussels sprouts, avocado, ham",171.0,199.59,13.434000000000001,12.315,12.021999999999998,3,3,train,1,Medium Calorie
dish_1551493698,olives,58.0,66.7,6.206,3.654,0.464,1,1,train,0,Low Calorie
dish_1550770616,scrambled eggs,85.0,125.8,9.35,1.36,8.5,1,1,train,1,Medium Calorie
dish_1566850031,"olives, carrot, chicken, caesar dressing, cherry tomatoes, onions",662.0,616.772,19.197,25.78,84.64500000000001,6,6,train,2,High Calorie
dish_1566933401,"bok choy, olive oil",79.00000299999999,27.05268098,2.080975348,1.695609828,1.15609761,2,2,train,0,Low Calorie
dish_1551222833,"brussels sprouts, tortilla, bell peppers",106.0,75.97,0.749,16.02,3.5540000000000003,3,3,test,0,Low Calorie
dish_1551391505,nuts,54.0,327.78,29.16,11.34,10.8,1,1,train,2,High Calorie
dish_1560357832,"mustard, waffles, vinegar, cucumbers, spinach (raw), mustard greens, olive oil, salt, garlic, tomatoes",82.000001,181.35141051,10.603176237,17.474183185,4.632457571,10,10,train,1,Medium Calorie
dish_1562875870,"fish, arugula, jicama, nopales, salt, lime, carrot, couscous, corn, pepper, olive oil, sour cream, chive, parsley, garlic",233.0,256.946403263,17.797084973,26.566978695,21.725404029,15,15,train,1,Medium Calorie
dish_1562690886,"broccoli, olive oil",37.0,20.61170711,1.046829244,2.52682927,0.866341464,2,2,train,0,Low Calorie
dish_1551564456,"carrot, orange, olives",140.0,102.80000000000001,6.094,13.248,1.204,3,3,train,1,Medium Calorie
dish_1551565425,broccoli,45.0,15.75,0.18,3.15,1.08,1,1,train,0,Low Calorie
dish_1563302345,"wheat berry, parsley, spinach (raw), mushroom, chicken, shallots, garlic, salt, olive oil, thyme, lemon juice",214.999996,265.855432047,7.567317706,5.092874564000001,43.00116542400001,11,11,test,2,High Calorie
dish_1551395766,"asparagus, pineapple, white rice",118.0,90.68,0.21199999999999997,20.57,1.964,3,3,train,1,Medium Calorie
dish_1566923060,"bacon, scrambled eggs, pineapple, hash browns",248.0,515.8199999999999,34.608999999999995,33.982,18.783,4,4,train,2,High Calorie
dish_1558462036,spinach (raw),13.0,2.99,0.052,0.468,0.377,1,1,train,0,Low Calorie
dish_1558637247,corn on the cob,111.0,117.771,2.664,24.42,3.441,1,1,train,1,Medium Calorie
dish_1558028142,deprecated,73.0,21.9,0.073,5.548,0.438,1,1,train,0,Low Calorie
dish_1560543625,"chicken, ginger, tomatillo, brown rice, spinach (raw), roasted potatoes, olive oil, onions, vinegar, broccoli, green onions, green beans, olives, caesar salad, arugula, pepper, quinoa, fish, garlic, jalapenos, soy sauce, tomatoes, lemon juice, white rice, salt, cilantro",553.999997,560.30091866,30.885401392000002,32.192527866,64.66628296900001,26,26,train,2,High Calorie
dish_1563565323,"eggs, corn on the cob, ground turkey, thyme, kale, celery, salt, carrot, white rice, mushroom, cream, onions, olive oil, chive, garlic",152.0,229.530237916,10.840513764,21.651376061999997,14.405100819,15,15,train,1,Medium Calorie
dish_1558379639,sausage,112.0,385.952,30.576,4.704,21.616,1,1,train,2,High Calorie
dish_1551322714,corn,34.0,32.64,0.51,7.14,1.156,1,1,train,0,Low Calorie
dish_1559932674,orange,124.0,58.28,0.124,14.88,1.116,1,1,test,0,Low Calorie
dish_1559245801,berries,107.0,60.99,0.321,14.98,0.749,1,1,train,0,Low Calorie
dish_1561996786,"grapes, chicken apple sausage",99.0,119.27,5.686,9.42,8.141,2,2,train,1,Medium Calorie
dish_1562873814,"cherry tomatoes, salt, pepper, green beans, vinegar, cucumbers, onions, olive oil, mixed greens, lime, lettuce",134.000004,106.58020968,8.689230996000001,6.799563621,2.057024397,11,11,train,1,Medium Calorie
dish_1566931620,"avocado, olives, mixed greens, chicken, broccoli",461.0,494.58000000000004,26.081,22.006,48.034,5,5,train,2,High Calorie
dish_1567785223,"vinaigrette, raspberries, sausage, mixed greens, scrambled eggs, granola, blackberries",260.999999,487.712485297,35.621967932000004,13.794290280999999,27.38899996,7,7,test,2,High Calorie
dish_1551493311,"kiwi, sausage, white rice",198.0,417.876,26.645999999999997,24.012,20.226,3,3,train,2,High Calorie
dish_1551389218,"avocado, asparagus, scrambled eggs",108.0,135.804,10.511,3.913,7.322,3,3,train,1,Medium Calorie
dish_1550711314,"oatmeal, potatoes, scrambled eggs",338.0,302.82,11.538,36.132,14.015999999999998,3,3,train,2,High Calorie
dish_1551303285,white rice,61.0,79.3,0.183,17.08,1.647,1,1,train,0,Low Calorie
dish_1561739188,"berries, sweet potato",143.0,97.09,0.183,23.299999999999997,1.2469999999999999,2,2,train,1,Medium Calorie
dish_1564687046,"white rice, salt, shallots, olive oil, onions, jalapenos, steak, green beans, bell peppers, millet, cilantro, kale, ketchup, vinegar, spinach (raw), fish, lime",308.000007,374.793829792,29.070164037,20.458341788,33.685577384,17,17,test,2,High Calorie
dish_1562873187,"green beans, olive oil, bok choy",255.000002,64.21675062,2.404025002,9.263750139999999,4.026450036,3,3,train,0,Low Calorie
dish_1561491180,"shallots, fish, spinach (raw), blueberries, wheat berry, olive oil, lemon juice, mustard, salt, parsley, cherry tomatoes, chard, vinegar, radishes, wild rice, chive, garlic",217.000005,236.347468894,18.691791456,20.364334018,21.25133675,17,17,train,1,Medium Calorie
dish_1558725702,brussels sprouts,117.0,50.31,0.351,10.53,3.978,1,1,train,0,Low Calorie
dish_1550785697,mixed greens,23.0,6.44,0.092,1.219,0.506,1,1,train,0,Low Calorie
dish_1566242298,"olives, carrot, chicken, parmesan cheese, cherry tomatoes, onions, tuna",558.0,709.369,21.716,17.345,106.702,7,7,train,2,High Calorie
dish_1562789240,"cherry tomatoes, parsley, basil, lemon juice, onions, salt, cheese pizza, broccoli, garlic, pork, vinegar, brown rice, olive oil, shallots, pepper",153.999998,361.555600546,18.02955202,21.636830044,26.509660096,15,15,train,2,High Calorie
dish_1559590031,"asparagus, quinoa, pepper, spinach (raw), olive oil, onions, mustard, pumpkin seeds, vinegar, mushroom, blueberries, kale, pizza, cranberries, salt, apple",268.999999,402.74619295900004,19.749414246,42.538002623000004,15.597240874999999,16,16,train,2,High Calorie
dish_1563389693,"carrot, grilled chicken, cherry tomatoes",383.0,500.218,29.284,14.824,45.545,3,3,train,2,High Calorie
dish_1563208412,chicken apple sausage,39.0,62.4,3.9,1.17,5.46,1,1,train,0,Low Calorie
dish_1551390837,"tortilla, cauliflower, orange",206.0,124.28999999999999,1.1320000000000001,27.68,3.996,3,3,test,1,Medium Calorie
dish_1551378635,cantaloupe,80.0,27.2,0.16,6.4,0.64,1,1,train,0,Low Calorie
dish_1550863078,"berries, pineapple, orange",116.0,60.31,0.212,15.21,0.8160000000000001,3,3,train,0,Low Calorie
dish_1551488448,"olives, ham, orange",79.0,92.75,6.03,4.155,6.5,3,3,train,1,Medium Calorie
dish_1551563660,"tofu, lemon, white rice",106.0,76.49000000000001,2.208,11.687999999999999,4.4959999999999996,3,3,train,0,Low Calorie
dish_1566416388,"salt, roasted potatoes, olive oil, eggplant, green beans",314.999997,259.86988998,12.182320428,34.873813545,5.198692114,5,5,train,1,Medium Calorie
dish_1565728388,cheese pizza,47.0,124.973,4.418,15.745,5.264,1,1,train,1,Medium Calorie
dish_1562963059,"garlic, tomatillo, pepper, fish, arugula, quinoa, salt, cherry tomatoes, onions, olive oil, lemon juice, roasted potatoes, cilantro, jalapenos",388.999992,369.527266026,33.521896673,25.158858579,34.327640222,14,14,train,2,High Calorie
dish_1551490767,"sausage, ham, olives",182.0,434.032,32.631,7.374,27.566,3,3,train,2,High Calorie
dish_1560543729,"broccoli, cauliflower, garlic, olive oil, vinegar, green beans, spinach (raw), ginger, salt, soy sauce, green onions, roasted potatoes, white rice, chicken",213.000003,219.52992033,7.758306001,20.830943708,16.744329164,14,14,test,1,Medium Calorie
dish_1561996859,"chicken apple sausage, broccoli, berries, egg whites, grapes, olive oil",295.000002,227.33072868,7.503926399999999,25.222927,15.9301464,6,6,test,1,Medium Calorie
dish_1564588567,"sausage, scrambled eggs, egg whites",312.0,450.666,30.105,5.274,35.943,3,3,train,2,High Calorie
dish_1558381665,broccoli,51.0,17.85,0.204,3.57,1.224,1,1,train,0,Low Calorie
dish_1560455343,"carrot, salt, parsley, mustard, olive oil, almonds, vinegar, blueberries, spinach (raw)",41.0,53.941674375000005,4.908589457,2.205773543,1.0811262529999999,9,9,test,0,Low Calorie
dish_1565203015,"parsley, chard, lemon juice, garlic, chicken, chive, salt, brown rice, olive oil, basil, rosemary",396.99999799999995,663.9396020400001,19.142382098,8.943810283,107.05555994800001,11,11,test,2,High Calorie
dish_1560455380,"vinegar, almonds, olive oil, carrot, salt, chard, blueberries, parsley, mustard, spinach (raw)",78.0,60.971674375000006,4.982589457,3.574773543,1.747126253,10,10,train,0,Low Calorie
dish_1565721855,"zucchini, chayote squash, spinach (raw), chicken, wheat berry, salt, parsley, roasted potatoes, shallots, garlic, thyme, olive oil, lemon juice",449.99999699999995,479.034453755,15.635770324,23.092733813,59.862835348000004,13,13,train,2,High Calorie
dish_1567020394,"fish, pepper, kale, parsley, olive oil, chive, broccoli, cherry tomatoes, wheat berry, chard, lemon juice, salt, shallots, garlic, brussels sprouts",264.999997,176.158626077,12.666014672,16.685022778,13.626101388,15,15,test,1,Medium Calorie
dish_1558723671,carrot,93.0,38.13,0.186,9.3,0.837,1,1,train,0,Low Calorie
dish_1563897395,"cantaloupe, sweet potato, olive oil, broccoli",232.999999,135.9136562,2.6115120000000003,26.800487659999998,2.88780487,4,4,train,1,Medium Calorie
dish_1561664061,"bok choy, chicken, pepper, green beans, pork, olive oil, cucumbers, parsley, salt, carrot, garlic, soy sauce, chive, white rice, chard, brown rice, sugar, lemon juice, basil, rosemary",269.000007,303.643006609,9.801617052,13.712840389,38.910918722,20,20,train,2,High Calorie
dish_1558379324,cantaloupe,48.0,16.32,0.096,3.84,0.384,1,1,train,0,Low Calorie
dish_1558458584,"spinach (raw), grapes, almonds",142.0,351.18100000000004,25.455000000000002,25.941,12.369,3,3,train,2,High Calorie
dish_1550772088,berries,70.0,39.9,0.21,9.8,0.49,1,1,train,0,Low Calorie
dish_1567024187,"quinoa, wine, lemon juice, olive oil, spinach (cooked), salt, cheese pizza, chayote squash, squash, chicken thighs, eggplant, zucchini, mushroom, roasted potatoes, garlic, shallots",234.999999,334.945824404,12.615191988,38.525384648999996,16.733999979,16,16,train,2,High Calorie
dish_1558639012,"cherry tomatoes, corn on the cob, cauliflower, apple, grapes",490.0,257.436,2.237,63.263999999999996,4.685,5,5,train,1,Medium Calorie
dish_1551135656,tomatoes,47.0,15.98,0.329,3.196,0.329,1,1,train,0,Low Calorie
dish_1550875931,potatoes,54.0,41.58,0.054,9.18,1.08,1,1,train,0,Low Calorie
dish_1565382733,pepperoni pizza,102.0,287.64,12.24,32.64,12.24,1,1,train,2,High Calorie
dish_1550777566,"nuts, potato chips, cantaloupe",121.0,291.94,21.57,21.419999999999998,7.46,3,3,train,2,High Calorie
dish_1561575347,"olive oil, roasted potatoes, bell peppers, onions, shallots, spinach (cooked), salt, millet, bok choy, pizza, beef, vinegar",327.000003,554.7600264299999,27.433949439000003,37.903404275999996,36.771890956,12,12,train,2,High Calorie
dish_1550708327,"tofu, cucumbers, tomatoes",170.0,67.07,3.149,6.175,5.513,3,3,train,0,Low Calorie
dish_1563564707,"caesar dressing, croutons, kale, corn on the cob, parmesan cheese",149.999998,143.991692538,4.091075228,24.557519329999998,6.571747236,5,5,train,1,Medium Calorie
dish_1561578323,cheese pizza,43.0,114.337,4.042,14.405,4.816,1,1,train,1,Medium Calorie
dish_1562790775,"bell peppers, cucumbers, salt, mustard, garlic, olive oil, vinegar, radishes",40.0,75.686304344,7.803151740000001,1.519515004,0.39418178000000004,8,8,train,0,Low Calorie
dish_1561575033,"oregano, pepper, chicken, basil, lemon juice, garlic, salt, shallots, thyme, butter, olive oil, eggplant, mushroom, arugula, cream, white wine, rosemary, wheat berry",339.000005,354.445361056,11.978688813,13.237387937,47.962564908999994,18,18,train,2,High Calorie
dish_1565811139,"carrot, goat cheese, olive oil, broccoli, spinach (raw), chicken",416.0,902.2,62.632,9.06,74.731,6,6,test,2,High Calorie
dish_1567023375,"tofu, almonds, chard, blueberries, vinegar, pecans, arugula, carrot, mustard, olive oil, garlic, greek salad, raspberries, salt",268.0,248.566389259,19.267871568,8.701453419,15.367284103000001,14,14,train,1,Medium Calorie
dish_1558721533,cantaloupe,55.0,18.7,0.11,4.4,0.44,1,1,train,0,Low Calorie
dish_1562874049,cheese pizza,155.0,412.145,14.57,51.925,17.36,1,1,train,2,High Calorie
dish_1562872746,"pepper, fish, corn, garlic, vinegar, sour cream, nopales, mustard, olive oil, strawberries, jicama, arugula, parsley, figs, carrot, lime, salt, chive",202.99999699999998,242.36398927,23.447699819,12.912596293,17.217416957,18,18,train,1,Medium Calorie
dish_1558638954,grapes,129.0,89.01,0.258,23.22,0.903,1,1,train,1,Medium Calorie
dish_1550707914,carrot,29.0,11.89,0.058,2.9,0.261,1,1,train,0,Low Calorie
dish_1551136531,scrambled eggs,55.0,81.4,6.05,0.88,5.5,1,1,train,0,Low Calorie
dish_1558641164,apple,154.0,80.08,0.308,21.56,0.462,1,1,train,0,Low Calorie
dish_1550707638,"scrambled eggs, oatmeal, bread",269.0,345.672,13.27,37.983999999999995,18.244,3,3,train,2,High Calorie
dish_1562611824,"salt, chickpeas, olive oil, mustard greens, parsley, vinegar, arugula, pepper",109.000001,192.566218978,11.998873779,16.746549676,5.932548497,8,8,test,1,Medium Calorie
dish_1561996401,"sweet potato, scrambled eggs",548.0,611.6,29.81,54.196,29.87,2,2,train,2,High Calorie
dish_1558461607,grapes,127.0,87.63,0.254,22.86,0.889,1,1,train,1,Medium Calorie
dish_1560366389,"mustard, olive oil, walnuts, salt, pepper, chard, vinegar, blueberries, arugula",38.0,46.909071449,4.4574835440000005,1.529993941,0.911942762,9,9,train,0,Low Calorie
dish_1561392632,"olive oil, cucumbers, mustard, bacon, berries, salt, bell peppers, garlic, broccoli, scrambled eggs, radishes, vinegar",351.999999,500.114929799,35.600466321,19.517466562,26.380599974,12,12,train,2,High Calorie
dish_1551136769,"scrambled eggs, bacon, noodles",115.0,216.59,12.497,12.812,12.425,3,3,test,1,Medium Calorie
dish_1566499686,"pepper, spinach (raw), vinegar, white rice, olives, bok choy, garlic, soy sauce, mustard, onions, olive oil, pork, sun dried tomatoes, sugar, salt, cucumbers",387.99999499999996,674.706756179,37.685776452,35.915737323,48.447743720999995,16,16,test,2,High Calorie
dish_1563395510,"broccoli, carrot, salt, lime, olive oil, parsley, zucchini, corn, pepper, quinoa, cilantro, hominy, garlic, sour cream, jalapenos, spinach (raw), black beans, arugula, cheese, tortilla chips, chicken thighs, squash, tomatillo, cheese pizza, fish, cherry tomatoes, chili, bell peppers, lemon juice, cabbage, onions, tomatoes",372.000007,415.627429453,19.100136238999998,33.541645057,34.771232772,32,32,train,2,High Calorie
dish_1551566851,carrot,21.0,8.61,0.042,2.1,0.189,1,1,train,0,Low Calorie
dish_1551375443,"cantaloupe, shrimp, berries",178.0,99.17,0.451,14.42,10.649,3,3,train,1,Medium Calorie
dish_1559157454,"arugula, chard, vinegar, pepper, walnuts, salt, mustard, olive oil, blueberries",28.0,34.564574565,3.2844611020000003,1.127363889,0.671957781,9,9,test,0,Low Calorie
dish_1550860107,"scrambled eggs, berries, oatmeal",224.0,211.43,10.359,19.532,10.604999999999999,3,3,train,1,Medium Calorie
dish_1563563348,"cherry tomatoes, olives, grilled chicken, carrot, bell peppers",294.0,362.642,22.785,12.091999999999999,29.323,5,5,test,2,High Calorie
dish_1561405389,"white rice, chickpeas, soy sauce, arugula, ginger, spinach (raw), parsley, pears, broccoli, garlic, salt, pepper, vinegar, green beans, olive oil, lemon juice, green onions, chicken",222.999999,265.983456076,8.393057833,12.105438268,34.985946263,18,18,test,2,High Calorie
dish_1560526514,"potatoes, cucumbers, mustard greens, olive oil, almonds, carrot, berries, pineapple, blueberries, parsley, mustard, garlic, salt, tomatoes, spinach (raw), vinegar",224.000003,183.252766609,8.398129685,26.031250838000002,3.4180246810000003,16,16,test,1,Medium Calorie
dish_1558629818,almonds,27.0,156.087,13.365,6.129,6.048,1,1,train,1,Medium Calorie
dish_1551303168,shrimp,55.0,54.45,0.165,0.11,13.2,1,1,train,0,Low Calorie
dish_1563221443,pepperoni pizza,86.0,242.52,10.32,27.52,10.32,1,1,train,1,Medium Calorie
dish_1550770751,cantaloupe,107.0,36.38,0.214,8.56,0.856,1,1,test,0,Low Calorie
dish_1568320296,cheese pizza,85.0,226.015,7.99,28.475,9.52,1,1,test,1,Medium Calorie
dish_1558116399,mixed greens,25.0,7.0,0.1,1.325,0.55,1,1,test,0,Low Calorie
dish_1562875211,"pizza, caesar salad",147.0,282.24,10.535,34.447,12.347999999999999,2,2,train,2,High Calorie
dish_1561492519,"banana with peel, wheat bread",206.0,271.32,2.9539999999999997,52.378,11.528,2,2,train,2,High Calorie
dish_1563304333,"croutons, salt, chicken, spinach (raw), parsley, lemon juice, caesar dressing, olive oil, garlic, wheat berry, parmesan cheese, kale, thyme, shallots, roasted potatoes",307.999994,451.235669088,16.554086834,26.734759945,47.086283205,15,15,train,2,High Calorie
dish_1561997248,bacon,21.0,113.61,8.82,0.294,7.77,1,1,train,1,Medium Calorie
dish_1558723719,almonds,40.0,231.24,19.8,9.08,8.96,1,1,test,1,Medium Calorie
dish_1567714839,"avocado, chicken, mixed greens, olives",379.0,521.71,26.029,13.081,60.204,4,4,train,2,High Calorie
dish_1560798744,"broccoli, cheese pizza, tofu",220.0,357.15200000000004,14.164,39.889,19.32,3,3,test,2,High Calorie
dish_1558113304,"grapes, cantaloupe, almonds",175.0,247.07100000000003,15.633000000000001,23.957,8.042,3,3,train,1,Medium Calorie
dish_1551222472,mushroom,24.0,5.28,0.072,0.792,0.744,1,1,test,0,Low Calorie
dish_1550771191,bacon,15.0,81.15,6.3,0.21,5.55,1,1,train,0,Low Calorie
dish_1551235109,bread,59.0,156.586,2.478,24.957,7.965,1,1,test,1,Medium Calorie
dish_1551123455,"cantaloupe, pineapple, oatmeal",193.0,100.5,1.185,21.57,2.501,3,3,train,1,Medium Calorie
dish_1563308428,"orange juice, soy sauce, vinegar, onions, kale, olive oil, garlic, chili, carrot, beef, white rice, eggplant, salt, roasted potatoes, broccoli, green onions",329.0,406.30767123199996,20.298131041,28.675206189,26.585043443,16,16,train,2,High Calorie
dish_1558630932,"apple, cauliflower, almonds",265.0,292.644,17.380999999999997,32.048,9.644,3,3,train,2,High Calorie
dish_1551224689,cucumbers,42.0,4.2,0.0,0.84,0.42,1,1,train,0,Low Calorie
dish_1560368019,"pizza, salt, green onions, onions, olive oil, country rice, eggplant, spinach (raw), fish, asparagus, garlic",300.999999,436.9659296492,21.659852983,49.962539298,26.125686512799998,11,11,train,2,High Calorie
dish_1551379252,broccoli,59.0,20.65,0.236,4.13,1.416,1,1,test,0,Low Calorie
dish_1563911255,"fried rice, salt, rosemary, lemon juice, olive oil, onions, spinach (raw), green beans, quinoa, garlic, bell peppers, tomatoes, jalapenos, millet, pepper, chicken",235.000002,293.19215648,12.387642769000001,24.054247806,21.956120011,16,16,train,2,High Calorie
dish_1563813833,"sausage, egg whites",207.0,256.866,14.235,3.234,25.442999999999998,2,2,train,1,Medium Calorie
dish_1562775373,"bacon, scrambled eggs",148.0,329.08,24.96,2.312,22.36,2,2,train,2,High Calorie
dish_1559242221,almonds,114.0,659.034,56.43,25.878,25.536,1,1,test,2,High Calorie
dish_1566332193,"spinach (raw), avocado, olives, chicken, cucumbers",504.0,527.45,29.494,18.466,51.840999999999994,5,5,train,2,High Calorie
dish_1563295292,bacon,22.0,119.02,9.24,0.308,8.14,1,1,train,1,Medium Calorie
dish_1567106794,"mustard, olive oil, mixed greens, walnuts, lettuce, salt, garlic, blue cheese, vinegar",47.999999,102.33824142,10.138825050000001,1.6957275410000001,2.020697702,9,9,test,1,Medium Calorie
dish_1562691566,"broccoli, olive oil, egg whites",186.999999,100.61365653,2.766633948,6.886634089999999,11.730731687999999,3,3,train,1,Medium Calorie
dish_1551136610,noodles,47.0,64.86,0.987,11.75,2.115,1,1,train,0,Low Calorie
dish_1562703382,"pizza, berries",145.0,203.87,5.8870000000000005,31.32,6.989,2,2,train,1,Medium Calorie
dish_1563909507,"mustard, garlic, tomatoes, salt, cucumbers, olive oil, mustard greens, spinach (raw), vinegar, green beans",151.000008,117.92557213299999,9.166177514000001,8.186116538,2.891765222,10,10,train,1,Medium Calorie
dish_1566414723,"green onions, salt, white wine, olive oil, rosemary, lemon juice, cream, chicken, fish, country rice, roasted potatoes, thyme, shallots, garlic, basil, onions, butter, mushroom, arugula, wheat berry, oregano, pepper",482.00003100000004,728.8105958161999,31.699222286999998,24.867765361,97.96278804279999,22,22,train,2,High Calorie
dish_1564589025,"sweet potato, olive oil",51.000002,48.81072968,1.243902,8.956098,0.497561,2,2,train,0,Low Calorie
dish_1558458847,apple,143.0,74.36,0.286,20.02,0.429,1,1,train,0,Low Calorie
dish_1559242324,broccoli,54.0,18.9,0.216,3.78,1.296,1,1,train,0,Low Calorie
dish_1558632130,cantaloupe,99.0,33.66,0.198,7.92,0.792,1,1,train,0,Low Calorie
dish_1551379379,"broccoli, shrimp, berries",170.0,99.03999999999999,0.569,14.702,10.581000000000001,3,3,train,1,Medium Calorie
dish_1562787783,"shallots, olive oil, mustard greens, lemon juice, cranberries, parsley, garlic, arugula, pilaf, apple, salt, bulgur",76.000001,114.01373855,6.5869682130000005,12.592722661,2.312763818,12,12,train,1,Medium Calorie
dish_1551228438,"noodles, cucumbers, apple",153.0,90.62,0.776,20.78,1.8519999999999999,3,3,train,1,Medium Calorie
dish_1567022383,"onions, caesar dressing, bell peppers, carrot, cherry tomatoes, olives, chicken, parmesan cheese",508.0,527.088,17.345,21.214000000000002,70.595,8,8,train,2,High Calorie
dish_1566587143,"bell peppers, chicken, tomatoes, onions, salt, olive oil, avocado, jalapenos, spinach (raw), pepper, garlic, millet",234.00000699999998,354.39944014,20.70593435,16.010584422,28.907420994,12,12,train,2,High Calorie
dish_1551324010,"brussels sprouts, lemon, shrimp",204.0,98.22,0.612,14.752,13.335,3,3,train,1,Medium Calorie
dish_1550713566,"cucumbers, tofu, chicken",190.0,130.28,4.62,2.799,20.27,3,3,train,1,Medium Calorie
dish_1563567663,"fish, vinegar, chard, cherry tomatoes, wheat berry, pecans, lemon juice, parsley, shallots, arugula, olive oil, blueberries, corn on the cob, kale, mustard, salt, chive, garlic",460.999996,514.111997506,46.380056579,33.964945807,35.668146795,18,18,train,2,High Calorie
dish_1551394781,tofu,36.0,26.28,1.728,0.684,2.88,1,1,test,0,Low Calorie
dish_1551377521,"banana, cheese, shrimp",130.0,210.04000000000002,9.546000000000001,8.548,23.464999999999996,3,3,train,1,Medium Calorie
dish_1550704750,chicken,83.0,136.95,2.988,0.0,25.73,1,1,train,1,Medium Calorie
dish_1563822636,"cauliflower, lime, steak, wheat berry, squash, olive oil, zucchini, salt, broccoli, garlic, caesar salad",258.000002,237.01938884,13.746149959,10.662964017,19.792337736,11,11,train,1,Medium Calorie
dish_1560442450,yogurt,149.0,87.761,0.596,5.364,14.9,1,1,train,1,Medium Calorie
dish_1551373738,"banana, cheese, orange",189.0,239.39,10.893,28.936,9.589,3,3,train,1,Medium Calorie
dish_1566923004,"scrambled eggs, pineapple",153.0,158.82,9.309000000000001,10.314,8.745000000000001,2,2,train,1,Medium Calorie
dish_1558115512,sausage,126.0,434.196,34.398,5.292,24.318,1,1,train,2,High Calorie
dish_1564588533,"sausage, egg whites",167.0,236.066,14.155,2.9539999999999997,21.442999999999998,2,2,train,1,Medium Calorie
dish_1558544427,eggs,103.0,160.165,10.815,1.236,12.875,1,1,train,1,Medium Calorie
dish_1561749664,"thyme, olive oil, salt, brown rice, arugula, pepper, salmon",162.000004,288.19791304,14.621815272000001,6.377819125,30.08449844,7,7,test,2,High Calorie
dish_1565811000,"chicken, spinach (raw)",225.0,342.85,7.46,0.72,64.13,2,2,test,2,High Calorie
dish_1561578441,"caesar salad, bell peppers, spinach (cooked), roasted potatoes, lettuce, beef, cherry tomatoes, salt, feta cheese, vinegar, cucumbers, onions, olive oil, cheese pizza, shallots, vinaigrette, cauliflower, millet, bok choy, olives",308.999998,387.084402937,18.797608929,34.634627981,20.267013147999997,20,20,train,2,High Calorie
dish_1565897617,"salt, lime, olive oil, wheat berry, steak, green beans, garlic, cauliflower",211.00000400000002,356.83177631999996,22.759140461999998,9.717452222,29.763851448,8,8,test,2,High Calorie
dish_1551135718,"bell peppers, tomatoes, fish",143.0,89.88,9.609,5.446,13.893,3,3,train,1,Medium Calorie
dish_1561665671,"corn on the cob, pizza",89.0,158.389,5.056,23.979999999999997,5.9190000000000005,2,2,train,1,Medium Calorie
dish_1558113204,almonds,31.0,179.211,15.345,7.037,6.944,1,1,test,1,Medium Calorie
dish_1560356523,bacon,92.0,497.72,38.64,1.288,34.04,1,1,train,2,High Calorie
dish_1561393764,"broccoli, scrambled eggs, bacon",182.0,280.8,20.096,5.524,19.066,3,3,train,2,High Calorie
dish_1559332487,"zucchini, chayote squash",98.0,19.11,0.441,3.822,0.833,2,2,test,0,Low Calorie
dish_1558628888,eggs,72.0,111.96,7.56,0.864,9.0,1,1,test,1,Medium Calorie
dish_1561749016,"salmon, celery root, salt, mustard, cherry tomatoes, thyme, olive oil, vinegar, brown rice, arugula, pepper, mixed greens, honeydew melons",272.0,280.118095129,15.774298437,17.086404063,17.900996525,13,13,train,2,High Calorie
dish_1564601569,"turnips, roasted potatoes, brussels sprouts, salt, pepper, olive oil",291.000003,208.09815118,7.830707670000001,31.273435686,6.686559748,6,6,train,1,Medium Calorie
dish_1568044581,"sweet potato, egg whites, watermelon, olive oil",696.0,386.22341424,3.966878,32.40412196,48.129951219999995,4,4,train,2,High Calorie
dish_1560787781,"bacon, berries, yam",97.0,108.62899999999999,3.181,17.164,3.481,3,3,train,1,Medium Calorie
dish_1563205982,"egg whites, yam, berries, chicken apple sausage, sweet potato, pineapple",469.0,316.2395,4.363,54.792,16.149,6,6,train,2,High Calorie
dish_1550775273,broccoli,57.0,19.95,0.228,3.99,1.368,1,1,train,0,Low Calorie
dish_1558723818,corn on the cob,107.0,113.527,2.568,23.54,3.317,1,1,train,1,Medium Calorie
dish_1561480414,"turkey bacon, berries",129.0,125.162,4.835000000000001,16.316,5.447,2,2,test,1,Medium Calorie
dish_1565032714,"vinegar, olive oil, strawberries, figs, salt, squash, mustard, arugula",329.999997,315.59106507399997,23.180414206000002,24.396653313999998,5.192312783,8,8,train,2,High Calorie
dish_1561049435,"raspberries, cantaloupe, scrambled eggs, bacon",257.0,338.18,22.427,13.218,20.822,4,4,train,2,High Calorie
dish_1561407208,"broccoli, white rice, chicken, salt, vinegar, ginger, spinach (raw), green beans, olive oil, soy sauce, garlic, green onions",29.0,44.34764336,0.9398817140000001,0.892833857,7.578106662,12,12,train,0,Low Calorie
dish_1559062051,sweet potato,74.0,56.24,0.0,13.32,0.74,1,1,train,0,Low Calorie
dish_1562169762,"scrambled eggs, salt, brussels sprouts, olive oil, pepper",210.000001,262.33013659,18.239729481,6.993763963000001,17.674046782,5,5,train,2,High Calorie
dish_1563826223,"salt, steak, lime, wheat berry, cauliflower, garlic, olive oil",139.0,301.08653165,19.621856578,5.146894077000001,26.589125495999998,7,7,train,2,High Calorie
dish_1558031019,"yam, bacon, deprecated, honeydew melons",197.0,206.442,6.554,30.424,7.313,4,4,train,1,Medium Calorie
dish_1564589308,roasted potatoes,161.0,227.01,10.948,28.98,3.381,1,1,test,1,Medium Calorie
dish_1558379391,"cantaloupe, sausage, almonds, grapes",223.0,604.062,45.94,28.863999999999997,26.037,4,4,train,2,High Calorie
dish_1551390474,tofu,51.0,37.23,2.448,0.969,4.08,1,1,test,0,Low Calorie
dish_1550773839,berries,79.0,45.03,0.237,11.06,0.553,1,1,train,0,Low Calorie
dish_1565035802,"onions, cherry tomatoes, cauliflower, bell peppers",250.0,69.2,0.5710000000000001,14.785,3.714,4,4,train,0,Low Calorie
dish_1564086748,"chicken, salt, cherry tomatoes, pasta, chard, corn on the cob, basil, olive oil, rosemary, onions, cheese pizza, carrot, cheese, brown rice, spinach (raw), garlic, parsley, chive, lemon juice, pesto, caesar salad",338.999999,443.771827672,16.09544542,54.915274455,23.56855298,21,21,train,2,High Calorie
dish_1561752035,"brown rice, arugula, wheat berry, pepper, salmon, salt, thyme, olive oil, squash",373.999998,454.936408825,19.571790777,26.458132160999998,41.192173608999994,9,9,train,2,High Calorie
dish_1550708152,tomatoes,59.0,20.06,0.413,4.012,0.413,1,1,train,0,Low Calorie
dish_1560444592,"scrambled eggs, yam",175.0,244.421,12.661999999999999,19.758000000000003,12.376000000000001,2,2,train,1,Medium Calorie
dish_1562958775,"salt, mustard, chard, cucumbers, rice noodles, olive oil, figs, garlic, radishes, green onions, vinegar, spinach (raw), cabbage, soy sauce, carrot, mixed greens, cherry tomatoes",250.999984,227.18279376,11.121792101,29.460529041,3.690951984,17,17,train,1,Medium Calorie
dish_1565813446,"walnuts, garlic, salt, pepper, mustard, olive oil, blueberries, arugula, tofu, spinach (raw), radishes, vinegar, chard",230.000001,202.676971905,15.872237650999999,5.988799156,14.168727014,13,13,train,1,Medium Calorie
dish_1558468494,squash,77.0,15.785,0.231,2.618,0.693,1,1,train,0,Low Calorie
dish_1550707056,sausage,117.0,403.182,31.941,4.914,22.581,1,1,train,2,High Calorie
dish_1561567053,watermelon,87.0,26.1,0.174,6.612,0.522,1,1,train,0,Low Calorie
dish_1551395396,asparagus,20.0,4.08,0.02,0.78,0.44,1,1,test,0,Low Calorie
dish_1567525712,"salt, garlic, cucumbers, bell peppers, olive oil, mustard, bacon, vinegar, hash browns, radishes",183.999998,510.544755254,40.461380902,32.977018120000004,6.916218168,10,10,train,2,High Calorie
dish_1551378054,nuts,50.0,303.5,27.0,10.5,10.0,1,1,train,2,High Calorie
dish_1558717604,apple,142.0,73.84,0.284,19.88,0.426,1,1,test,0,Low Calorie
dish_1562168696,"raspberries, vinaigrette, berries, granola, blackberries, mixed greens, honeydew melons",140.999999,95.11483639,2.474677284,18.134902971,1.704999958,7,7,train,1,Medium Calorie
dish_1561576483,"vinegar, bok choy, millet, cauliflower, beef, salt, shallots, spinach (cooked), olive oil, onions",371.000001,209.59545672000002,8.536115936,17.269755117,18.414200159,10,10,train,1,Medium Calorie
dish_1561060503,"pineapple, bok choy, cheese pizza",138.0,145.309,3.984,22.781,5.407,3,3,train,1,Medium Calorie
dish_1551381730,corn,41.0,39.36,0.615,8.61,1.394,1,1,train,0,Low Calorie
dish_1551324284,"bacon, shrimp, cauliflower",191.0,163.64999999999998,6.411,6.214,21.464,3,3,train,1,Medium Calorie
dish_1550876376,orange,31.0,14.57,0.031,3.72,0.279,1,1,train,0,Low Calorie
dish_1558721980,cantaloupe,79.0,26.86,0.158,6.32,0.632,1,1,train,0,Low Calorie
dish_1563897369,"cantaloupe, olive oil, sweet potato",178.999999,117.01365620000001,2.395512,23.02048766,1.5918048699999998,3,3,train,1,Medium Calorie
dish_1561049409,"bacon, scrambled eggs, raspberries",197.0,317.78000000000003,22.307000000000002,8.418,20.342,3,3,train,2,High Calorie
dish_1558460908,"apple, grapes, cherry tomatoes, spinach (raw)",302.0,152.0,0.62,39.632,1.834,4,4,test,1,Medium Calorie
dish_1550790874,beef,35.0,87.5,5.25,0.0,9.1,1,1,train,1,Medium Calorie
dish_1551391477,broccoli,55.0,19.25,0.22,3.85,1.32,1,1,train,0,Low Calorie
dish_1551227380,"bread, mushroom, cucumbers",102.0,87.146,1.29,14.039,5.149,3,3,train,0,Low Calorie
dish_1551565096,"carrot, ham, tortilla",82.0,109.36,3.384,8.934999999999999,11.300999999999998,3,3,train,1,Medium Calorie
dish_1551324180,cauliflower,118.0,29.5,0.354,5.9,2.124,1,1,train,0,Low Calorie
dish_1550792143,bell peppers,56.0,22.4,0.112,5.04,1.12,1,1,test,0,Low Calorie
dish_1567714745,mixed greens,32.0,8.96,0.128,1.696,0.704,1,1,train,0,Low Calorie
dish_1551303770,bacon,12.0,64.92,5.04,0.168,4.44,1,1,train,0,Low Calorie
dish_1559593646,"vinegar, mustard, blueberries, pepper, quinoa, salt, pumpkin seeds, olive oil, kale",37.000001,55.385960208,4.10648335,4.0587394230000005,1.123271832,9,9,train,0,Low Calorie
dish_1550711688,cucumbers,77.0,7.7,0.0,1.54,0.77,1,1,train,0,Low Calorie
dish_1560798928,"raisins, vinegar, spinach (raw), cranberries, caesar dressing, lemon juice, cherry tomatoes, salt, broccoli, sunflower seeds, carrot, cauliflower, mixed greens, parmesan cheese, tofu, croutons, pears, olive oil, kale, mustard, onions, cheese pizza, garlic",398.999998,485.03823162400005,21.990239315,52.308962991,23.906651935,23,23,train,2,High Calorie
dish_1558640267,grapes,92.0,63.48,0.184,16.56,0.644,1,1,train,0,Low Calorie
dish_1562688382,chicken apple sausage,71.0,113.6,7.1,2.13,9.94,1,1,train,1,Medium Calorie
dish_1550860787,scrambled eggs,75.0,111.0,8.25,1.2,7.5,1,1,train,1,Medium Calorie
dish_1562774475,"sausage, roasted potatoes",128.0,320.964,22.849,13.517999999999999,14.556000000000001,2,2,train,2,High Calorie
dish_1561739576,sweet potato,84.0,63.84,0.0,15.12,0.84,1,1,train,0,Low Calorie
dish_1550777646,broccoli,53.0,18.55,0.212,3.71,1.272,1,1,train,0,Low Calorie
dish_1550712403,cheese,25.0,100.5,8.25,0.325,6.25,1,1,test,1,Medium Calorie
dish_1551565909,"lemon, berries, olives",179.0,97.77,4.593,17.257,1.6760000000000002,3,3,test,1,Medium Calorie
dish_1562603842,"mixed greens, hash browns, raspberries, blackberries, vinaigrette, granola",236.999995,594.245316072,38.460644685999995,60.725193014,6.707999892,6,6,train,2,High Calorie
dish_1563908996,"onions, olive oil, pepper, tomatoes, caesar salad, bell peppers, chicken, millet, salt, garlic, green beans, jalapenos, spinach (raw)",293.000003,269.91606705000004,10.461833317999998,15.449354868999999,29.32497489,13,13,train,2,High Calorie
dish_1565035830,"cherry tomatoes, chicken breast, bell peppers, cauliflower, onions",414.0,340.128,6.475,14.785,54.717999999999996,5,5,test,2,High Calorie
dish_1563305722,"garlic, shallots, mushroom, spinach (raw), wheat berry, thyme, lemon juice, cucumbers, olive oil, parsley, salt, chicken",405.000002,434.65900079200003,12.195142317,9.579061675,69.960110357,12,12,train,2,High Calorie
dish_1558642490,"carrot, cauliflower",187.0,61.95,0.466,14.1,2.511,2,2,train,0,Low Calorie
dish_1551224380,bread,29.0,76.966,1.218,12.267,3.915,1,1,test,0,Low Calorie
dish_1558724689,cauliflower,79.0,19.75,0.237,3.95,1.422,1,1,train,0,Low Calorie
dish_1551375142,berries,82.0,46.74,0.246,11.48,0.574,1,1,train,0,Low Calorie
dish_1560369313,"olive oil, fish, pepper, vinegar, white rice, garlic, shallots, country rice, lemon juice, onions, green onions, pork, brown rice, cherry tomatoes, asparagus, salt, broccoli, parsley, basil",386.999996,392.1356869632,28.680227665,27.958671605,40.5453071228,19,19,train,2,High Calorie
dish_1560441288,"bok choy, potatoes, bacon",72.0,165.2,10.983,5.667999999999999,10.454999999999998,3,3,train,1,Medium Calorie
dish_1559243974,"almonds, olive oil, pepper, pears, salt, carrot",305.999998,431.21992236,25.580052152,47.433929008,12.4828934,6,6,train,2,High Calorie
dish_1567789154,sausage,111.0,382.506,30.303,4.662,21.423,1,1,train,2,High Calorie
dish_1565898590,"garlic, salmon, cherry tomatoes, jalapenos, spinach (raw), onions, olive oil, lemon juice, shallots, carrot, ginger, brown rice, salt, lime, cilantro, chili, olives",256.999999,212.704487068,9.768723604000002,16.112270019,16.043443978000003,17,17,test,1,Medium Calorie
dish_1558718974,almonds,73.0,422.013,36.135,16.571,16.352,1,1,train,2,High Calorie
dish_1566590566,"olive oil, thyme, salt, carrot, pepper, salmon, arugula, brown rice",142.00000400000002,186.95971139,8.816878991,8.613250765,17.352441226,8,8,train,1,Medium Calorie
dish_1551492287,cauliflower,62.0,15.5,0.186,3.1,1.116,1,1,train,0,Low Calorie
dish_1565207662,"onions, chicken thighs, kale, green onions, pineapple, white rice, fish, salt, garlic, country rice, cilantro, olive oil, lemon juice, vinegar",128.000001,145.9375631468,11.480613474,12.175005421000002,14.462402816200001,14,14,train,1,Medium Calorie
dish_1551307013,"bacon, mushroom, potato chips",53.0,171.55,11.686,11.48,6.152,3,3,train,1,Medium Calorie
dish_1568315132,"salt, quinoa, ginger, mushroom, green beans, olive oil, olives, shallots, lime, tomatoes, beef, millet, bok choy, salmon, avocado, vinegar, onions, spinach (raw), brown rice, jalapenos, lemon juice, chili, garlic, spinach (cooked), cilantro",440.000003,591.265595568,34.996658945,29.930395071,41.600551407,25,25,train,2,High Calorie
dish_1563897794,berries,101.0,57.57,0.303,14.14,0.707,1,1,train,0,Low Calorie
dish_1550778355,bell peppers,41.0,16.4,0.082,3.69,0.82,1,1,train,0,Low Calorie
dish_1562788601,"fish, vinegar, corn on the cob, brown rice, country rice, basil, green onions, salt, cherry tomatoes, pepper, pork, lemon juice, parsley, pilaf, olive oil, onions, garlic, broccoli, shallots",286.999995,413.1700909604,19.139150143,48.766401800000004,23.1468772406,19,19,train,2,High Calorie
dish_1558030724,deprecated,61.0,18.3,0.061,4.636,0.366,1,1,train,0,Low Calorie
dish_1561579706,"olive oil, eggplant, arugula, mushroom, vinegar, beef, spinach (cooked), roasted potatoes, white wine, garlic, salt, basil, lemon juice, thyme, bok choy, oregano, cream, wheat berry, onions, millet, pepper, chicken, cauliflower, shallots, butter, rosemary",390.000001,284.444865635,11.2293277,23.33743401,24.472879123000002,26,26,train,2,High Calorie
dish_1563294575,"strawberries, watermelon, hash browns, olive oil, grapes, sweet potato, egg whites, yam, pineapple",562.000002,485.905664745,17.121396530000002,72.02111361,15.06401889,9,9,train,2,High Calorie
dish_1565207631,"vinegar, chicken thighs, white rice, pineapple, salt, cilantro, garlic, kale, olive oil, onions, lemon juice",54.000002,64.40549953600001,1.99905648,8.169447789,3.302449804,11,11,train,0,Low Calorie
dish_1551494147,"tortilla, chicken, olives",231.0,369.65999999999997,14.521,36.071999999999996,26.471999999999998,3,3,test,2,High Calorie
dish_1562688552,"grapes, roasted potatoes, watermelon, strawberries, chicken apple sausage",304.0,235.82,8.75,30.278,11.735999999999999,5,5,train,1,Medium Calorie
dish_1551141747,"fish, noodles, bell peppers",148.0,134.78,8.978,15.19,14.114,3,3,train,1,Medium Calorie
dish_1559675146,"brussels sprouts, carrot",45.0,19.07,0.121,4.1899999999999995,1.1800000000000002,2,2,train,0,Low Calorie
dish_1564690085,"garlic, pepper, arugula, lentils, olive oil, salt, parsley, lemon juice, pears, chickpeas",142.999999,170.616008312,5.857383362000001,22.279418396999997,9.364125248,10,10,train,1,Medium Calorie
dish_1559668016,"scrambled eggs, hash browns, bagels, cream cheese, honeydew melons",279.000003,469.0600085,25.526000370000002,41.743001035,18.726400264,5,5,test,2,High Calorie
dish_1551492908,chicken,77.0,127.05,2.772,0.0,23.87,1,1,train,1,Medium Calorie
dish_1558640190,cantaloupe,58.0,19.72,0.116,4.64,0.464,1,1,train,0,Low Calorie
dish_1551223394,"bread, noodles, cucumbers",147.0,229.416,3.5279999999999996,38.501999999999995,10.32,3,3,test,1,Medium Calorie
dish_1565640195,bell peppers,54.0,21.6,0.108,4.86,1.08,1,1,train,0,Low Calorie
dish_1561997274,"scrambled eggs, bacon",185.0,356.33,26.86,2.918,24.169999999999998,2,2,train,2,High Calorie
dish_1550774895,"banana, potato chips, berries",177.0,219.75,6.777,40.980000000000004,2.781,3,3,test,1,Medium Calorie
dish_1550861458,"berries, sausage, potatoes",126.0,183.956,10.011999999999999,15.402,8.137,3,3,test,1,Medium Calorie
dish_1561405356,"ginger, vinegar, olive oil, garlic, soy sauce, broccoli, green onions, salt, chicken, white rice, spinach (raw), green beans",176.000002,206.6451984,4.198396767,7.496847383,33.413625603,12,12,train,1,Medium Calorie
dish_1561663891,"millet, soy sauce, white rice, vinegar, chard, brown rice, pork, pepper, sugar, chive, onions, basil, salt, garlic, mixed greens, apple, chicken, corn on the cob, olive oil, rosemary, lemon juice, parsley, bok choy, carrot",172.000003,247.168846806,10.509970798000001,18.052740906,21.306770005,24,24,train,1,Medium Calorie
dish_1566590987,"chicken, salmon, brown rice, arugula, olive oil, thyme, pepper, salt",370.000004,639.9118751,25.690850920000003,8.976189449,86.361146104,8,8,train,2,High Calorie
dish_1560356355,"bacon, spinach (raw), vinegar, olive oil, mustard greens, mustard, cucumbers, yam, tomatoes, garlic, salt",148.000001,301.606938243,15.277617255000001,28.402529519999998,12.777823583,11,11,train,2,High Calorie
dish_1568665052,"jalapenos, spinach (raw), squash, brussels sprouts, onions, cucumbers, mustard, garlic, salt, bell peppers, millet, pepper, vinegar, mustard greens, olive oil, tomatoes, chicken",331.00001199999997,345.65405229099997,16.161035011,17.310337392,33.349060616,17,17,train,2,High Calorie
dish_1566936297,"fish, chicken thighs, mushroom, pepper, onions, snow peas, bell peppers, shallots, chive, artichokes, salt, quinoa, parsley, wine, squash, white beans, eggplant, lemon juice, arugula, olive oil, spinach (cooked), garlic, lime",265.999999,355.292226814,23.922577713,9.395162297999999,44.92310502,23,23,train,2,High Calorie
dish_1567110665,"fish, cherry tomatoes, vinegar, white rice, wheat berry, green beans, pepper, jalapenos, onions, kale, olive oil, lettuce, lime, salt, cucumbers, cilantro, mixed greens, bell peppers, shallots, ketchup",532.000004,556.494565902,43.294646558000004,48.397074663,39.440093605,20,20,train,2,High Calorie
dish_1557937079,bacon,27.0,146.07,11.34,0.378,9.99,1,1,train,1,Medium Calorie
dish_1562959295,radishes,19.0,3.04,0.019,0.646,0.133,1,1,train,0,Low Calorie
dish_1561406789,"white rice, carrot, salt, pepper, olive oil",164.0,184.90542165,0.80109114,39.572406045,3.793967345,5,5,train,1,Medium Calorie
dish_1562960472,"roasted potatoes, caesar salad",166.0,139.97,6.729,16.591,4.553,2,2,train,1,Medium Calorie
dish_1563308386,"carrot, eggplant, salt, roasted potatoes, olive oil",213.999999,155.805488312,6.034588038,24.200392121,2.87349019,5,5,train,1,Medium Calorie
dish_1562788794,"salt, broccoli, basil, lemon juice, parsley, onions, white rice, vinegar, pork, brown rice, pepper, country rice, shallots, cherry tomatoes, olive oil, garlic, fish, green onions",280.999999,465.224480774,23.338419126999998,35.742500045,36.5226963,18,18,train,2,High Calorie
dish_1562687274,"garlic, bell peppers, salt, cucumbers, mustard, olive oil, vinegar, radishes, berries",140.999998,161.021603082,12.139805032,13.517260618,1.1611272780000002,9,9,train,1,Medium Calorie
dish_1551397629,"kiwi, asparagus, tofu",165.0,99.27799999999999,3.446,14.055,6.404,3,3,train,1,Medium Calorie
dish_1561665378,corn on the cob,70.0,74.27,1.68,15.4,2.17,1,1,test,0,Low Calorie
dish_1551323035,"mushroom, white rice, scrambled eggs",201.0,241.32,10.554,23.33,12.352,3,3,train,1,Medium Calorie
dish_1565640723,mixed greens,54.0,15.12,0.216,2.862,1.188,1,1,train,0,Low Calorie
dish_1562168648,"vinaigrette, raspberries, mixed greens, granola, blackberries",31.999999,41.59483639,2.229677284,4.924902971,1.0239999579999999,5,5,train,0,Low Calorie
dish_1550712839,"sausage, mixed greens, nuts",176.0,618.472,51.18,15.852,28.148,3,3,test,2,High Calorie
dish_1559925174,berries,155.0,88.35,0.465,21.7,1.085,1,1,train,1,Medium Calorie
dish_1550874829,avocado,26.0,41.6,3.9,2.34,0.52,1,1,test,0,Low Calorie
dish_1558376734,sausage,60.0,206.76,16.38,2.52,11.58,1,1,train,1,Medium Calorie
dish_1550713423,cucumbers,82.0,8.2,0.0,1.64,0.82,1,1,test,0,Low Calorie
dish_1568664972,"vinegar, garlic, jalapenos, bell peppers, mustard, mustard greens, olive oil, tomatoes, pepper, chicken, millet, spinach (raw), cucumbers, onions, salt",221.000011,303.422240541,14.7517985,11.029652299,31.216147154,15,15,test,2,High Calorie
dish_1567019993,"salt, pepper, brussels sprouts, olive oil",55.0,28.08314523,0.7037019250000001,4.8771402329999995,1.841451414,4,4,test,0,Low Calorie
dish_1565811335,"bok choy, olive oil, wheat berry",219.000001,121.47932407,3.380213945,19.854194299,5.656456338,3,3,train,1,Medium Calorie
dish_1563476267,brownies,51.0,237.711,14.688,25.398,3.162,1,1,train,1,Medium Calorie
dish_1563824377,"cherry tomatoes, onions, olives, bell peppers, grilled chicken",338.0,454.046,28.374,12.238,38.936,5,5,train,2,High Calorie
dish_1558115764,bacon,28.0,151.48,11.76,0.392,10.36,1,1,train,1,Medium Calorie
dish_1563221086,"onions, cranberries, arugula, cherry tomatoes, chicken breast, white rice, vinegar, apple, garlic, salt, parsley, zucchini, rosemary, olive oil, thyme, wheat berry, pork, spinach (raw), parmesan cheese, mustard, broccoli",253.99999200000002,328.277608438,18.227088686,12.389884403,28.917324465999997,21,21,train,2,High Calorie
dish_1563382987,"olive oil, strawberries, yam, sweet potato, scrambled eggs",254.0,277.639533331,16.486717622,19.196490414,13.464415086,5,5,train,2,High Calorie
dish_1564427406,grilled chicken,135.0,305.37,20.115,0.135,30.51,1,1,train,2,High Calorie
dish_1567110631,"mixed greens, salt, olive oil, lettuce, cucumbers, onions, lime, wheat berry, green beans, vinegar, cherry tomatoes, pepper",259.999996,252.6139026,14.578888552999999,27.507642002999997,6.7250358409999995,12,12,train,1,Medium Calorie
dish_1564685360,"vinegar, onions, olive oil, salt, bell peppers, millet, spinach (raw), steak, ketchup",128.99999400000002,304.05239748,20.049008912,4.989797204,25.973656198999997,9,9,train,2,High Calorie
dish_1551565068,"tortilla, ham, carrot",82.0,109.36,3.384,8.934999999999999,11.300999999999998,3,3,train,1,Medium Calorie
dish_1568666000,"cucumbers, lemon juice, parsley, pepper, salt, cheese pizza, caesar salad, garlic, tatsoi, kale",197.000002,209.934965999,7.82931827,25.612117614,10.612806541000001,10,10,train,1,Medium Calorie
dish_1562687299,"berries, bell peppers, salt, mustard, cucumbers, garlic, olive oil, vinegar, radishes, honeydew melons",195.999998,180.821603082,12.194805032,18.467260617999997,1.436127278,10,10,train,1,Medium Calorie
dish_1561665422,"carrot, lemon juice, parsley, brown rice, olive oil, rosemary, corn on the cob, chard, basil, garlic, chicken, salt, chive",385.000006,571.3939072530001,15.953768474,24.421899590000002,80.548917856,13,13,train,2,High Calorie
dish_1565798591,"lettuce, cherry tomatoes, lime, mixed greens, salt, cucumbers, onions, olive oil, vinegar, egg whites, pepper, broccoli",224.000002,148.11572431,7.408836150999999,6.338270445,13.454782945,12,12,train,1,Medium Calorie
dish_1551392884,corn,29.0,27.84,0.435,6.09,0.986,1,1,train,0,Low Calorie
dish_1550875168,fish,49.0,44.1,6.37,0.0,9.016,1,1,test,0,Low Calorie
dish_1565036922,"broccoli, chili, lemon juice, garlic, olive oil, orange juice, onions, brown rice, arugula, vinegar, cauliflower, white rice, green onions, salt, soy sauce, thyme, basil, kale, parsley, chicken thighs, roasted potatoes, radishes, cheese pizza, beef",336.000001,539.864694766,24.062843509,42.207925976,37.025079888,24,24,train,2,High Calorie
dish_1563302315,mushroom,63.0,13.86,0.189,2.079,1.953,1,1,train,0,Low Calorie
dish_1563220802,"white rice, garlic, arugula, pork, broccoli, salt, rosemary, zucchini, parsley, onions, olive oil",252.0,308.59432717600004,15.236607613,13.352822355999999,29.468919709,11,11,train,2,High Calorie
dish_1566414225,"olive oil, quinoa",87.99999700000001,125.18213388000001,4.18640791,17.9417469,3.75922316,2,2,train,1,Medium Calorie
dish_1560442303,"scrambled eggs, berries, quinoa, bacon",297.0,444.77,25.354,30.081999999999997,24.217,4,4,train,2,High Calorie
dish_1551381365,tortilla,16.0,34.88,0.464,7.2,0.96,1,1,train,0,Low Calorie
dish_1566591022,"salmon, salt, thyme, olive oil, arugula, brown rice, pepper, chicken salad, chicken",467.000004,860.1018751,41.21085092,11.789189448999998,102.85114610400001,9,9,train,2,High Calorie
dish_1562691613,"olive oil, egg whites, broccoli, yam, sweet potato",299.999999,213.67015652999999,2.879633948,33.66763409,13.199731688,5,5,train,1,Medium Calorie
dish_1562872662,"salt, olive oil, parsley, nopales, chive, carrot, garlic, lime, corn, pepper, arugula, fish, sour cream, jicama",121.99999599999998,133.215808813,15.029960223,5.005394202,15.617197424,14,14,train,1,Medium Calorie
dish_1563563264,"olives, grilled chicken",163.0,322.002,22.523,2.767,27.682,2,2,train,2,High Calorie
dish_1559843185,"strawberries, mandarin oranges, broccoli",161.0,64.35,0.514,15.219999999999999,1.707,3,3,test,0,Low Calorie
dish_1563389719,"cherry tomatoes, carrot, grilled chicken, onions",457.0,529.818,29.358,21.484,46.359,4,4,train,2,High Calorie
dish_1559841870,pears,201.0,114.972,0.201,30.552,0.804,1,1,train,1,Medium Calorie
dish_1551392557,potato chips,12.0,64.32,4.2,6.36,0.84,1,1,train,0,Low Calorie
dish_1551234185,mushroom,17.0,3.74,0.051,0.561,0.527,1,1,test,0,Low Calorie
dish_1558635546,apple,117.0,60.84,0.234,16.38,0.351,1,1,train,0,Low Calorie
dish_1562691645,"egg whites, broccoli, yam, chicken apple sausage, sweet potato, olive oil",344.999999,285.67015653,7.379633948,35.01763409,19.499731688,6,6,train,2,High Calorie
dish_1559843222,"grapes, broccoli, mandarin oranges, strawberries",229.0,111.27,0.65,27.46,2.183,4,4,train,1,Medium Calorie
dish_1551237498,noodles,128.0,176.64,2.688,32.0,5.76,1,1,train,1,Medium Calorie
dish_1550705504,"potatoes, beef, cucumbers",189.0,203.5,7.449999999999999,17.8,15.14,3,3,train,1,Medium Calorie
dish_1568132521,"berries, turkey bacon",156.0,159.914,6.5840000000000005,19.442,7.34,2,2,train,1,Medium Calorie
dish_1550797753,potatoes,69.0,53.13,0.069,11.73,1.38,1,1,train,0,Low Calorie
dish_1560455421,"almonds, parsley, lime, sour cream, carrot, corn on the cob, arugula, vinegar, chard, blueberries, jicama, olive oil, spinach (raw), nopales, mustard, salt, chive, garlic, corn, fish, pepper",189.000001,180.938910538,14.689533755000001,15.287749196,12.075823433,21,21,train,1,Medium Calorie
dish_1558109945,deprecated,143.0,74.36,0.286,0.429,20.02,1,1,train,0,Low Calorie
dish_1564170010,"tortilla, cucumbers, tatsoi, kale, cilantro, tomatoes, chili, zucchini, pepper, thyme, cheese, salmon, parsley, lemon juice, onions, olive oil, broccoli, garlic, salt, squash, brown rice, chicken thighs, arugula",831.0,1264.548337676,61.893874233000005,57.291944961,116.862579038,23,23,test,2,High Calorie
dish_1550796794,"apple, cantaloupe, orange",157.0,68.72999999999999,0.279,17.560000000000002,0.991,3,3,train,0,Low Calorie
dish_1561664042,"pepper, chard, brown rice, olive oil, soy sauce, lemon juice, basil, chive, garlic, salt, cucumbers, white rice, chicken, pork, rosemary, parsley, sugar, bok choy, carrot",209.000007,285.04300660900003,9.741617051999999,9.512840388999999,37.830918722,19,19,train,2,High Calorie
dish_1561405864,"olive oil, broccoli, green onions, garlic, cheese pizza, soy sauce, salt, vinegar, white rice, spinach (raw), green beans, chicken, ginger",106.000001,197.12118887,5.344729302,12.694053364,23.070551815,13,13,train,1,Medium Calorie
dish_1565020867,"egg whites, berries, bacon, sweet potato, olive oil",325.000004,255.80488168,6.230683,35.73631778,13.90107321,5,5,train,1,Medium Calorie
dish_1564773847,"garlic, shallots, pepper, salmon, cherry tomatoes, olive oil, parsley, chive, lemon juice, pickles, mayonnaise, arugula, lentils, kale, salt",161.000003,238.027573614,15.737777074,5.821200105,17.603331354999998,15,15,test,1,Medium Calorie
dish_1565711326,"yam, cantaloupe, sweet potato, grapes, olive oil",284.999991,296.09292040500003,10.29075533,49.62735621,3.00922629,5,5,train,2,High Calorie
dish_1561576257,"olives, roasted potatoes",134.0,180.88,10.321,20.493,2.4109999999999996,2,2,train,1,Medium Calorie
dish_1562007739,caesar salad,65.0,28.6,1.365,2.795,2.08,1,1,test,0,Low Calorie
dish_1563304301,"kale, croutons, caesar dressing, roasted potatoes, parmesan cheese",150.999999,190.95091070200002,8.933060911,23.621745181999998,4.687849015,5,5,test,1,Medium Calorie
dish_1563216689,"thyme, squash, broccoli, salt, garlic, olive oil, chicken breast, cherry tomatoes, spinach (raw), parmesan cheese, wheat berry",301.99999499999996,235.208014692,5.606515563,13.58478132,32.918712188,11,11,train,1,Medium Calorie
dish_1561480391,berries,113.0,64.41,0.339,15.82,0.791,1,1,train,0,Low Calorie
dish_1563389114,"salt, carrot, broccoli, pecans, mustard, olive oil, blueberries, chard, arugula, vinegar, pepper, garlic",148.000001,86.53444517,4.405479547,11.310714842,2.577626765,12,12,train,0,Low Calorie
dish_1563813436,"salt, pepper, pineapple, sausage, sweet potato, olive oil, brussels sprouts, bacon",242.000002,418.75949160000005,25.918316607999998,25.0765387,22.035324364,8,8,test,2,High Calorie
dish_1566847454,"arugula, wheat berry, pork, mayonnaise, parsley, olive oil, shallots, thyme, carrot, salt, quinoa, pepper, jalapenos, lemon juice, cabbage, garlic",209.999996,346.747398451,16.620154278,20.658920891999998,27.281829995000002,16,16,train,2,High Calorie
dish_1550861388,potatoes,43.0,33.11,0.043,7.31,0.86,1,1,train,0,Low Calorie
dish_1561060477,"pineapple, cheese pizza",105.0,141.019,3.918,22.055,4.912,2,2,train,1,Medium Calorie
dish_1562617446,"broccoli, roasted potatoes, caesar salad, pepperoni pizza",232.0,291.19,12.594,35.14,11.216000000000001,4,4,train,2,High Calorie
dish_1558725829,"brussels sprouts, carrot, corn on the cob, apple",460.0,278.307,3.391,64.11,8.453000000000001,4,4,train,2,High Calorie
dish_1565987269,cheese pizza,45.0,119.655,4.23,15.075,5.04,1,1,train,1,Medium Calorie
dish_1551124407,"brussels sprouts, scrambled eggs, mixed greens",170.0,141.35,7.6930000000000005,9.824,10.034,3,3,train,1,Medium Calorie
dish_1560961012,"cream cheese, bagels",70.999999,191.6999975,5.679999985,28.612999509999998,6.617199899,2,2,train,1,Medium Calorie
dish_1558027243,"deprecated, bacon, yam",163.0,263.365,12.798,24.698,12.547999999999998,3,3,train,2,High Calorie
dish_1551396678,asparagus,22.0,4.488,0.022,0.858,0.484,1,1,train,0,Low Calorie
dish_1568144879,"cherry tomatoes, salt, carrot, onions, olives, olive oil, pepper",278.000004,127.80817959999999,4.36053317,22.369691093,2.5838564760000002,7,7,train,1,Medium Calorie
dish_1558636813,grapes,88.0,60.72,0.176,15.84,0.616,1,1,train,0,Low Calorie
dish_1550706283,"bread, tomatoes, bell peppers",182.0,180.27999999999997,2.799,31.116,8.259,3,3,train,1,Medium Calorie
dish_1566851198,"quinoa, vinegar, cabbage, shallots, onions, mustard, cucumbers, thyme, carrot, pepper, mayonnaise, wheat berry, pork, jalapenos, spinach (raw), lemon juice, arugula, parsley, olive oil, garlic, salt, sun dried tomatoes",342.000008,463.047437315,21.119635102999997,42.903691185999996,25.897210479,22,22,test,2,High Calorie
dish_1566936352,"quinoa, chive, pepper, garlic, shallots, couscous, onions, mushroom, cauliflower, eggplant, white beans, wine, fish, bell peppers, salt, artichokes, spinach (cooked), arugula, olive oil, snow peas, lemon juice, parsley, chicken thighs, squash, lime",367.999999,424.29222681400006,24.178577713,23.495162298,47.75910502,25,25,train,2,High Calorie
dish_1562959517,"spinach (raw), vinegar, arugula, chard, cherry tomatoes, salt, pumpkin seeds, carrot, mixed greens, lettuce, mustard, figs, cucumbers, olive oil",74.000001,91.14038387400001,7.2150580589999995,5.9741612989999995,1.629955058,14,14,train,1,Medium Calorie
dish_1561753168,"brown rice, arugula, salmon, thyme, olive oil, pepper, salt",138.000004,245.50192794,12.455620652,5.432956833,25.627535857999998,7,7,train,1,Medium Calorie
dish_1551492506,olives,45.0,51.75,4.815,2.835,0.36,1,1,train,0,Low Calorie
dish_1564675411,"egg whites, turkey bacon",308.0,235.531,7.033,2.708,35.193,2,2,train,1,Medium Calorie
dish_1566413321,spinach (raw),61.0,14.03,0.244,2.196,1.769,1,1,train,0,Low Calorie
dish_1561407283,"mixed greens, chicken, cherry tomatoes, ginger, spinach (raw), vinegar, green beans, olive oil, mustard, onions, pears, salt, carrot, white rice, pepper, soy sauce, green onions, broccoli, garlic",86.000001,88.626677496,3.8412265619999997,5.487313522,8.259524436,19,19,test,1,Medium Calorie
dish_1550705477,"potatoes, beef, cucumbers",189.0,203.5,7.449999999999999,17.8,15.14,3,3,train,1,Medium Calorie
dish_1561746876,"arugula, salt, thyme, salmon, olive oil, pepper, brown rice",84.000001,149.43595255,7.581681799,3.307017327,15.599369422,7,7,train,1,Medium Calorie
dish_1564775182,"salmon, pickles, lentils, olive oil, parsley, kale, salt, shallots, garlic, pepper, arugula, cherry tomatoes, mayonnaise, chive, lemon juice, broccoli",277.000009,398.001532511,26.036232669,13.835518607000001,27.540710997,16,16,test,2,High Calorie
dish_1565194852,"watermelon, pepper, salt, egg whites, olive oil, sweet potato, grapes, carrot",759.0,428.5955017,5.043720604,51.367617708000004,40.800122183999996,8,8,train,2,High Calorie
dish_1565204855,"salt, pepper, brussels sprouts, olive oil",105.000003,53.61328271000001,1.343431413,9.310904373,3.515498278,4,4,train,0,Low Calorie
dish_1562788732,"fish, country rice, onions, olive oil, garlic, salt, green onions",52.000001,57.29280743,6.662716345,2.81471634,7.84212937,7,7,test,0,Low Calorie
dish_1551391379,"cantaloupe, shrimp, chicken",198.0,196.81,3.122,6.4,34.721999999999994,3,3,train,1,Medium Calorie
dish_1559059992,sweet potato,94.0,71.44,0.0,16.92,0.94,1,1,train,0,Low Calorie
dish_1551228551,mushroom,25.0,5.5,0.075,0.825,0.775,1,1,train,0,Low Calorie
dish_1558122583,potatoes,61.0,46.97,0.061,10.37,1.22,1,1,train,0,Low Calorie
dish_1568144954,"carrot, chicken, salt, onions, caesar dressing, olive oil, pepper, cherry tomatoes, olives",492.000004,427.71217959999996,11.40453317,24.261691093,56.691856476000005,9,9,test,2,High Calorie
dish_1559245697,"salt, olive oil, pepper, pears, garden salad, carrot",288.999999,163.71634136,2.007221262,36.953288827,3.405008608,6,6,test,1,Medium Calorie
dish_1550776907,"banana, potato chips, bacon",103.0,213.11,10.728,24.05,7.226,3,3,train,1,Medium Calorie
dish_1560961261,"broccoli, strawberries, scrambled eggs",218.0,192.51999999999998,11.831,10.294,12.031,3,3,test,1,Medium Calorie
dish_1558548666,white rice,75.0,97.5,0.225,21.0,2.025,1,1,train,1,Medium Calorie
dish_1568666089,"cheese pizza, bell peppers, tomatoes, zucchini, lemon juice, olive oil, chayote squash, jalapenos, spinach (raw), millet, caesar salad, garlic, brussels sprouts, onions, salt, parsley, cucumbers, tatsoi, kale, pepper, chicken",335.0,276.424083759,9.802981735,33.010945793,16.691325597,21,21,train,2,High Calorie
dish_1568060542,"tomatoes, brussels sprouts, pepper, white rice, pork, arugula, onions, mustard greens, garlic, salt, cherry tomatoes, rosemary, parsley, zucchini, jalapenos, lemon juice, cucumbers, olive oil, fried rice, cilantro, lime, mangos",481.000001,583.3764073359999,23.32690857,52.420933215000005,42.289963412,22,22,train,2,High Calorie
dish_1562085185,"bacon, hash browns, scrambled eggs",227.0,550.51,39.370000000000005,28.83,21.148,3,3,train,2,High Calorie
dish_1565208637,"vinegar, chicken thighs, kale, pineapple, white rice, pepper, salt, garlic, caesar salad, lemon juice, brussels sprouts, olive oil, cilantro, onions",304.999999,250.187941102,8.242543128000001,32.11022983,14.171419581,14,14,train,1,Medium Calorie
dish_1566402095,"sweet potato, yam, olive oil, egg whites",576.999994,421.11612341,8.4306789,32.4116213,46.2066037,4,4,train,2,High Calorie
dish_1566501012,"olives, spinach (raw), carrot",160.0,132.88,10.555,10.811,1.843,3,3,train,1,Medium Calorie
dish_1567023296,"greek salad, garlic, salt, mustard, pecans, olive oil, blueberries, chard, arugula, vinegar",92.000001,107.18122385999999,9.341189728,4.171471443,2.684054081,10,10,train,1,Medium Calorie
dish_1566851549,cheese pizza,85.0,226.015,7.99,28.475,9.52,1,1,test,1,Medium Calorie
dish_1566501594,brownies,109.0,508.049,31.392,54.282,6.758,1,1,train,2,High Calorie
dish_1562956486,tofu,142.0,103.66,6.816,2.698,11.36,1,1,train,1,Medium Calorie
dish_1551124723,"potatoes, bacon, tomatoes",131.0,166.58,8.889000000000001,12.724,8.801,3,3,train,1,Medium Calorie
dish_1550773284,"tomatoes, nuts, broccoli",153.0,264.62,20.615000000000002,15.776,9.215,3,3,train,2,High Calorie
dish_1551399151,"chicken, cheese, lemon",145.0,156.17000000000002,6.042,7.536,19.712,3,3,train,1,Medium Calorie
dish_1558722780,"cauliflower, carrot, corn on the cob, cantaloupe, cherry tomatoes",367.0,142.839,1.8719999999999999,31.533,4.845,5,5,train,1,Medium Calorie
dish_1561492447,banana with peel,124.0,68.944,0.248,17.856,0.868,1,1,train,0,Low Calorie
dish_1558640008,"cherry tomatoes, cantaloupe, almonds",212.0,552.49,44.794,27.811999999999998,21.194,3,3,train,2,High Calorie
dish_1561737200,"egg whites, sausage",262.0,478.582,32.231,5.928999999999999,37.081,2,2,train,2,High Calorie
dish_1566844766,caesar salad,164.0,72.16,3.444,7.052,5.248,1,1,train,0,Low Calorie
dish_1564691380,"green beans, olive oil, corn on the cob",111.0,96.261,2.7430000000000003,18.349999999999998,2.903,3,3,train,1,Medium Calorie
dish_1563568357,"cheese pizza, white rice, wheat berry, ground turkey, parsley, arugula, mustard greens, onions, carrot, garlic, chickpeas, eggs, vinegar, corn on the cob, mushroom, cream, celery, kale, olive oil, thyme, pepper, chive, salt",447.999998,767.7397016460001,38.07678869,69.429240316,42.89554775,23,23,train,2,High Calorie
dish_1561574215,"olives, bell peppers, lettuce, cucumbers, onions, cherry tomatoes, feta cheese, vinaigrette",134.0,93.235485282,7.880340053,4.701404147,2.220978641,8,8,train,1,Medium Calorie
dish_1558721636,"carrot, corn on the cob, cantaloupe, cherry tomatoes",299.0,163.07,2.5780000000000003,35.818,4.616,4,4,train,1,Medium Calorie
dish_1563568003,"kale, lemon juice, shallots, garlic, bok choy, chive, salt, cherry tomatoes, fish, olive oil, wheat berry, chard, parsley",134.999999,126.154340919,14.279200352,4.327131541,15.974245651,13,13,test,1,Medium Calorie
dish_1566402197,"egg whites, watermelon, yam, berries, cantaloupe, sweet potato, olive oil",735.999994,480.94612341,8.7876789,47.151621299999995,47.2796037,7,7,train,2,High Calorie
dish_1558373449,almonds,72.0,416.232,35.64,16.344,16.128,1,1,train,2,High Calorie
dish_1558379128,grapes,53.0,36.57,0.106,9.54,0.371,1,1,train,0,Low Calorie
dish_1558641897,corn on the cob,110.0,116.71,2.64,24.2,3.41,1,1,train,1,Medium Calorie
dish_1562702441,"bell peppers, lettuce, cauliflower, olive oil, cucumbers, onions, quinoa, cherry tomatoes, feta cheese, watermelon, vinaigrette, olives",370.999998,209.189336761,9.137265012,28.234668292,6.938542253,12,12,train,1,Medium Calorie
dish_1558630325,"apple, garden salad, almonds",269.0,751.542,58.078,46.564,27.081000000000003,3,3,train,2,High Calorie
dish_1561996893,"chicken apple sausage, berries, grapes, olive oil, egg whites, roasted potatoes, broccoli",353.000002,309.11072867999997,11.4479264,35.662926999999996,17.148146399999998,7,7,train,2,High Calorie
dish_1560368570,"honeydew melons, pepper, cherry tomatoes, lettuce, mixed greens, pork, mustard, olive oil, lemon juice, onions, carrot, broccoli, green onions, shallots, arugula, vinegar, brown rice, fish, pumpkin seeds, basil, parsley, country rice, salt, garlic",451.999996,555.9327152936,39.187860508,27.133635029,46.5131021474,24,24,train,2,High Calorie
dish_1562945779,"vinaigrette, granola, blackberries, mixed greens, raspberries",29.0,37.695322247,2.020645224,4.463193358,0.927999962,5,5,train,0,Low Calorie
dish_1562085604,berries,423.0,241.11,1.269,59.22,2.961,1,1,test,1,Medium Calorie
dish_1559844366,"almonds, broccoli, grapes",192.0,529.22,39.886,34.91,19.231,3,3,test,2,High Calorie
dish_1558462228,white rice,17.0,22.1,0.051,4.76,0.459,1,1,train,0,Low Calorie
dish_1558639045,corn on the cob,110.0,116.71,2.64,24.2,3.41,1,1,train,1,Medium Calorie
dish_1558632445,almonds,91.0,526.071,45.045,20.657,20.384,1,1,test,2,High Calorie
dish_1566317775,"oatmeal, blackberries, raspberries",410.0,237.4,4.0,47.184,7.248,3,3,test,1,Medium Calorie
dish_1563480505,"salmon, mushroom, spinach (raw), brown rice, cream, olive oil, shallots, chili, lime, wine, sour cream, jalapenos, ginger, lemon juice, thyme, onions, pasta, cilantro, garlic, salt, beef",474.999998,767.266870185,33.528202875,29.451999618,79.754473052,21,21,train,2,High Calorie
dish_1558115915,sausage,59.0,203.314,16.107,2.478,11.387,1,1,train,1,Medium Calorie
dish_1559849497,"almonds, pears, grapes",340.0,521.433,30.552,58.439,15.014,3,3,train,2,High Calorie
dish_1562617470,"arugula, brown rice, lemon juice, parsley, pepperoni pizza, garlic, roasted potatoes, radishes, chicken thighs, vinegar, basil, olive oil, thyme, salt, caesar salad, broccoli",320.999999,440.86715765499997,19.671377677,37.176860839,29.481653689,16,16,train,2,High Calorie
dish_1561741063,cottage cheese,135.0,132.3,5.805,4.59,14.85,1,1,train,1,Medium Calorie
dish_1558378634,"grapes, almonds, sausage",315.0,874.966,64.777,44.302,37.979,3,3,train,2,High Calorie
dish_1563476646,"garlic, sour cream, onions, salt, thyme, cream, olive oil, mushroom, spinach (raw), wine, pasta, beef",218.00000599999998,380.158083736,18.12159359,21.653313698,29.908884021,12,12,train,2,High Calorie
dish_1558719298,almonds,46.0,265.926,22.77,10.442,10.304,1,1,test,2,High Calorie
dish_1559332418,"thyme, salmon, olive oil, pepper, brown rice, arugula, salt",271.00000700000004,482.10885547000004,24.459950240999998,10.669067268000001,50.326538156,7,7,train,2,High Calorie
dish_1550791214,"beef, berries, apple",197.0,175.94,5.658,22.68,9.921999999999999,3,3,train,1,Medium Calorie
dish_1563309285,"olives, bell peppers, lettuce",128.0,59.45,3.721,6.603,1.768,3,3,train,0,Low Calorie
dish_1551391733,tofu,46.0,33.58,2.208,0.874,3.68,1,1,train,0,Low Calorie
dish_1560888893,"garlic, shallots, roasted potatoes, thyme, olive oil, lemon juice, parsley, spinach (raw), wheat berry, chicken, white rice, salt",140.999998,213.164123622,5.957534338,17.087452873,21.345921601,12,12,train,1,Medium Calorie
dish_1562184604,steak,78.0,211.38,14.82,0.0,19.5,1,1,train,1,Medium Calorie
dish_1550789860,"fish, beef, white rice",241.0,393.7,22.716,22.96,38.309999999999995,3,3,train,2,High Calorie
dish_1560370804,ice cream cones,6.0,25.134,0.426,4.74,0.474,1,1,train,0,Low Calorie
dish_1561577198,"tofu, chard, blueberries, arugula, eggplant, roasted potatoes, salt, pepper, cheese pizza, olive oil, walnuts, mustard, vinegar",174.0,240.542897277,11.99711005,25.320699406,9.301438899999999,13,13,train,1,Medium Calorie
dish_1558548958,spinach (raw),10.0,2.3,0.04,0.36,0.29,1,1,train,0,Low Calorie
dish_1559589902,"mushroom, asparagus",76.0,16.368000000000002,0.184,2.64,2.158,2,2,train,0,Low Calorie
dish_1560444931,"watermelon, honeydew melons, pineapple, scrambled eggs",200.0,112.66,3.982,16.46,4.306,4,4,train,1,Medium Calorie
dish_1565813386,tofu,156.0,113.88,7.488,2.964,12.48,1,1,train,1,Medium Calorie
dish_1561577947,"olive oil, basil, arugula, blueberries, vinegar, mustard, walnuts, white wine, salt, rosemary, oregano, cream, mushroom, wheat berry, chard, pepper, chicken, shallots, garlic, butter, lemon juice, thyme",424.000009,623.20421818,33.782949647,12.882617355999999,67.202640024,22,22,train,2,High Calorie
dish_1550862190,cantaloupe,84.0,28.56,0.168,6.72,0.672,1,1,test,0,Low Calorie
dish_1563823292,"lime, salt, olive oil, cauliflower, wheat berry, garlic, steak",207.999989,450.54672550000004,29.362200858999998,7.701826822,39.788041481,7,7,train,2,High Calorie
dish_1551566159,"orange, sausage, pineapple",206.0,360.95799999999997,24.142,18.606,17.746000000000002,3,3,train,2,High Calorie
dish_1561405008,"garlic, soy sauce, vinegar, spinach (raw), caesar dressing, mustard greens, cucumbers, tomatoes, green onions, broccoli, salt, white rice, chicken, mustard, croutons, ginger, parmesan cheese, green beans, olive oil, kale",134.0,156.428076942,8.249931669,6.4200616660000005,14.763336835999999,20,20,train,1,Medium Calorie
dish_1565379788,"carrot, olive oil, salt, pepper",100.999995,49.64993003,1.19494885,9.96265689,0.897362855,4,4,train,0,Low Calorie
dish_1567525681,"radishes, hash browns, vinegar, olive oil, cucumbers, mustard, bell peppers, salt, garlic",173.999998,456.44475525400003,36.261380902,32.83701812,3.216218168,9,9,train,2,High Calorie
dish_1565194752,"sweet potato, egg whites, olive oil",509.999999,322.8936562,3.975512,25.82648766,39.08780487,3,3,test,2,High Calorie
dish_1562096372,"chicken thighs, squash, mushroom, quinoa, eggplant, wine, shallots, spinach (cooked), garlic, salt, lemon juice, cucumbers, olive oil",287.0,346.713695961,15.203941766,6.515384985,43.392499356,13,13,train,2,High Calorie
dish_1551564577,tortilla,25.0,54.5,0.725,11.25,1.5,1,1,train,0,Low Calorie
dish_1551225067,noodles,46.0,63.48,0.966,11.5,2.07,1,1,train,0,Low Calorie
dish_1564588859,"egg whites, greek yogurt, milk, chia seeds",256.999997,183.58641975,4.754447026999999,9.571161026,23.436095875,4,4,train,1,Medium Calorie
dish_1565898361,"brown rice, ginger, vinegar, beef, salmon, spinach (cooked), millet, lime, onions, spinach (raw), jalapenos, bok choy, shallots, garlic, chili, cilantro, salt, lemon juice, olive oil",202.000001,370.67146347,18.842781959,7.620060335,38.95052226799999,19,19,train,2,High Calorie
dish_1560529825,"watermelon, berries",117.0,52.92,0.3,13.116,0.768,2,2,test,0,Low Calorie
dish_1562774504,"sausage, roasted potatoes, watermelon",176.0,335.364,22.945,17.166,14.844,3,3,train,2,High Calorie
dish_1562872945,"arugula, lime, chive, carrot, couscous, garlic, parsley, nopales, jicama, corn, pepper, fish, salt, olive oil, sour cream",233.999997,258.599677666,15.496353088,30.387450328,20.053216788,15,15,train,1,Medium Calorie
dish_1558718680,almonds,23.0,132.963,11.385,5.221,5.152,1,1,train,1,Medium Calorie
dish_1563207301,"yam, egg whites, olive oil, sweet potato",173.0,187.93,6.234,24.168999999999997,8.0,4,4,train,1,Medium Calorie
dish_1567789256,"salt, garlic, bell peppers, scrambled eggs, bacon, cucumbers, olive oil, mustard, vinegar, sausage, radishes",318.999998,792.218391,64.688198999,9.403199966,41.403399993,11,11,test,2,High Calorie
dish_1563996509,"walnuts, cauliflower, oregano, arugula, mushroom, chard, wheat berry, garlic, shallots, thyme, cream, mustard, rosemary, white wine, chicken, pepper, vinegar, olive oil, blueberries, lemon juice, basil, salt, butter, roasted potatoes",316.0,365.18486507200004,17.874497336,19.300793004,32.752164515000004,24,24,train,2,High Calorie
dish_1550860858,"pineapple, scrambled eggs, cantaloupe",228.0,175.66,8.477,17.39,8.487,3,3,train,1,Medium Calorie
dish_1561999287,"broccoli, olive oil",90.0,50.136585780000004,2.546341512,6.14634146,2.107317072,2,2,train,0,Low Calorie
dish_1564689078,"almonds, olive oil, mustard, parsley, carrot, salt, blueberries, spinach (raw), vinegar",55.00000000000001,72.360776488,6.584692564,2.958964368,1.450291199,9,9,train,0,Low Calorie
dish_1564429235,"salt, chickpeas, mustard greens, olive oil, tempeh, arugula, parsley, vinegar, pepper",252.99999699999998,479.75778941,27.632152051000002,26.621541200000003,40.751779424999995,9,9,train,2,High Calorie
dish_1561579824,"salt, spinach (cooked), shallots, olive oil, onions, vinegar, bok choy, millet, beef",87.999999,185.21270305000002,10.632796966,2.611721305,17.977422683,9,9,train,1,Medium Calorie
dish_1551374831,bacon,13.0,70.33,5.46,0.182,4.81,1,1,train,0,Low Calorie
dish_1567711356,"fish, corn, arugula, nopales, pizza, carrot, pepper, salt, lime, jicama, sour cream, parsley, olive oil, garlic, chive",206.99999,337.362859986,23.641708659,29.009783691000003,25.219334191999998,15,15,train,2,High Calorie
dish_1551226049,"brussels sprouts, tortilla, carrot",166.0,223.33,2.745,46.41,7.531,3,3,train,1,Medium Calorie
dish_1565894889,"cheese pizza, cookies",74.0,257.813,11.168,33.295,6.641,2,2,train,1,Medium Calorie
dish_1560443607,"grapes, honeydew melons, egg whites, berries, pineapple",706.0,380.8,1.439,67.547,26.071,5,5,train,2,High Calorie
dish_1562012076,"olive oil, arugula, quinoa, white rice, salt, garlic, shallots, parsley, thyme, lemon juice",437.999999,525.973852482,5.869118183,100.683944543,15.518004237000001,10,10,train,2,High Calorie
dish_1562700496,cauliflower,124.0,31.0,0.372,6.2,2.232,1,1,train,0,Low Calorie
dish_1561577083,cheese pizza,37.0,98.383,3.478,12.395,4.144,1,1,train,1,Medium Calorie
dish_1551124062,scrambled eggs,56.0,82.88,6.16,0.896,5.6,1,1,train,0,Low Calorie
dish_1562605352,"brussels sprouts, scrambled eggs, olive oil, pepper, salt",195.000003,242.06893365000002,16.784140507000004,6.608413563,16.30708497,5,5,train,1,Medium Calorie
dish_1561574479,"beef, walnuts, salt, onions, bok choy, olive oil, mustard, arugula, vinegar, blueberries, chard, millet, cauliflower, cheese pizza, spinach (cooked), caesar salad, shallots, pepper",293.000001,363.613793092,18.48653942,25.268993498,24.553907898000002,18,18,train,2,High Calorie
dish_1558109714,almonds,37.0,213.897,18.315,8.399,8.288,1,1,train,1,Medium Calorie
dish_1560442279,"quinoa, berries, bacon",222.0,333.77000000000004,17.104,28.881999999999998,16.717,3,3,train,2,High Calorie
dish_1559846034,broccoli,32.0,11.2,0.128,2.24,0.768,1,1,train,0,Low Calorie
dish_1551233403,"cucumbers, mushroom, broccoli",106.0,27.23,0.292,5.182,2.334,3,3,train,0,Low Calorie
dish_1562086740,"scrambled eggs, bacon",215.0,447.89,33.879999999999995,3.374,30.41,2,2,train,2,High Calorie
dish_1561574974,"eggplant, olive oil, salt",152.0,50.130195424,1.7882352160000001,8.792156872,1.49019608,3,3,train,0,Low Calorie
dish_1564590190,"sweet potato, olive oil, watermelon, berries",298.000001,194.01585028,3.398219,40.65278076,2.33548782,4,4,train,1,Medium Calorie
dish_1556575327,"celery, olives, brussels sprouts",154.0,103.3,6.882000000000001,10.618,2.8680000000000003,3,3,train,1,Medium Calorie
dish_1562615128,"apple, white rice, vinegar, squash, mustard greens, garlic, goat cheese, salt, pineapple, kale, jalapenos, steak, lemon juice, olive oil, onions, arugula, cilantro, figs",244.000006,397.568276383,25.728845997,14.190873308,28.21352209,18,18,train,2,High Calorie
dish_1558468285,mixed greens,44.0,12.32,0.176,2.332,0.968,1,1,train,0,Low Calorie
dish_1558725049,brussels sprouts,100.0,43.0,0.3,9.0,3.4,1,1,train,0,Low Calorie
dish_1561579505,cauliflower,126.0,31.5,0.378,6.3,2.268,1,1,test,0,Low Calorie
dish_1558721380,cherry tomatoes,107.0,19.26,0.214,4.173,0.963,1,1,train,0,Low Calorie
dish_1558724005,cantaloupe,93.0,31.62,0.186,7.44,0.744,1,1,test,0,Low Calorie
dish_1565640842,"mixed greens, chicken, cucumbers, black beans",329.0,307.43,5.363,14.953000000000001,48.435,4,4,train,2,High Calorie
dish_1550779388,"broccoli, berries, sausage",290.0,452.588,30.136000000000003,22.596,23.92,3,3,train,2,High Calorie
dish_1551379045,"asparagus, oatmeal, lemon",265.0,122.934,2.108,26.019,4.881,3,3,train,1,Medium Calorie
dish_1562876531,"pepper, chicken, wheat berry, lemon juice, basil, parsley, garlic, squash, spinach (raw), zucchini, rosemary, olive oil, thyme, caesar salad, salt",85.0,66.066923153,2.410625367,3.079953282,8.375736116,15,15,train,0,Low Calorie
dish_1550772753,sausage,102.0,351.492,27.846,4.284,19.686,1,1,train,2,High Calorie
dish_1561665626,corn on the cob,49.0,51.989,1.176,10.78,1.519,1,1,train,0,Low Calorie
dish_1562945900,"cantaloupe, vinaigrette, berries, blackberries, mixed greens, honeydew melons, granola, raspberries, succotash, roasted potatoes",281.0,240.69532224699998,6.314645224,42.813193358,6.926999962,10,10,test,1,Medium Calorie
dish_1564000202,cheese pizza,149.0,396.191,14.006,49.915,16.688,1,1,train,2,High Calorie
dish_1558113477,almonds,50.0,289.05,24.75,11.35,11.2,1,1,train,2,High Calorie
dish_1551563370,carrot,16.0,6.56,0.032,1.6,0.144,1,1,train,0,Low Calorie
dish_1562947885,grapes,313.0,215.97,0.626,56.34,2.191,1,1,train,1,Medium Calorie
dish_1566316496,"vinegar, radishes, salt, bell peppers, olive oil, garlic, cucumbers, mustard",64.000001,121.09808407400001,12.485042229000001,2.431224454,0.630690965,8,8,train,1,Medium Calorie
dish_1558641416,corn on the cob,56.0,59.416,1.344,12.32,1.736,1,1,train,0,Low Calorie
dish_1550795856,orange,95.0,44.65,0.095,11.4,0.855,1,1,train,0,Low Calorie
dish_1551486680,"olives, corn, carrot",126.0,128.26999999999998,8.975999999999999,13.307,1.8800000000000003,3,3,train,1,Medium Calorie
dish_1558630649,"cantaloupe, grapes, apple",355.0,190.01,0.71,49.42,2.005,3,3,train,1,Medium Calorie
dish_1563393244,"broccoli, cucumbers, onions, squash, radishes, zucchini",280.000008,57.550001879999996,0.519666696,11.570667016,3.229666784,6,6,test,0,Low Calorie
dish_1558632475,corn on the cob,112.0,118.832,2.688,24.64,3.472,1,1,train,1,Medium Calorie
dish_1550862036,"orange, scrambled eggs, apple",143.0,117.09,5.4030000000000005,12.727999999999998,5.486999999999999,3,3,train,1,Medium Calorie
dish_1558721827,"cantaloupe, apple, cauliflower, almonds",429.0,886.523,66.52399999999999,59.541,32.415,4,4,test,2,High Calorie
dish_1559235639,strawberries,103.0,33.99,0.309,8.24,0.721,1,1,train,0,Low Calorie
dish_1562860045,"scrambled eggs, bacon",123.0,280.28999999999996,21.28,1.9180000000000001,19.05,2,2,test,2,High Calorie
dish_1565986733,"white rice, mushroom, ground turkey, chard, celery, wheat berry, onions, olive oil, cream, chive, garlic, salt, shallots, carrot, cherry tomatoes, fish, eggs, thyme, kale, parsley, lemon juice",287.000004,387.929405386,35.692815735,9.926109502,42.974813495,21,21,train,2,High Calorie
dish_1560368395,honeydew melons,137.0,49.32,0.137,12.33,0.685,1,1,train,0,Low Calorie
dish_1561576212,roasted potatoes,103.0,145.23,7.004,18.54,2.163,1,1,test,1,Medium Calorie
dish_1565118067,"carrot, chicken breast, tuna, cherry tomatoes, cheese pizza, bell peppers",522.0,623.43,12.966000000000001,41.417,82.113,6,6,train,2,High Calorie
dish_1562168399,"berries, pineapple",243.0,128.71,0.449,32.62,1.4209999999999998,2,2,train,1,Medium Calorie
dish_1551318603,oatmeal,124.0,84.32,1.736,14.88,2.976,1,1,train,0,Low Calorie
dish_1560455442,"sour cream, nopales, mustard, parsley, chard, vinegar, corn on the cob, corn, pepper, chive, salt, garlic, lime, carrot, olive oil, almonds, pizza, arugula, spinach (raw), blueberries, jicama, fish",293.000001,457.578910538,24.777533755,49.607749196,23.515823433,22,22,test,2,High Calorie
dish_1567110556,"cherry tomatoes, salt, pepper, vinegar, green beans, onions, cucumbers, olive oil, mixed greens, lettuce, lime",150.000001,127.10711496,10.841024993,7.109584611,2.239599137,11,11,train,1,Medium Calorie
dish_1558635933,cantaloupe,98.0,33.32,0.196,7.84,0.784,1,1,test,0,Low Calorie
dish_1567542953,"beef, chili, white rice, pineapple, soy sauce, onions, pepper, cilantro, green onions, cheese pizza, salt, chicken thighs, kale, vinegar, lemon juice, carrot, olive oil, orange juice, garlic, broccoli",354.000003,542.496323448,21.497739053,56.767720647,30.133642888,20,20,train,2,High Calorie
dish_1562790855,"radishes, fish, cherry tomatoes, shallots, onions, mustard, parsley, garlic, basil, salt, pepper, pork, lemon juice, brown rice, country rice, cucumbers, olive oil, vinegar, bell peppers, broccoli, green onions",506.99999299999996,739.3764747168,67.884845763,23.783417669000002,78.4316640412,21,21,train,2,High Calorie
dish_1564428181,"garlic, olive oil, parsley, pecans, lemon juice, salt, shallots, pepper, arugula, vinegar, chard, quinoa, thyme, pork, mustard, wheat berry, jalapenos, mayonnaise, carrot, cabbage, blueberries",319.99999,510.050629114,32.323370716,20.955042942000002,34.305463484,21,21,test,2,High Calorie
dish_1563550922,bacon,9.0,48.69,3.78,0.126,3.33,1,1,train,0,Low Calorie
dish_1551566464,cauliflower,45.0,11.25,0.135,2.25,0.81,1,1,train,0,Low Calorie
dish_1568666061,"garlic, jalapenos, tatsoi, cucumbers, parsley, bell peppers, salt, caesar salad, kale, millet, pepper, chicken, spinach (raw), olive oil, brussels sprouts, lemon juice, cheese pizza, tomatoes, onions",253.0,260.43408375900003,9.433981735,29.812945793,15.994325597,19,19,train,1,Medium Calorie
dish_1563480608,"beef, salt, cilantro, olive oil, cucumbers, jalapenos, brown rice, cauliflower, lime, broccoli, thyme, sour cream, ginger, spinach (raw), wine, pasta, garlic, mushroom, lemon juice, mustard, salmon, figs, chili, shallots, onions, chard, cream, vinegar, cherry tomatoes",649.999996,886.9464987810001,40.421228159,42.644721523,83.22263205399999,29,29,train,2,High Calorie
dish_1563218031,"salt, lime, broccoli, squash, wheat berry, jalapenos, rosemary, zucchini, onions, spinach (raw), mustard greens, cilantro, parmesan cheese, thyme, mangos, cherry tomatoes, arugula, pork, chicken breast, cucumbers, lemon juice, parsley, olive oil, garlic, tomatoes, white rice",426.000002,419.769582378,17.155957405,17.798938478,47.78855838,26,26,train,2,High Calorie
dish_1550797031,tomatoes,59.0,20.06,0.413,4.012,0.413,1,1,train,0,Low Calorie
dish_1563998279,"chicken, cilantro, parsley, brown rice, mushroom, steak, wheat berry, thyme, basil, white wine, shallots, garlic, vinegar, pepper, arugula, jalapenos, oregano, cream, tatsoi, butter, rosemary, olive oil, lemon juice, salt, roasted potatoes",296.000008,565.005114629,31.652303429,21.402531357,47.960520222,25,25,train,2,High Calorie
dish_1551567141,asparagus,17.0,3.468,0.017,0.663,0.374,1,1,train,0,Low Calorie
dish_1559245654,pears,202.0,115.544,0.202,30.704,0.808,1,1,train,1,Medium Calorie
dish_1563823814,"salt, pepper, turnips, olive oil",85.00000200000001,25.585729182999998,0.920257941,4.275406032,0.587576893,4,4,train,0,Low Calorie
dish_1559158263,"blueberries, arugula, vinegar, chard, pepper, walnuts, salt, mustard, olive oil",33.000001000000005,40.736823263,3.870972322,1.328678987,0.791950271,9,9,train,0,Low Calorie
dish_1563217939,"white rice, arugula, cherry tomatoes, garlic, onions, olive oil, cucumbers, tomatoes, lemon juice, lime, salt, mustard greens, zucchini, parsley, mangos, jalapenos, pork, rosemary, cilantro",171.000003,227.242702951,12.185004915999999,7.603419792,21.324188418000002,19,19,train,1,Medium Calorie
dish_1558546918,white rice,54.0,70.2,0.162,15.12,1.458,1,1,test,0,Low Calorie
dish_1551141931,cantaloupe,62.0,21.08,0.124,4.96,0.496,1,1,train,0,Low Calorie
dish_1550707236,bread,48.0,127.392,2.016,20.304,6.48,1,1,test,1,Medium Calorie
dish_1562963325,"sugar, garlic, pepper, white rice, bok choy, pork, salt, cheese pizza, soy sauce, caesar salad",379.0,760.1619586300001,31.468940121,65.33331509199999,51.822539026,10,10,train,2,High Calorie
dish_1566329021,"bell peppers, shallots, beef, garlic, vinegar, spinach (raw), pepper, olive oil, tomatoes, cheese pizza, salt, chicken, bok choy, jalapenos, brussels sprouts, onions, fried rice, spinach (cooked), millet",486.000003,792.68086836,28.006496497,74.708341071,59.259874815,19,19,train,2,High Calorie
dish_1560799113,pizza,37.0,98.42,3.589,12.21,4.07,1,1,train,1,Medium Calorie
dish_1561491210,"chard, blueberries, cherry tomatoes, radishes, shallots, salt, chive, olive oil, wheat berry, vinegar, spinach (raw), wild rice, fish, garlic, cauliflower, lemon juice, mustard, parsley",276.000005,251.097468894,18.868791456,23.314334018,22.31333675,18,18,train,1,Medium Calorie
dish_1568144643,"garlic, vinegar, broccoli, salt, olive oil, lemon juice, tatsoi, parsley, brown rice, steak, jalapenos, shallots, cilantro",211.999998,352.224365079,22.987044958,10.798032767,27.062535216,13,13,train,2,High Calorie
dish_1560444914,"honeydew melons, pineapple, watermelon",166.0,62.34,0.242,15.916,0.906,3,3,train,0,Low Calorie
dish_1558629398,tomatoes,64.0,21.76,0.448,4.352,0.448,1,1,test,0,Low Calorie
dish_1565107143,"olive oil, watermelon, egg whites, scrambled eggs, sweet potato",655.000005,454.27463972,13.240049,31.67195208,46.10921956,5,5,train,2,High Calorie
dish_1560441464,berries,50.0,28.5,0.15,7.0,0.35,1,1,train,0,Low Calorie
dish_1551221892,"tortilla, cauliflower, fish",176.0,138.87,7.127,20.15,12.065999999999999,3,3,train,1,Medium Calorie
dish_1562611580,pepperoni pizza,50.0,141.0,6.0,16.0,6.0,1,1,train,1,Medium Calorie
dish_1563389079,"broccoli, pepper, olive oil, carrot, salt",119.0,50.42817796,0.961533162,10.105690693,1.91885644,5,5,train,0,Low Calorie
dish_1560526530,"berries, mustard greens, parsley, tomatoes, cucumbers, vinegar, almonds, olive oil, mustard, sausage, salt, carrot, potatoes, garlic, pineapple, spinach (raw), blueberries",242.000003,245.28076660899998,13.312129684999999,26.787250838,6.8920246810000005,17,17,train,1,Medium Calorie
dish_1561752449,"tomatoes, garlic, onions, chili, tortilla, salt, olive oil, chicken thighs, cilantro, cheese",134.000001,287.849857488,14.53412667,14.237978298000002,24.759119148000003,10,10,test,2,High Calorie
dish_1551225764,"mushroom, tortilla, apple",118.0,105.32,1.0979999999999999,23.455,2.821,3,3,train,1,Medium Calorie
dish_1551232936,bell peppers,35.0,14.0,0.07,3.15,0.7,1,1,train,0,Low Calorie
dish_1559846450,pears,201.0,114.972,0.201,30.552,0.804,1,1,test,1,Medium Calorie
dish_1561393619,"cottage cheese, berries",284.0,234.04,7.8919999999999995,21.104,20.116,2,2,train,1,Medium Calorie
dish_1562947376,pineapple,73.0,36.5,0.073,9.49,0.365,1,1,train,0,Low Calorie
dish_1564773976,"cherry tomatoes, chicken breast, shallots, olive oil, mayonnaise, arugula, salmon, pepper, pickles, chive, olives, salt, garlic, broccoli, parsley, kale, lemon juice, lentils, pineapple",463.000003,516.089573614,22.149777074,26.414200105,52.714331355,19,19,train,2,High Calorie
dish_1563205877,chicken apple sausage,35.0,56.0,3.5,1.05,4.9,1,1,train,0,Low Calorie
dish_1563910106,"spinach (raw), chard, vinegar, mustard, cherry tomatoes, salt, figs, olive oil, cucumbers",83.999998,101.45795992,7.423245262,8.096603254,1.529207545,9,9,train,1,Medium Calorie
dish_1566591048,"olives, brown rice, arugula, chicken salad, pepper, chicken, salmon, salt, thyme, olive oil",481.000004,876.2018751,42.70885092,12.671189449,102.963146104,10,10,train,2,High Calorie
dish_1561663035,cheese pizza,99.0,263.241,9.306,33.165,11.088,1,1,train,2,High Calorie
dish_1551566974,"olives, tofu, carrot",87.0,70.65,5.157,4.806,3.0930000000000004,3,3,train,0,Low Calorie
dish_1560787696,bacon,7.0,37.87,2.94,0.098,2.59,1,1,train,0,Low Calorie
dish_1565107066,scrambled eggs,86.0,127.28,9.46,1.376,8.6,1,1,test,1,Medium Calorie
dish_1561481577,bacon,37.0,200.17,15.54,0.518,13.69,1,1,test,1,Medium Calorie
dish_1561737839,berries,370.0,210.9,1.11,51.8,2.59,1,1,test,1,Medium Calorie
dish_1563827060,cheese pizza,55.0,146.245,5.17,18.425,6.16,1,1,train,1,Medium Calorie
dish_1562010085,"wheat berry, lemon juice, jalapenos, mayonnaise, pepper, brussels sprouts, garlic, salt, carrot, cabbage, olive oil, parsley, pork",263.999994,440.321432329,25.204317893,11.446743537,41.166976746,13,13,train,2,High Calorie
dish_1566246513,"feta cheese, mixed greens, chicken",265.0,436.955,17.885,4.43,61.17,3,3,test,2,High Calorie
dish_1556575124,celery,28.0,4.48,0.056,0.952,0.196,1,1,train,0,Low Calorie
dish_1561748950,"salt, olive oil, thyme, honeydew melons, brown rice, arugula, pepper, salmon",205.0,197.2529513,7.970456406,14.045124898,16.746489454,8,8,train,1,Medium Calorie
dish_1562097624,"wheat berry, olive oil",68.0,77.58602318999999,2.310680085,12.609708647,2.772815514,2,2,train,0,Low Calorie
dish_1551492252,olives,60.0,69.0,6.42,3.78,0.48,1,1,train,0,Low Calorie
dish_1561996428,"olive oil, broccoli, scrambled eggs, sweet potato",674.000005,681.79122354,33.374878335999995,62.80087838,32.820244016000004,4,4,train,2,High Calorie
dish_1565721800,"zucchini, chayote squash",171.0,33.345,0.7695000000000001,6.6690000000000005,1.4535,2,2,test,0,Low Calorie
dish_1550796152,"apple, orange, berries",309.0,160.08,0.606,41.36,1.829,3,3,train,1,Medium Calorie
dish_1561999355,"scrambled eggs, blackberries, granola, vinaigrette, raspberries, broccoli, bacon, mixed greens, olive oil",294.000001,463.290619681,32.794406162,14.452760924,28.091317089999997,9,9,test,2,High Calorie
dish_1559578551,bacon,23.0,124.43,9.66,0.322,8.51,1,1,test,1,Medium Calorie
dish_1551377388,banana,35.0,31.15,0.105,8.05,0.385,1,1,train,0,Low Calorie
dish_1561405887,"olive oil, soy sauce, salt, cheese pizza, chicken, white rice, vinegar, spinach (raw), ginger, carrot, garlic, broccoli, green onions, pepper, green beans",139.000003,213.34344932,5.735158666,15.949179232999999,23.363749616,15,15,test,1,Medium Calorie
dish_1565986702,"lemon juice, wheat berry, parsley, cherry tomatoes, fish, salt, garlic, shallots, chive, olive oil, chard",204.000002,211.343999023,24.373024152,6.954481047,27.831073096999997,11,11,train,1,Medium Calorie
dish_1551377135,mushroom,19.0,4.18,0.057,0.627,0.589,1,1,test,0,Low Calorie
dish_1561665747,"mixed greens, chickpeas, apple, lemon juice, pizza, onions, parsley, olive oil, corn on the cob, vinegar, millet, salt",314.000003,486.296088391,16.732690908,68.08617099599999,19.934382392,12,12,train,2,High Calorie
dish_1561999332,"bacon, blackberries, vinaigrette, granola, broccoli, raspberries, mixed greens, olive oil",157.00000100000003,260.530619681,17.724406162,12.260760924,14.39131709,8,8,train,1,Medium Calorie
dish_1551381249,lemon,71.0,20.59,0.213,6.39,0.781,1,1,train,0,Low Calorie
dish_1551492590,"olives, sausage, mushroom",161.0,357.932,28.653000000000002,7.446,18.05,3,3,train,2,High Calorie
dish_1562168450,"berries, pineapple, egg whites, roasted potatoes",431.0,282.54,4.983,44.835,15.244,4,4,train,2,High Calorie
dish_1550874153,carrot,13.0,5.33,0.026,1.3,0.117,1,1,train,0,Low Calorie
dish_1561406762,"carrot, salt, pepper, olive oil",35.0,17.20542165,0.41409114,3.452406045,0.310967345,4,4,train,0,Low Calorie
dish_1561576707,"cream, eggplant, arugula, mushroom, garlic, salt, shallots, caesar salad, oregano, chicken, cauliflower, wheat berry, squash, pepper, butter, lemon juice, rosemary, olive oil, thyme, basil, white wine",492.000011,324.142464199,10.745475987,19.872357731,38.398151833,21,21,train,2,High Calorie
dish_1558642420,carrot,95.0,38.95,0.19,9.5,0.855,1,1,test,0,Low Calorie
dish_1550781372,"tomatoes, broccoli, potatoes",184.0,94.63,0.646,20.094,3.393,3,3,train,1,Medium Calorie
dish_1565118729,"shallots, salt, kale, onions, olive oil, chard, vinegar, beef, spinach (cooked), millet, bok choy",247.999995,435.49326007,24.265119438,9.017551421,41.90298941900001,11,11,train,2,High Calorie
dish_1568320470,"vinegar, feta cheese, olive oil, vinaigrette, spinach (cooked), olives, lettuce, beef, quinoa, bok choy, millet, cherry tomatoes, cucumbers, onions, shallots, salt, cheese pizza, bell peppers, green beans",340.999999,521.0386076919999,24.968086283,44.141685632,29.330263554000002,19,19,train,2,High Calorie
dish_1559845637,potatoes,121.0,93.17,0.121,20.57,2.42,1,1,train,1,Medium Calorie
dish_1558372695,sausage,43.0,148.178,11.739,1.806,8.299,1,1,train,1,Medium Calorie
dish_1550772454,broccoli,65.0,22.75,0.26,4.55,1.56,1,1,test,0,Low Calorie
dish_1562173111,chia seeds,163.0,792.18,50.53,68.46,27.71,1,1,train,2,High Calorie
dish_1563813806,egg whites,156.0,81.12,0.312,1.092,15.6,1,1,test,0,Low Calorie
dish_1551125384,"tomatoes, mixed greens, brussels sprouts",144.0,53.400000000000006,0.72,10.872,2.868,3,3,train,0,Low Calorie
dish_1559678629,"shallots, bell peppers, lime, onions, kale, salt, olive oil, ketchup, jalapenos, cilantro, fish, white rice",80.0,89.376663362,8.445810709,6.14395102,9.622075244,12,12,train,1,Medium Calorie
dish_1557936555,eggs,96.0,149.28,10.08,1.152,12.0,1,1,train,1,Medium Calorie
dish_1563221640,"mangos, arugula, pepperoni pizza, parmesan cheese, spinach (raw), tomatoes, thyme, mustard greens, mustard, cucumbers, broccoli, garlic, salt, jalapenos, cherry tomatoes, chicken breast, apple, lemon juice, squash, wheat berry, vinegar, olive oil, cranberries, onions, lime, cilantro",363.999994,469.18612393800004,19.881497699,39.257433762,34.722002359,26,26,train,2,High Calorie
dish_1558373074,deprecated,142.0,73.84,0.284,0.426,19.88,1,1,train,0,Low Calorie
dish_1566587958,"brown rice, arugula, salt, pepper, thyme, salmon, olive oil",224.000003,398.49587829,20.217818737,8.818712884,41.598318274,7,7,train,2,High Calorie
dish_1565024707,"turkey bacon, scrambled eggs",149.0,299.298,22.204,2.894,21.394,2,2,train,2,High Calorie
dish_1559849053,"grapes, almonds",125.0,381.528,28.844,25.226,13.461,2,2,train,2,High Calorie
dish_1550795331,apple,282.0,146.64,0.564,39.48,0.846,1,1,train,1,Medium Calorie
dish_1551224208,"mushroom, bell peppers, brussels sprouts",162.0,61.92,0.431,12.927,4.651,3,3,train,0,Low Calorie
dish_1568060746,"olive oil, mixed greens, avocado, onions, chicken",395.0,778.8199999999999,53.007999999999996,12.233,64.398,5,5,test,2,High Calorie
dish_1558719514,"almonds, apple, corn on the cob, cherry tomatoes, cauliflower",430.0,433.28499999999997,24.713,49.696,14.859,5,5,train,2,High Calorie
dish_1561060976,"salmon, onions, jalapenos, tofu, brussels sprouts, cilantro, chili, pepper, salt, lime, ginger, brown rice, spinach (raw), lemon juice, olive oil, garlic, shallots",265.999999,265.507263862,11.454552121,14.356571705,28.171125574,17,17,train,2,High Calorie
dish_1565728562,"vinegar, beef, chicken, millet, spinach (cooked), shallots, salt, bok choy, lemon juice, thyme, olive oil, wheat berry, spinach (raw), garlic, roasted potatoes, cheese pizza, onions, parsley, squash",261.999996,354.982269587,14.151336355000002,25.374428009,29.570671568999998,19,19,train,2,High Calorie
dish_1550779219,berries,76.0,43.32,0.228,10.64,0.532,1,1,train,0,Low Calorie
dish_1558457577,eggs,111.0,172.605,11.655,1.332,13.875,1,1,train,1,Medium Calorie
dish_1568401199,"tuna salad, squash, olive oil, salt",342.999996,459.643353245,22.450722579,24.832966562,37.956961737,4,4,train,2,High Calorie
dish_1558721323,cantaloupe,93.0,31.62,0.186,7.44,0.744,1,1,train,0,Low Calorie
dish_1566332116,"olives, spinach (raw), cucumbers",275.0,153.55,12.244,11.356,3.761,3,3,test,1,Medium Calorie
dish_1551485983,kiwi,57.0,34.77,0.285,8.55,0.627,1,1,test,0,Low Calorie
dish_1558115320,almonds,30.0,173.43,14.85,6.81,6.72,1,1,train,1,Medium Calorie
dish_1558639752,"corn on the cob, cherry tomatoes, almonds",220.0,254.13099999999997,13.213,32.438,8.915,3,3,train,1,Medium Calorie
dish_1551324246,bacon,14.0,75.74,5.88,0.196,5.18,1,1,train,0,Low Calorie
dish_1551382115,white rice,46.0,59.8,0.138,12.88,1.242,1,1,train,0,Low Calorie
dish_1563222745,pepperoni pizza,48.0,135.36,5.76,15.36,5.76,1,1,train,1,Medium Calorie
dish_1566587689,"salmon, salt, olive oil, thyme, kale, brown rice, chard, arugula, pepper",270.000002,196.84695692,7.475342252,15.383455493,18.580094998,9,9,train,1,Medium Calorie
dish_1550862349,"banana, berries, cantaloupe",294.0,201.38,0.798,51.06,2.806,3,3,train,1,Medium Calorie
dish_1561393550,cottage cheese,176.0,172.48,7.568,5.984,19.36,1,1,test,1,Medium Calorie
dish_1565728684,"shallots, salt, cheese pizza, lemon juice, celery root, onions, vinegar, beef, garlic, bok choy, millet, chicken, spinach (cooked), roasted potatoes, broccoli, mixed greens, parsley, olive oil, thyme, wheat berry, squash, spinach (raw), mustard, cherry tomatoes, pineapple",463.999998,493.299142397,21.302758458,44.040031571,32.248196315,25,25,train,2,High Calorie
dish_1558635865,corn on the cob,19.0,20.159,0.456,4.18,0.589,1,1,train,0,Low Calorie
dish_1559845370,"potatoes, mandarin oranges",139.0,94.31,0.245,21.509999999999998,2.144,2,2,train,1,Medium Calorie
dish_1558458438,spinach (raw),14.0,3.22,0.056,0.504,0.406,1,1,train,0,Low Calorie
dish_1561575506,"olive oil, onions, shallots, salt, roasted potatoes, bok choy, millet, cauliflower, spinach (cooked), beef, vinegar, eggplant",393.000007,562.0433053480001,30.339838314,23.645261709,45.891101227,12,12,train,2,High Calorie
dish_1550774244,banana,102.0,90.78,0.306,23.46,1.122,1,1,train,1,Medium Calorie
dish_1564589072,"sweet potato, olive oil, chilaquiles",241.000002,419.31072968,24.043902,31.756098,17.407561,3,3,train,2,High Calorie
dish_1567789190,"salt, bell peppers, garlic, olive oil, cucumbers, vinegar, mustard, sausage, radishes",176.999998,507.38839099999996,43.178198999,7.169199966,22.073399993,9,9,train,2,High Calorie
dish_1559846688,"vinegar, beets, arugula, onions, mustard, carrot, olive oil, salt, lettuce",73.0,82.832445292,7.752181085999999,3.110636978,1.291914031,9,9,train,0,Low Calorie
dish_1558723096,cauliflower,66.0,16.5,0.198,3.3,1.188,1,1,train,0,Low Calorie
dish_1564675380,turkey bacon,23.0,87.331,6.463,0.713,6.693,1,1,test,0,Low Calorie
dish_1560444616,"scrambled eggs, yam, strawberries",240.0,265.871,12.857,24.958000000000002,12.831,3,3,test,2,High Calorie
dish_1562774346,"cheese, scrambled eggs",264.000003,422.6514341,31.805714709999997,4.186285761000001,28.28571465,2,2,train,2,High Calorie
dish_1566246972,"thyme, lemon juice, wheat berry, parsley, cauliflower, chicken, shallots, cheese pizza, lime, garlic, olive oil, salt, spinach (raw), steak",199.99999699999998,445.577020789,18.2926337,32.858716126,36.084475304,14,14,train,2,High Calorie
dish_1558635962,almonds,9.0,52.029,4.455,2.043,2.016,1,1,train,0,Low Calorie
dish_1558115641,"grapes, sausage, potatoes",331.0,584.5260000000001,34.697,41.082,27.196,3,3,train,2,High Calorie
dish_1565972363,egg whites,557.0,289.64,1.114,3.899,55.7,1,1,test,2,High Calorie
dish_1561392570,"bell peppers, mustard, salt, berries, cucumbers, garlic, olive oil, broccoli, vinegar, radishes",186.999999,149.804929799,9.080466321,16.931466562,2.590599974,10,10,train,1,Medium Calorie
dish_1550778856,bacon,12.0,64.92,5.04,0.168,4.44,1,1,train,0,Low Calorie
dish_1551378397,bean(seed),32.0,44.8,0.192,7.68,2.88,1,1,train,0,Low Calorie
dish_1551139066,ham,29.0,42.05,1.74,0.435,6.09,1,1,train,0,Low Calorie
dish_1564415571,"olive oil, egg whites, broccoli, sweet potato",754.000005,435.97463905999996,5.317805104,25.21865922,61.925365924,4,4,train,2,High Calorie
dish_1551234252,broccoli,44.0,15.4,0.176,3.08,1.056,1,1,train,0,Low Calorie
dish_1559319902,pineapple,17.0,8.5,0.017,2.21,0.085,1,1,train,0,Low Calorie
dish_1561752970,"garlic, onions, chili, tortilla, salt, olive oil, chicken thighs, cilantro, cheese, tomatoes",299.00000800000004,642.291854038,32.430625956,31.769817905,55.24609542700001,10,10,train,2,High Calorie
dish_1562698132,"corn, salt, artichokes, chive, snow peas, parsley, olive oil, lentils, squash, arugula, fish, pepper, garlic",178.000004,128.09681059800002,12.129619120000001,7.157574954,14.232164501,13,13,train,1,Medium Calorie
dish_1566849208,mixed greens,70.0,19.6,0.28,3.71,1.54,1,1,train,0,Low Calorie
dish_1563996464,"blueberries, vinegar, arugula, chard, pepper, olive oil, cauliflower, walnuts, salt, mustard",146.000004,100.489188658,7.867641392,6.667095134999999,3.0179021010000002,10,10,train,1,Medium Calorie
dish_1562615360,"pineapple, steak, onions, kale, olive oil, garlic, cilantro, salt, white rice, apple, jalapenos, vinegar, lemon juice, arugula, mustard greens, goat cheese, roasted potatoes, figs",191.000003,331.48201286799997,20.402437946,20.033928863,17.890610881,18,18,test,2,High Calorie
dish_1563476463,"garlic, lime, chili, lemon juice, brownies, olive oil, wine, cream, brown rice, mushroom, beef, salmon, pasta, shallots, salt, cheese pizza, onions, sour cream, thyme, spinach (raw), ginger, jalapenos, cilantro",541.999997,1067.511070879,50.651028169,65.623292054,82.447826492,23,23,train,2,High Calorie
dish_1561663990,"brown rice, rosemary, olive oil, parsley, carrot, chive, salt, chicken, garlic, lemon juice, chard, basil",115.000005,181.48968526899998,5.211058339999999,3.2937092029999997,28.614526828,12,12,train,1,Medium Calorie
dish_1550710664,cucumbers,71.0,7.1,0.0,1.42,0.71,1,1,train,0,Low Calorie
dish_1563567722,"cherry tomatoes, fish, chard, arugula, wheat berry, lemon juice, pecans, mustard, kale, chive, shallots, corn on the cob, vinegar, blueberries, olive oil, parsley, salt, garlic",575.999998,645.323645346,50.287823019,55.290189014999996,40.357467291,18,18,train,2,High Calorie
dish_1551567396,"tofu, ham, broccoli",149.0,142.45,6.056,4.795,18.556,3,3,test,1,Medium Calorie
dish_1562774159,"raspberries, vinaigrette, cantaloupe, granola, blackberries, mixed greens, berries",128.999997,90.76354279099999,3.0020964980000002,15.496128324,1.95499987,7,7,train,1,Medium Calorie
dish_1562859116,scrambled eggs,98.0,145.04,10.78,1.568,9.8,1,1,train,1,Medium Calorie
dish_1550773038,broccoli,59.0,20.65,0.236,4.13,1.416,1,1,train,0,Low Calorie
dish_1561662501,"olive oil, pepper, corn on the cob, vinegar, cherry tomatoes, salt, mixed greens, lettuce, lime, cucumbers, onions, tofu",165.000001,158.39549104,7.063836837,21.929183770999998,6.882387759,12,12,test,1,Medium Calorie
dish_1561999309,"broccoli, raspberries, mixed greens, vinaigrette, olive oil, granola, blackberries",127.000001,98.23061968100001,5.124406162,11.840760924,3.29131709,7,7,train,1,Medium Calorie
dish_1551226442,"tortilla, broccoli, brussels sprouts",127.0,87.44,0.976,18.009999999999998,4.374,3,3,train,0,Low Calorie
dish_1550875058,"potatoes, avocado, fish",141.0,138.21,12.013,11.35,12.988,3,3,test,1,Medium Calorie
dish_1560444785,"bacon, watermelon, honeydew melons, pineapple",448.0,313.08000000000004,13.187999999999999,38.66,13.36,4,4,train,2,High Calorie
dish_1561996554,"cantaloupe, honeydew melons",83.0,29.200000000000003,0.117,7.130000000000001,0.517,2,2,train,0,Low Calorie
dish_1566588016,"pepper, salmon, brown rice, arugula, thyme, carrot, olive oil, salt",373.999995,472.23339739,21.992495177000002,23.61473793,42.931035396000006,8,8,train,2,High Calorie
dish_1568313527,"mixed greens, avocado",71.0,48.92,3.496,4.577,1.518,2,2,train,0,Low Calorie
dish_1560527950,watermelon,77.0,23.1,0.154,5.852,0.462,1,1,train,0,Low Calorie
dish_1561062286,"wine, ginger, jalapenos, brown rice, mushroom, cream, lemon juice, sour cream, onions, lime, salt, cilantro, beef, pasta, spinach (raw), thyme, olive oil, white rice, chili, shallots, salmon, garlic",167.0,256.35939219399995,8.381911638,24.109249047,18.91519806,22,22,train,1,Medium Calorie
dish_1560801883,"arugula, chicken breast, cherry tomatoes, spinach (raw), squash, wheat berry, parmesan cheese, garlic, rosemary, zucchini, parsley, salt, cauliflower, white rice, thyme, pepperoni pizza, pork, olive oil, onions",314.999995,512.111273463,22.146604908,34.629461488,42.559066742000006,19,19,test,2,High Calorie
dish_1551322652,lemon,65.0,18.85,0.195,5.85,0.715,1,1,train,0,Low Calorie
dish_1551374155,kiwi,63.0,38.43,0.315,9.45,0.693,1,1,test,0,Low Calorie
dish_1551222791,"tortilla, brussels sprouts, bell peppers",106.0,75.97,0.749,16.02,3.5540000000000003,3,3,test,0,Low Calorie
dish_1551392752,bean(seed),25.0,35.0,0.15,6.0,2.25,1,1,train,0,Low Calorie
dish_1563378051,"egg whites, yam, cantaloupe, sweet potato, olive oil",331.999997,244.565095036,5.4410570719999996,24.016301064,21.790716936,5,5,train,1,Medium Calorie
dish_1562789207,cheese pizza,55.0,146.245,5.17,18.425,6.16,1,1,train,1,Medium Calorie
dish_1558717886,apple,142.0,73.84,0.284,19.88,0.426,1,1,train,0,Low Calorie
dish_1563811412,egg whites,217.0,112.84,0.434,1.519,21.7,1,1,train,1,Medium Calorie
dish_1551228715,"tortilla, fish, mushroom",98.0,118.56,5.828,17.474999999999998,9.619,3,3,train,1,Medium Calorie
dish_1551135767,"bell peppers, tomatoes, fish",143.0,89.88,9.609,5.446,13.893,3,3,train,1,Medium Calorie
dish_1562960437,roasted potatoes,69.0,97.29,4.692,12.42,1.449,1,1,train,1,Medium Calorie
dish_1562010891,"garlic, pineapple, pepper, jalapenos, mayonnaise, chard, pork, parsley, lemon juice, pecans, mustard, carrot, arugula, vinegar, wheat berry, blueberries, olive oil, cabbage, salt",341.0,438.742931863,26.274801459,23.483952343,28.742785419,19,19,train,2,High Calorie
dish_1551566083,orange,43.0,20.21,0.043,5.16,0.387,1,1,train,0,Low Calorie
dish_1561666619,grapes,52.0,35.88,0.104,9.36,0.364,1,1,train,0,Low Calorie
dish_1551225155,"apple, cauliflower, noodles",251.0,149.56,1.452,33.36,3.825,3,3,train,1,Medium Calorie
dish_1550792315,"bell peppers, apple, cantaloupe",181.0,74.44,0.362,18.22,1.855,3,3,train,0,Low Calorie
dish_1551133870,cantaloupe,62.0,21.08,0.124,4.96,0.496,1,1,train,0,Low Calorie
dish_1562862550,"cream cheese, scrambled eggs, strawberries, bagels",257.000002,364.52000499999997,19.19000003,29.103000979999997,18.829600202,4,4,train,2,High Calorie
dish_1562613045,"corn, mixed greens, cod",207.0,166.112,1.7930000000000001,18.286,21.534,3,3,train,1,Medium Calorie
dish_1558378516,grapes,134.0,92.46,0.268,24.12,0.938,1,1,train,1,Medium Calorie
dish_1558463113,"white rice, grapes, cherry tomatoes, spinach (raw)",139.0,63.580000000000005,0.32099999999999995,14.696,1.743,4,4,train,0,Low Calorie
dish_1550860820,"pineapple, cantaloupe, scrambled eggs",228.0,175.66,8.477,17.39,8.487,3,3,train,1,Medium Calorie
dish_1562687527,"radishes, berries, chicken apple sausage, vinegar, garlic, cucumbers, olive oil, bell peppers, mustard, salt, honeydew melons",209.999998,203.221603082,13.594805032,18.887260618,3.3961272780000002,11,11,test,1,Medium Calorie
dish_1561574848,"basil, feta cheese, pepper, shallots, cucumbers, olive oil, blueberries, wheat berry, vinegar, chard, chicken, cherry tomatoes, bell peppers, onions, mustard, white wine, lemon juice, cream, oregano, vinaigrette, olives, mushroom, arugula, walnuts, garlic, butter, salt, rosemary, lettuce, thyme",155.00000300000002,182.25830757699998,10.234436955,4.815749068,18.055316749,30,30,train,1,Medium Calorie
dish_1562861103,"bell peppers, salt, mustard, cucumbers, olive oil, vinegar, radishes, garlic",49.999998999999995,94.607873283,9.753938710999998,1.899394056,0.49272730400000003,8,8,train,1,Medium Calorie
dish_1565727765,"broccoli, mixed greens",77.0,26.32,0.308,5.237,1.8299999999999998,2,2,train,0,Low Calorie
dish_1562959103,"tomatillo, salt, parsnips, arugula, lemon juice, cilantro, olive oil, roasted potatoes, pepper, jalapenos, onions, pizza, garlic, fish, quinoa",254.999994,395.013586046,22.101430018,43.194993274,23.418005828000002,15,15,train,2,High Calorie
dish_1561749818,"brown rice, arugula, salmon, cherry tomatoes, pepper, salt, broccoli, radishes, olive oil, thyme, cucumbers",395.000004,340.02791304,15.126815272,16.991819125,33.49149844,11,11,train,2,High Calorie
dish_1551237274,bell peppers,23.0,9.2,0.046,2.07,0.46,1,1,test,0,Low Calorie
dish_1561576618,"salt, olive oil, squash, eggplant",188.00000599999998,57.924409533,2.3187205090000003,8.419776165,1.749612011,4,4,train,0,Low Calorie
dish_1558463362,cherry tomatoes,116.0,20.88,0.232,4.524,1.044,1,1,train,0,Low Calorie
dish_1563567372,"cherry tomatoes, fish, salt, wheat berry, lemon juice, chard, kale, parsley, olive oil, pizza, shallots, garlic, chive",589.9999849999999,951.910801057,66.170238161,81.62933960900001,75.377950695,13,13,test,2,High Calorie
dish_1561404438,"wheat berry, cauliflower, garlic, olive oil, salt, steak, lime",168.999993,366.069221,23.856788760000004,6.257734082000001,32.327784252,7,7,train,2,High Calorie
dish_1558380527,sausage,112.0,385.952,30.576,4.704,21.616,1,1,train,2,High Calorie
dish_1551377316,shrimp,67.0,66.33,0.201,0.134,16.08,1,1,train,0,Low Calorie
dish_1558725734,carrot,75.0,30.75,0.15,7.5,0.675,1,1,train,0,Low Calorie
dish_1560787817,"berries, yam, bagels, bacon, cream cheese",165.000002,292.22900500000003,8.621000030000001,44.56800098,9.818600201999999,5,5,train,2,High Calorie
dish_1567801716,cheese pizza,38.0,101.042,3.572,12.73,4.256,1,1,train,1,Medium Calorie
dish_1551323662,"bean(seed), shrimp, oatmeal",194.0,173.69,1.655,16.838,23.304000000000002,3,3,train,1,Medium Calorie
dish_1562790224,"walnuts, salt, mustard, olive oil, blueberries, arugula, vinegar, chard, pepper",116.000005,312.74973828599997,30.397384623,7.830092242,6.847873701,9,9,train,2,High Calorie
dish_1551237710,beef,73.0,182.5,10.95,0.0,18.98,1,1,train,1,Medium Calorie
dish_1550875400,"fish, cantaloupe, cheese",169.0,217.38,18.418,7.188,18.688000000000002,3,3,train,1,Medium Calorie
dish_1551563925,ham,41.0,59.45,2.46,0.615,8.61,1,1,train,0,Low Calorie
dish_1551225106,"apple, noodles, cauliflower",251.0,149.56,1.452,33.36,3.825,3,3,train,1,Medium Calorie
dish_1550772270,"berries, scrambled eggs, potatoes",240.0,235.41000000000003,10.299000000000001,24.686,11.17,3,3,train,1,Medium Calorie
dish_1568143326,"sun dried tomatoes, jalapenos, tatsoi, spinach (raw), mustard, onions, vinegar, salt, broccoli, shallots, steak, brown rice, cucumbers, lemon juice, parsley, olive oil, garlic, cilantro",230.000003,306.131786341,21.738685945,12.966171479,17.740974135000002,18,18,train,2,High Calorie
dish_1550785292,mixed greens,45.0,12.6,0.18,2.385,0.99,1,1,train,0,Low Calorie
dish_1551399449,"nuts, corn, potato chips",90.0,275.18,18.17,25.939999999999998,6.84,3,3,train,2,High Calorie
dish_1564516483,"snow peas, garlic, carrot, pepper, white beans, olive oil, salt, lime, parsley, onions, chicken breast, chive, artichokes, cherry tomatoes, fish, olives, bell peppers, arugula",373.999997,364.233990839,21.987662167,19.922530172,44.513558211,18,18,train,2,High Calorie
dish_1556575273,"celery, olives, brussels sprouts",154.0,103.3,6.882000000000001,10.618,2.8680000000000003,3,3,train,1,Medium Calorie
dish_1559675101,brussels sprouts,31.0,13.33,0.093,2.79,1.054,1,1,test,0,Low Calorie
dish_1565210009,"olive oil, lemon juice, kale, onions, salt, green beans, garlic, pineapple, white rice, cilantro, pepper, vinegar, chicken thighs, brussels sprouts",289.999998,263.816222874,8.292126177,35.541317011000004,13.797193262,14,14,train,2,High Calorie
dish_1560455224,"arugula, mustard, vinegar, mixed greens, carrot, pumpkin seeds, lettuce, salt, honeydew melons, green beans, wild rice, olive oil",244.000001,181.740848386,6.249522430000001,28.741323442000002,5.3923161529999994,12,12,train,1,Medium Calorie
dish_1563563492,"olive oil, pizza, bok choy",176.000004,192.37024421,8.66363413,21.364146429999998,8.011463475,3,3,train,1,Medium Calorie
dish_1564159588,"turkey bacon, sausage, bacon",113.0,477.15099999999995,37.143,3.405,30.713,3,3,train,2,High Calorie
dish_1563551220,"cream cheese, berries, greek yogurt, milk, chia seeds, bagels, egg whites, olive oil, sweet potato",558.000001,561.70358496,14.519855735,79.790919597,28.948805869,9,9,train,2,High Calorie
dish_1562704616,"onions, vinegar, squash, bok choy, millet, beef, salt, cheese pizza, spinach (cooked), shallots, olive oil",212.999997,317.781327115,14.621559223,23.763105085,20.953780148,11,11,test,2,High Calorie
dish_1551492666,tofu,41.0,29.93,1.968,0.779,3.28,1,1,train,0,Low Calorie
dish_1551225501,"apple, fish, bread",227.0,242.804,11.254,34.998,19.423000000000002,3,3,train,1,Medium Calorie
dish_1566329203,cauliflower,377.0,94.25,1.131,18.85,6.786,1,1,train,1,Medium Calorie
dish_1562961650,"quinoa, white rice, pork, jalapenos, pizza, onions, olive oil, cilantro, salt, garlic, soy sauce, tomatillo, fish, bok choy, arugula, lemon juice, sugar, pepper",312.000003,555.712851186,32.363281186,40.293479918,45.515504820000004,18,18,test,2,High Calorie
dish_1562008695,cauliflower,72.0,18.0,0.216,3.6,1.296,1,1,train,0,Low Calorie
dish_1568319725,"olive oil, mustard, cucumbers, salt, garlic, bell peppers, radishes, vinegar",59.00000000000001,111.63729405299999,11.509648224000001,2.241284716,0.581418149,8,8,train,1,Medium Calorie
dish_1563998244,"roasted potatoes, white wine, basil, cream, oregano, pepper, arugula, mushroom, shallots, garlic, salt, butter, lemon juice, rosemary, olive oil, thyme, wheat berry, chicken",170.000003,259.47920017900003,10.330991094,16.383187151,24.273895929000002,18,18,train,1,Medium Calorie
dish_1558641211,carrot,8.0,3.28,0.016,0.8,0.072,1,1,train,0,Low Calorie
dish_1561491121,"salt, garlic, olive oil, mustard, blueberries, vinegar, spinach (raw), radishes",28.000001,31.457468481,2.9239619830000003,1.182557078,0.5658481200000001,8,8,train,0,Low Calorie
dish_1566230377,"egg whites, berries, salsa, sweet potato, olive oil",772.0,433.75,4.375,42.874,49.589000000000006,5,5,train,2,High Calorie
dish_1562009006,"wheat berry, olive oil, jalapenos, pork, salt, pizza, cabbage, garlic, caesar salad, carrot, parsley, lemon juice, mayonnaise, pepper",322.999995,470.716628415,25.425640818999998,21.063568958,38.975386058,14,14,train,2,High Calorie
dish_1558723894,"almonds, cauliflower, corn on the cob, apple",405.0,757.613,50.551,68.30199999999999,26.312,4,4,train,2,High Calorie
dish_1551567694,pineapple,60.0,30.0,0.06,7.8,0.3,1,1,test,0,Low Calorie
dish_1559240089,"salt, pepper, olive oil, carrot, orange, pears",384.999999,202.82151220999998,0.969884042,51.542569196,2.443778181,6,6,train,1,Medium Calorie
dish_1551323309,potato chips,16.0,85.76,5.6,8.48,1.12,1,1,train,0,Low Calorie
dish_1560800951,"parsley, cauliflower, kale, lemon juice, olive oil, pepper, bulgur, chickpeas, salt",167.999999,102.825641386,4.309040772,14.129096011,4.287561632,9,9,train,1,Medium Calorie
dish_1560270585,"pineapple, watermelon",114.0,43.8,0.18,11.256,0.636,2,2,train,0,Low Calorie
dish_1558379876,"deprecated, sausage, almonds",374.0,1148.251,89.767,32.146,68.292,3,3,train,2,High Calorie
dish_1557936599,broccoli,63.0,22.05,0.252,4.41,1.512,1,1,train,0,Low Calorie
dish_1551488572,nuts,23.0,139.61,12.42,4.83,4.6,1,1,train,1,Medium Calorie
dish_1562611649,"radishes, pepperoni pizza, steak, vinegar, blueberries, kale, lemon juice, salt, cilantro, pineapple, jalapenos, spinach (raw), onions, mustard, olive oil, white rice, garlic",146.000003,278.488996466,17.10179857,20.045014216,12.508036992,17,17,test,2,High Calorie
dish_1559838279,"bacon, berries",114.0,103.7,3.678,14.952,3.702,2,2,train,1,Medium Calorie
dish_1560801859,"squash, onions, pepperoni pizza, arugula, parsley, garlic, white rice, cauliflower, rosemary, salt, zucchini, pork, olive oil",261.999996,428.704295969,20.070463535,33.458455258,28.334389451,13,13,train,2,High Calorie
dish_1550705445,cucumbers,40.0,4.0,0.0,0.8,0.4,1,1,test,0,Low Calorie
dish_1568146977,"mixed greens, chicken, broccoli",345.0,375.57000000000005,7.78,8.892,65.332,3,3,train,2,High Calorie
dish_1563566674,"olive oil, olives, wheat berry",87.999999,100.89300672,6.9333395399999995,9.706854228000001,1.818407736,3,3,train,1,Medium Calorie
dish_1567107049,brownies,23.0,107.203,6.624,11.454,1.426,1,1,train,1,Medium Calorie
dish_1551228930,bell peppers,36.0,14.4,0.072,3.24,0.72,1,1,train,0,Low Calorie
dish_1567537457,"vinaigrette, pineapple, white rice, feta cheese, onions, cucumbers, olive oil, kale, lettuce, cherry tomatoes, cantaloupe, olives, chicken thighs, vinegar, lemon juice, salt, cilantro, bell peppers, broccoli, garlic",361.000005,297.765013067,12.137429114000001,36.091728506,12.930025573,20,20,test,2,High Calorie
dish_1558637896,grapes,123.0,84.87,0.246,22.14,0.861,1,1,train,0,Low Calorie
dish_1568146942,"chicken, mixed greens",274.0,350.72,7.496,3.922,63.628,2,2,train,2,High Calorie
dish_1558719215,cherry tomatoes,96.0,17.28,0.192,3.744,0.864,1,1,train,0,Low Calorie
dish_1568233444,"olive oil, mixed greens",68.0,275.84,30.152,2.014,0.836,2,2,test,2,High Calorie
dish_1550797791,"sausage, potatoes, orange",172.0,292.004,17.580000000000002,19.098,14.083,3,3,train,2,High Calorie
dish_1558721559,carrot,92.0,37.72,0.184,9.2,0.828,1,1,train,0,Low Calorie
dish_1551399100,"chicken, cheese, lemon",145.0,156.17000000000002,6.042,7.536,19.712,3,3,test,1,Medium Calorie
dish_1551395269,"shrimp, chicken, corn",113.0,139.41,2.094,5.9639999999999995,24.362000000000002,3,3,train,1,Medium Calorie
dish_1566242066,olives,40.0,46.0,4.28,2.52,0.32,1,1,train,0,Low Calorie
dish_1563305321,"salt, carrot, olive oil, pepper",66.99999799999999,32.93609102,0.792688608,6.6088914260000005,0.5952803379999999,4,4,test,0,Low Calorie
dish_1558630600,apple,142.0,73.84,0.284,19.88,0.426,1,1,test,0,Low Calorie
dish_1566328894,cheese pizza,89.0,236.651,8.366,29.815,9.968,1,1,train,1,Medium Calorie
dish_1550712622,"nuts, bell peppers, cucumbers",151.0,245.62,19.544,13.5,8.870000000000001,3,3,train,1,Medium Calorie
dish_1567022147,"cherry tomatoes, bell peppers",128.0,34.92,0.256,7.746,1.746,2,2,train,0,Low Calorie
dish_1559841023,chicken apple sausage,46.0,73.6,4.6,1.38,6.44,1,1,train,0,Low Calorie
dish_1551392654,"tofu, potato chips, mushroom",112.0,125.59,7.965,8.582,7.713,3,3,train,1,Medium Calorie
dish_1565210073,"salt, lemon juice, olive oil, brussels sprouts, cilantro, garlic, pepper, white rice, pineapple, chicken thighs, vinegar, green beans, onions, kale, caesar salad",510.999996,364.416221874,11.813126174999999,49.916316751000004,19.357193252000002,15,15,train,2,High Calorie
dish_1562861125,"bell peppers, mustard, cucumbers, salt, garlic, egg whites, olive oil, vinegar, radishes",234.999999,190.80787328300002,10.123938711,3.194394056,18.992727304000002,9,9,train,1,Medium Calorie
dish_1564171970,"garlic, salt, lemon juice, cucumbers, tatsoi, olive oil, wheat berry, thyme, kale, parsley, brown rice, arugula, salmon, pepper",396.000003,498.821143781,21.673965174,33.298717933,42.539974475,14,14,train,2,High Calorie
dish_1567542914,"chili, pineapple, chicken thighs, white rice, pepper, soy sauce, orange juice, lemon juice, kale, olive oil, garlic, green onions, cilantro, salt, broccoli, cheese pizza, carrot, vinegar, onions, beef",297.000003,513.996323448,21.440739053,49.357720647,29.848642888,20,20,train,2,High Calorie
dish_1566931674,"chicken, mixed greens, avocado, broccoli, parmesan cheese, olive oil, olives",531.0,990.989,76.803,23.14,58.401999999999994,7,7,train,2,High Calorie
dish_1560454513,"garlic, olive oil, cucumbers, mixed greens, carrot, green beans, salt, cherry tomatoes, parsley, vinegar",62.000002,54.4440019,4.520725633,3.293843279,0.995490236,10,10,test,0,Low Calorie
dish_1560270630,"pineapple, watermelon, sweet potato",215.0,120.56,0.18,29.436,1.646,3,3,test,1,Medium Calorie
dish_1558115601,potatoes,111.0,85.47,0.111,18.87,2.22,1,1,train,0,Low Calorie
dish_1551374021,berries,85.0,48.45,0.255,11.9,0.595,1,1,train,0,Low Calorie
dish_1562871448,"white rice, squash, salt, cheese pizza, brussels sprouts, pepper, olive oil",276.000003,295.85093387,6.439623743,48.992831570999996,10.163342678000001,7,7,train,2,High Calorie
dish_1558029923,"bacon, yam, cantaloupe",200.0,279.551,9.596,38.302,10.452,3,3,train,2,High Calorie
dish_1565898723,"shallots, green beans, cherry tomatoes, ginger, jalapenos, onions, olive oil, tuna, garlic, lime, cilantro, salmon, olives, salt, brown rice, spinach (raw), lemon juice, carrot, chili",588.000001,603.3902376880001,12.773448606,19.593020158999998,98.138494014,19,19,train,2,High Calorie
dish_1551393069,white rice,63.0,81.9,0.189,17.64,1.701,1,1,train,0,Low Calorie
dish_1565194684,egg whites,378.0,196.56,0.756,2.646,37.8,1,1,test,1,Medium Calorie
dish_1551314496,kiwi,44.0,26.84,0.22,6.6,0.484,1,1,train,0,Low Calorie
dish_1568401167,tuna salad,228.0,426.36,20.976,20.976,36.936,1,1,train,2,High Calorie
dish_1550708556,scrambled eggs,67.0,99.16,7.37,1.072,6.7,1,1,test,1,Medium Calorie
dish_1563813221,"salt, pepper, olive oil, brussels sprouts",38.000002,19.402905840000003,0.486194608,3.3696606599999996,1.272275584,4,4,train,0,Low Calorie
dish_1561997900,roasted potatoes,60.0,84.6,4.08,10.8,1.26,1,1,test,0,Low Calorie
dish_1563309315,"olives, chicken, parsley, spinach (raw), wheat berry, thyme, olive oil, salt, lemon juice, shallots, bell peppers, lettuce, garlic",461.999994,613.1768122799999,19.933882758000003,13.225592414,91.96594363199999,13,13,train,2,High Calorie
dish_1551381555,"tortilla, cheese, bean(seed)",78.0,189.79999999999998,9.26,16.178,10.7,3,3,train,1,Medium Calorie
dish_1560443437,berries,204.0,116.28,0.612,28.56,1.428,1,1,train,1,Medium Calorie
dish_1550771606,nuts,32.0,194.24,17.28,6.72,6.4,1,1,train,1,Medium Calorie
dish_1551139576,"cantaloupe, brussels sprouts, bell peppers",153.0,59.1,0.362,13.14,3.088,3,3,train,0,Low Calorie
dish_1562963583,pizza,52.0,138.32,5.044,17.16,5.72,1,1,train,1,Medium Calorie
dish_1565107119,"sweet potato, scrambled eggs, olive oil, egg whites",562.000005,426.37463972,13.054049000000001,24.60395208,45.55121955999999,4,4,train,2,High Calorie
dish_1551379922,"potato chips, cauliflower, nuts",168.0,348.47,27.412,20.56,11.422,3,3,test,2,High Calorie
dish_1563553756,"mixed greens, granola, blackberries, vinaigrette, bacon, raspberries",123.999998,309.145802489,21.251612633999997,14.047483506999999,16.13599994,6,6,train,2,High Calorie
dish_1565020755,bacon,8.0,43.28,3.36,0.112,2.96,1,1,train,0,Low Calorie
dish_1565119642,"kale, chard",78.0,26.52,0.35100000000000003,4.952999999999999,1.9889999999999999,2,2,train,0,Low Calorie
dish_1551377874,"potato chips, oatmeal, berries",216.0,223.31,8.291,34.72,4.805,3,3,train,1,Medium Calorie
dish_1560526408,"blueberries, parsley, mustard, salt, carrot, almonds, spinach (raw), vinegar, olive oil",51.00000000000001,67.09817806999999,6.105806249,2.7437669400000004,1.344815433,9,9,train,0,Low Calorie
dish_1564427455,"grilled chicken, olives, cherry tomatoes",218.0,354.26,23.956,4.212,31.222,3,3,train,2,High Calorie
dish_1564429184,tempeh,202.0,389.658,22.018,18.786,37.976,1,1,test,2,High Calorie
dish_1562950018,roasted potatoes,142.0,200.22,9.656,25.56,2.982,1,1,train,1,Medium Calorie
dish_1566502061,"pork, corn on the cob, bok choy, pepper, garlic, soy sauce, white rice, sugar, salt, olive oil",385.000012,408.33941999,18.96186606,33.701879429,28.911760988999998,10,10,train,2,High Calorie
dish_1558639167,apple,154.0,80.08,0.308,21.56,0.462,1,1,train,0,Low Calorie
dish_1551565321,"cauliflower, olives, lemon",173.0,88.23,5.615,10.167,2.47,3,3,test,1,Medium Calorie
dish_1562788816,"cherry tomatoes, pork, corn on the cob, onions, parsley, olive oil, country rice, lemon juice, fish, pepper, white rice, brown rice, vinegar, basil, salt, broccoli, garlic, shallots, green onions",319.999999,506.60348077400005,24.274419126999998,44.322500045,37.7316963,19,19,train,2,High Calorie
dish_1558719040,cantaloupe,94.0,31.96,0.188,7.52,0.752,1,1,test,0,Low Calorie
dish_1550875293,cheese,36.0,144.72,11.88,0.468,9.0,1,1,test,1,Medium Calorie
dish_1551493159,sausage,96.0,330.816,26.208,4.032,18.528,1,1,train,2,High Calorie
dish_1567801748,"cheese pizza, sugar, soy sauce, garlic, salt, white rice, bok choy, pepper, pork",71.0,169.07240544,6.686759091000001,16.37315208,10.276019315000001,9,9,train,1,Medium Calorie
dish_1559844063,"strawberries, pears",277.0,139.81,0.43100000000000005,36.56,1.339,2,2,train,1,Medium Calorie
dish_1565036953,"green onions, chili, chicken thighs, white rice, cauliflower, vinegar, caesar salad, brown rice, onions, basil, orange juice, soy sauce, olive oil, lemon juice, broccoli, salt, beef, radishes, roasted potatoes, parsley, kale, arugula, thyme, garlic, cheese pizza",443.000001,586.944694766,26.309843508999997,46.808925976,40.449079888,25,25,train,2,High Calorie
dish_1559848857,mandarin oranges,53.0,28.09,0.159,6.89,0.424,1,1,train,0,Low Calorie
dish_1551124221,scrambled eggs,67.0,99.16,7.37,1.072,6.7,1,1,train,1,Medium Calorie
dish_1550796058,berries,83.0,47.31,0.249,11.62,0.581,1,1,train,0,Low Calorie
dish_1551568200,berries,67.0,38.19,0.201,9.38,0.469,1,1,test,0,Low Calorie
dish_1558375667,almonds,119.0,687.939,58.905,27.013,26.656,1,1,test,2,High Calorie
dish_1558640705,"cherry tomatoes, apple, cantaloupe",234.0,96.75999999999999,0.46799999999999997,24.736999999999995,1.315,3,3,train,1,Medium Calorie
dish_1561407312,"chicken, white rice, onions, pepper, couscous, ginger, olive oil, green onions, mustard, garlic, carrot, cherry tomatoes, spinach (raw), vinegar, green beans, salt, broccoli, pears, mixed greens, soy sauce",121.000001,127.826677496,3.911226562,13.537313522,9.589524436,20,20,train,1,Medium Calorie
dish_1560799368,"white rice, rosemary, parsley, onions, zucchini, olive oil, salt, pork, arugula, garlic",53.000001999999995,108.403077857,6.012894407999999,1.962151239,10.82052861,10,10,train,1,Medium Calorie
dish_1563911156,"olive oil, onions, pepper, tomatoes, millet, bell peppers, chicken, salt, garlic, spinach (raw), jalapenos",96.000003,140.44894456,4.935408949999999,5.319836251,17.85035842,11,11,train,1,Medium Calorie
dish_1557937715,raspberries,39.0,20.67,0.273,4.68,0.468,1,1,train,0,Low Calorie
dish_1562009894,"goat cheese, olives, garlic, vinegar, brown rice, olive oil, mustard, salt, pears, mixed greens",200.0,244.807223285,12.012503097,29.885565988,5.628496683,10,10,train,1,Medium Calorie
dish_1558725621,"brussels sprouts, almonds, cauliflower",223.0,349.22,25.269,23.76,15.818,3,3,train,2,High Calorie
dish_1563464627,"cream cheese, bagels",115.0,310.5,9.2,46.345,10.718,2,2,train,2,High Calorie
dish_1565898511,"cherry tomatoes, olives",102.0,57.16,4.404,4.938000000000001,0.8780000000000001,2,2,train,0,Low Calorie
dish_1564159543,"bacon, turkey bacon",57.0,284.175,21.855,1.053,19.905,2,2,test,2,High Calorie
dish_1563812535,"turkey bacon, egg whites",266.0,298.89300000000003,14.203,3.038,35.959,2,2,train,2,High Calorie
dish_1560526447,"salt, carrot, cucumbers, almonds, mustard greens, olive oil, mustard, parsley, vinegar, spinach (raw), blueberries, garlic, tomatoes",70.00000299999999,88.592766609,8.156129685,3.411250838,1.750024681,13,13,train,1,Medium Calorie
dish_1559149650,carrot,64.0,26.24,0.128,6.4,0.576,1,1,train,0,Low Calorie
dish_1561575300,"olive oil, onions, salt, bell peppers, shallots, spinach (cooked), millet, bok choy, beef, vinegar",199.000003,326.78002643,17.627949439,9.163404276,30.701890956,10,10,train,2,High Calorie
dish_1551323794,lemon,89.0,25.81,0.267,8.01,0.979,1,1,train,0,Low Calorie
dish_1551375981,broccoli,55.0,19.25,0.22,3.85,1.32,1,1,train,0,Low Calorie
dish_1563564797,"white rice, carrot, eggs, chard, wheat berry, cream, ground turkey, thyme, kale, parsley, celery, chive, shallots, corn on the cob, croutons, mushroom, parmesan cheese, fish, cherry tomatoes, olive oil, caesar dressing, onions, lemon juice, salt, garlic",309.999998,411.26444739299995,24.779562924,30.171244848,32.68063219,25,25,train,2,High Calorie
dish_1563551164,"bagels, sweet potato, olive oil, egg whites, cream cheese",270.000005,339.75611033999996,8.32785437,46.757147675,17.756741744,5,5,train,2,High Calorie
dish_1568048053,"chicken apple sausage, turkey bacon, scrambled eggs, olive oil, broccoli",356.000002,607.20002157,43.039097156000004,10.33309773,44.270804936,5,5,train,2,High Calorie
dish_1561575274,"olive oil, onions, salt, shallots, spinach (cooked), millet, bok choy, beef, vinegar",145.000003,305.18002643,17.519949439,4.303404276,29.621890955999998,9,9,train,2,High Calorie
dish_1564073716,"scrambled eggs, olive oil, sweet potato, egg whites",295.000002,214.52780896000002,6.074293,11.19270762,24.80731709,4,4,train,1,Medium Calorie
dish_1566934455,"pepper, arugula, cookies, artichokes, olive oil, parsley, snow peas, onions, salt, lime, chive, garlic, fish, white beans, cheese pizza, cauliflower, bell peppers",394.999997,528.04286475,43.884820946,39.282495413,49.670042803,17,17,train,2,High Calorie
dish_1563395374,"cheese pizza, pepper, olive oil, carrot, salt",84.000001,158.33350818000002,5.430935691999999,21.049205212,6.314543438,5,5,train,1,Medium Calorie
dish_1562012048,"quinoa, salt, arugula, parsley, thyme, lemon juice, olive oil, garlic, shallots",247.999999,278.973852482,5.299118183,47.483944543,10.388004237,9,9,train,2,High Calorie
dish_1566413419,"chicken, avocado, spinach (raw), broccoli",280.0,285.83,11.57,11.296000000000001,36.287,4,4,train,2,High Calorie
dish_1551225666,mushroom,25.0,5.5,0.075,0.825,0.775,1,1,train,0,Low Calorie
dish_1558115282,deprecated,144.0,74.88,0.288,0.432,20.16,1,1,test,0,Low Calorie
dish_1551235669,cheese,17.0,68.34,5.61,0.221,4.25,1,1,train,0,Low Calorie
dish_1568401233,"salt, squash, carrot, tuna salad, olive oil",417.999996,490.393353245,22.600722579,32.332966561999996,38.631961737,5,5,train,2,High Calorie
dish_1551377828,"potato chips, berries, oatmeal",216.0,223.31,8.291,34.72,4.805,3,3,test,1,Medium Calorie
dish_1562095283,"onions, cucumbers, mustard, salt, garlic, sun dried tomatoes, vinegar, spinach (raw), olive oil",197.000004,229.51742559899998,19.747327416,11.772672986,5.26871485,9,9,train,1,Medium Calorie
dish_1560541706,"walnuts, salt, mustard, olive oil, vinegar, chard, blueberries, arugula, pepper, cauliflower",140.000003,110.802579578,9.221267773,6.250251101,2.981884026,10,10,train,1,Medium Calorie
dish_1551375650,scrambled eggs,61.0,90.28,6.71,0.976,6.1,1,1,train,1,Medium Calorie
dish_1551122952,"oatmeal, bacon, mixed greens",165.0,190.14,9.437999999999999,16.686,10.152000000000001,3,3,train,1,Medium Calorie
dish_1550712729,sausage,92.0,317.032,25.116,3.864,17.756,1,1,train,2,High Calorie
dish_1565798558,"lime, salt, mixed greens, olive oil, cucumbers, onions, vinegar, broccoli, pepper, cherry tomatoes, lettuce",109.000002,88.31572431,7.1788361510000005,5.533270445,1.9547829449999998,11,11,train,1,Medium Calorie
dish_1562703447,"salt, spinach (cooked), vinegar, millet, berries, beef, shallots, mixed greens, onions, olive oil, pizza, lemon juice, parsley, bok choy, apple",259.000001,384.426231534,17.955578867,37.651038675,18.510513691,15,15,test,2,High Calorie
dish_1562690047,"mixed greens, onions, lime, lettuce, cucumbers, olive oil, vinegar, cherry tomatoes, pepper, salt",68.00000299999999,68.6423391,6.488747040000001,2.5140176530000002,0.926227449,10,10,train,0,Low Calorie
dish_1563206562,"yam, sweet potato, olive oil",67.99999700000001,98.20867935000001,3.9132079400000004,15.203772780000001,0.8339622200000001,3,3,train,1,Medium Calorie
dish_1561577219,"chard, tofu, vinegar, arugula, pepper, mushroom, thyme, chicken, oregano, salt, cheese pizza, garlic, mustard, shallots, butter, eggplant, blueberries, wheat berry, cream, walnuts, roasted potatoes, basil, lemon juice, white wine, rosemary, olive oil",215.999999,308.891749644,14.285874388,26.319093751,19.739082426,26,26,train,2,High Calorie
dish_1559158425,spinach (raw),13.0,2.99,0.052,0.468,0.377,1,1,train,0,Low Calorie
dish_1551563400,"olives, carrot, sausage",125.0,317.88599999999997,25.141,6.766,16.000999999999998,3,3,train,2,High Calorie
dish_1558030383,bacon,26.0,140.66,10.92,0.364,9.62,1,1,train,1,Medium Calorie
dish_1561663541,brown rice,112.0,124.32,1.008,25.76,2.912,1,1,train,1,Medium Calorie
dish_1558379588,deprecated,143.0,74.36,0.286,0.429,20.02,1,1,train,0,Low Calorie
dish_1551221853,cauliflower,97.0,24.25,0.291,4.85,1.746,1,1,train,0,Low Calorie
dish_1565036865,"broccoli, green onions, parsley, garlic, lemon juice, onions, white rice, chili, salt, soy sauce, orange juice, thyme, olive oil, arugula, kale, vinegar, brown rice, chicken thighs, basil, radishes, cheese pizza, beef",199.000001,434.854694766,19.686843509,27.427925976,34.376079888,22,22,train,2,High Calorie
dish_1561654732,"sweet potato, scrambled eggs",191.0,242.36,14.85,12.24,14.06,2,2,train,1,Medium Calorie
dish_1567110519,"lettuce, lime, mixed greens, pepper, onions, cucumbers, olive oil, vinegar, salt, cherry tomatoes",100.000001,100.94461496,9.542274993,3.697084611,1.3620991370000002,10,10,train,1,Medium Calorie
dish_1565725071,"olives, carrot, bell peppers",190.0,109.66,5.0,16.572,2.5460000000000003,3,3,train,1,Medium Calorie
dish_1550793192,apple,73.0,37.96,0.146,10.22,0.219,1,1,train,0,Low Calorie
dish_1551139764,bread,21.0,55.734,0.882,8.883,2.835,1,1,train,0,Low Calorie
dish_1551391438,shrimp,26.0,25.74,0.078,0.052,6.24,1,1,train,0,Low Calorie
dish_1562702379,"lettuce, cherry tomatoes, bell peppers, cucumbers, feta cheese, onions, olives, cauliflower, vinaigrette",226.999998,100.882931961,6.206042092000001,9.873425491999999,3.9448723329999997,9,9,train,1,Medium Calorie
dish_1550772551,"bacon, broccoli, cantaloupe",226.0,229.59,13.122,15.45,13.708,3,3,train,1,Medium Calorie
dish_1560975491,caesar salad,86.0,37.84,1.806,3.698,2.752,1,1,test,0,Low Calorie
dish_1566413388,"chicken, spinach (raw), broccoli",231.0,207.42999999999998,4.220000000000001,6.886000000000001,35.307,3,3,train,1,Medium Calorie
dish_1563813360,"salt, pepper, brussels sprouts, olive oil, bacon, pineapple",163.000002,268.48290584,16.533194608000002,15.21166066,15.767275584,6,6,train,2,High Calorie
dish_1560974769,"spinach (raw), tortilla chips, corn, cheese, white rice, cherry tomatoes, lime, tomatoes, chili, garlic, salt, sour cream, onions, black beans",3051.0,3943.325124922,10.976545888,844.5686922220001,83.749605355,14,14,train,2,High Calorie
dish_1564427430,"grilled chicken, olives",170.0,345.62,23.86,2.34,30.790000000000003,2,2,train,2,High Calorie
dish_1559925083,"yam, sweet potato, bacon",81.0,125.13550000000001,4.271,16.967,4.623,3,3,test,1,Medium Calorie
dish_1565898331,"spinach (raw), olive oil, lime, cilantro, garlic, shallots, chili, salt, lemon juice, ginger, salmon, brown rice, jalapenos, onions",100.000001,155.99310967999998,6.5184043570000005,4.592837736,18.113055286999998,14,14,train,1,Medium Calorie
dish_1551317589,bean(seed),32.0,44.8,0.192,7.68,2.88,1,1,train,0,Low Calorie
dish_1550861670,scrambled eggs,96.0,142.08,10.56,1.536,9.6,1,1,train,1,Medium Calorie
dish_1561134156,"watermelon, berries, sweet potato",220.0,118.53999999999999,0.34199999999999997,28.776,1.696,3,3,train,1,Medium Calorie
dish_1550779336,"broccoli, berries, sausage",290.0,452.588,30.136000000000003,22.596,23.92,3,3,train,2,High Calorie
dish_1551319895,orange,129.0,60.63,0.129,15.48,1.161,1,1,train,0,Low Calorie
dish_1568233478,"mixed greens, chicken, olive oil",336.0,718.04,39.8,2.014,83.916,3,3,train,2,High Calorie
dish_1559240875,pears,203.0,116.116,0.203,30.856,0.812,1,1,test,1,Medium Calorie
dish_1565209922,"kale, lemon juice, onions, salt, garlic, white rice, pineapple, cilantro, vinegar, olive oil, chicken thighs",168.999994,201.565346144,6.2563060440000005,25.567343388,10.335444604,11,11,train,1,Medium Calorie
dish_1564169197,sandwiches,50.0,116.45,6.5,8.95,5.5,1,1,train,1,Medium Calorie
dish_1561060448,cheese pizza,41.0,109.019,3.854,13.735,4.592,1,1,train,1,Medium Calorie
dish_1551492762,"cauliflower, tofu, olives",194.0,103.28,6.4830000000000005,8.936,5.644,3,3,train,1,Medium Calorie
dish_1565811390,"salmon, bok choy, salt, arugula, olive oil, brown rice, wheat berry, thyme, pepper",266.0,205.09229116000003,7.622344902,21.704549199,14.384674586000001,9,9,test,1,Medium Calorie
dish_1567785622,berries,54.0,30.78,0.162,7.56,0.378,1,1,train,0,Low Calorie
dish_1551567004,"olives, tofu, carrot",87.0,70.65,5.157,4.806,3.0930000000000004,3,3,train,0,Low Calorie
dish_1551381404,bean(seed),36.0,50.4,0.216,8.64,3.24,1,1,test,0,Low Calorie
dish_1565809033,"bell peppers, onions, cherry tomatoes, tuna",433.0,341.42,1.63,16.746000000000002,62.692,4,4,test,2,High Calorie
dish_1563389446,"garlic, radishes, blueberries, spinach (raw), vinegar, olive oil, mustard, broccoli, salt",172.999998,117.78759520399998,8.123614019,10.055329,3.871455638,9,9,train,1,Medium Calorie
dish_1562617492,"radishes, brown rice, vinegar, kale, onions, cilantro, roasted potatoes, garlic, caesar salad, pineapple, steak, arugula, pepperoni pizza, jalapenos, chicken thighs, white rice, thyme, olive oil, parsley, lemon juice, basil, broccoli, salt",373.0,558.557799977,27.255163868,39.354104135,39.668487074000005,23,23,train,2,High Calorie
dish_1568233403,mixed greens,38.0,10.64,0.152,2.014,0.836,1,1,train,0,Low Calorie
dish_1558628339,bacon,13.0,70.33,5.46,0.182,4.81,1,1,test,0,Low Calorie
dish_1560356627,"scrambled eggs, bacon, sausage",301.0,980.048,75.974,6.92,63.124,3,3,train,2,High Calorie
dish_1566847483,"vinegar, salt, shallots, blueberries, cabbage, olive oil, parsley, arugula, lemon juice, mayonnaise, pecans, wheat berry, pork, carrot, thyme, garlic, mustard, jalapenos, chard, pepper, quinoa",314.000001,476.23192587799997,28.970856673999997,24.980386682,29.644316619,21,21,train,2,High Calorie
dish_1562785159,"green onions, salt, caesar salad, country rice, onions, olive oil, fish, garlic",315.00000700000004,265.6626767032,27.183799466,15.681798398,32.891555088800004,8,8,train,2,High Calorie
dish_1560455179,"carrot, honeydew melons, pumpkin seeds, lettuce, mustard, salt, olive oil, arugula, vinegar, mixed greens",150.000001,103.32084838600001,5.98752243,12.081323442,1.9083161530000001,10,10,train,1,Medium Calorie
dish_1568056258,"olives, carrot, chicken, caesar dressing, cherry tomatoes, onions",485.0,506.35799999999995,13.479999999999999,16.415,77.393,6,6,train,2,High Calorie
dish_1558637351,apple,154.0,80.08,0.308,21.56,0.462,1,1,test,0,Low Calorie
dish_1562875273,"caesar salad, pepper, spinach (raw), squash, wheat berry, rosemary, lemon juice, pizza, parsley, garlic, green beans, thyme, olive oil, basil, zucchini, salt, chicken",306.000006,495.910245475,17.108229559999998,39.23575075,44.831674812,17,17,train,2,High Calorie
dish_1551489885,ham,30.0,43.5,1.8,0.45,6.3,1,1,train,0,Low Calorie
dish_1562099134,"eggplant, chicken thighs, mushroom, vinegar, cherry tomatoes, lime, mixed greens, spinach (cooked), garlic, shallots, lemon juice, onions, olive oil, pepper, quinoa, wine, carrot, cheese pizza, salt, lettuce, cucumbers, squash",188.000001,271.641230846,14.042558364,18.565031872,17.73471506,22,22,test,2,High Calorie
dish_1565118096,"chicken breast, tuna, cheese pizza, cherry tomatoes, bell peppers, carrot, pineapple",588.0,656.4300000000001,13.032,49.997,82.443,7,7,train,2,High Calorie
dish_1558116260,almonds,75.0,433.575,37.125,17.025,16.8,1,1,train,2,High Calorie
dish_1551235759,"beef, orange, cheese",264.0,324.5,16.137999999999998,21.581,23.792,3,3,train,2,High Calorie
dish_1550774815,berries,57.0,32.49,0.171,7.98,0.399,1,1,test,0,Low Calorie
dish_1563986093,"berries, scrambled eggs",215.0,239.03,14.341,14.228,13.409,2,2,train,1,Medium Calorie
dish_1551563294,olives,28.0,32.2,2.996,1.764,0.224,1,1,test,0,Low Calorie
dish_1562690144,"cherry tomatoes, lime, pepper, mixed greens, chicken apple sausage, olive oil, cucumbers, onions, scrambled eggs, vinegar, bacon, salt, lettuce",354.000003,645.7623391,48.07874704,8.460017653,43.366227449,13,13,test,2,High Calorie
dish_1558461760,cherry tomatoes,61.0,10.98,0.122,2.379,0.549,1,1,train,0,Low Calorie
dish_1559751744,"eggs, berries",188.0,227.33,13.008000000000001,10.704,15.712,2,2,test,1,Medium Calorie
dish_1562097673,"beets, parsley, arugula, vinegar, artichokes, mustard, lettuce, snow peas, garlic, bell peppers, olive oil, white beans, fish, carrot, chive, pepper, onions, salt, lime, wheat berry",306.999997,345.657321758,29.935170149,24.260705367,32.704059148,20,20,train,2,High Calorie
dish_1564086778,"salt, bok choy, chard, spinach (raw), pork, olive oil, parsley, lemon juice, cheese pizza, chive, carrot, chicken, cheese, white rice, pasta, corn on the cob, cherry tomatoes, brown rice, pepper, sugar, soy sauce, onions, rosemary, basil, garlic, pesto, caesar salad",437.000003,645.801526392,25.345336314,65.734333457,41.446186708,27,27,test,2,High Calorie
dish_1551306339,"corn, white rice, bacon",108.0,209.31,8.571,23.296,9.622,3,3,train,1,Medium Calorie
dish_1563207389,"pineapple, sweet potato, olive oil, scrambled eggs, egg whites, grapes, yam",327.0,337.27,13.83,37.937,15.290000000000001,7,7,train,2,High Calorie
dish_1550785876,beef,58.0,145.0,8.7,0.0,15.08,1,1,train,1,Medium Calorie
dish_1567537387,"onions, bell peppers, cucumbers, lettuce, feta cheese, cantaloupe, vinaigrette, olives, cherry tomatoes",137.000003,72.552468773,4.421021309,7.681212852,1.721936207,9,9,train,0,Low Calorie
dish_1567022338,"carrot, bell peppers, chicken, parmesan cheese, onions, cherry tomatoes, olives",463.0,507.24300000000005,16.4,19.279,69.155,7,7,train,2,High Calorie
dish_1550706237,bread,50.0,132.7,2.1,21.15,6.75,1,1,train,1,Medium Calorie
dish_1560368815,"mixed greens, carrot, arugula, mustard, garlic, radishes, blueberries, eggplant, vinegar, tofu, spinach (raw), olive oil, pumpkin seeds, asparagus, salt, lettuce",442.000005,400.33764991500004,33.12727072,21.281317971,11.468402398,16,16,train,2,High Calorie
dish_1561405934,"cucumbers, olive oil, soy sauce, green onions, salt, carrot, cheese pizza, pepper, chicken, lettuce, cherry tomatoes, green beans, spinach (raw), ginger, lime, onions, mixed greens, garlic, broccoli, white rice, vinegar",242.999999,287.33187155,11.362254608,21.346517184,25.268146041,21,21,train,2,High Calorie
dish_1563206409,"scrambled eggs, cheese",277.000016,443.46383272,33.37190648,4.392428828,29.678573,2,2,train,2,High Calorie
dish_1563208094,"yam, sweet potato, olive oil",110.999999,160.31122645,6.38773598,24.817924259999998,1.36132074,3,3,train,1,Medium Calorie
dish_1564774773,"broccoli, olive oil",90.0,50.136585780000004,2.546341512,6.14634146,2.107317072,2,2,train,0,Low Calorie
dish_1550775126,"berries, banana, potato chips",177.0,219.75,6.777,40.980000000000004,2.781,3,3,test,1,Medium Calorie
dish_1551378490,"asparagus, banana, bean(seed)",141.0,117.11399999999999,0.447,25.874,4.475,3,3,train,1,Medium Calorie
dish_1563564760,"eggs, croutons, mushroom, olive oil, ground turkey, kale, salt, chive, carrot, garlic, white rice, corn on the cob, parmesan cheese, cream, onions, celery, caesar dressing, thyme",242.99999799999998,341.852445394,16.774696824,27.887175164000002,23.540034545,18,18,train,2,High Calorie
dish_1565031338,"beef, orange juice, white rice, soy sauce, salt, vinegar, kale, olive oil, onions, caesar salad, garlic, chili, broccoli, green onions",214.999996,296.2404573,16.46657358,8.77072482,27.085740454,14,14,train,2,High Calorie
dish_1560961179,scrambled eggs,104.0,153.92,11.44,1.664,10.4,1,1,train,1,Medium Calorie
dish_1558030182,potatoes,88.0,67.76,0.088,14.96,1.76,1,1,train,0,Low Calorie
dish_1563551397,"salt, pepper, brussels sprouts, olive oil, scrambled eggs",302.000003,365.53062642,25.054745132,10.936723553,24.612398640000002,5,5,train,2,High Calorie
dish_1564518850,frozen yogurt,119.0,194.327,7.021,29.155,4.879,1,1,train,1,Medium Calorie
dish_1550862681,"banana, apple, tomatoes",124.0,68.09,0.565,16.658,0.892,3,3,train,0,Low Calorie
dish_1564689168,"lime, parsley, blueberries, vinegar, arugula, mustard, onions, almonds, mixed greens, carrot, salt, pears, garlic, pepper, spinach (raw), tofu, lemon juice, cucumbers, olive oil, chickpeas, cherry tomatoes, lettuce",338.999998,352.947010633,27.541551823000002,17.726832302000002,15.081212461,22,22,test,2,High Calorie
dish_1565797699,"berries, vinaigrette, granola, blackberries, mixed greens, watermelon, raspberries",171.0,128.928870291,5.043741934,20.419322435,2.851999976,7,7,train,1,Medium Calorie
dish_1561996750,grapes,43.0,29.67,0.086,7.74,0.301,1,1,train,0,Low Calorie
dish_1568060646,"mixed greens, onions",97.0,31.479999999999997,0.27999999999999997,6.473000000000001,1.738,2,2,test,0,Low Calorie
dish_1559845018,"almonds, mandarin oranges, potatoes",175.0,302.42600000000004,18.065,29.682,10.208,3,3,test,2,High Calorie
dish_1562183175,"arugula, blueberries, vinegar, spinach (raw), parsley, roasted potatoes, pepper, chard, green beans, mushroom, mustard, olive oil, almonds, salt, carrot, walnuts",324.000001,290.282403532,15.717024596000002,32.917036825,7.615251475,16,16,test,2,High Calorie
dish_1564083534,"cherry tomatoes, grilled chicken, olives, bell peppers",307.0,309.062,18.611,13.395,24.46,4,4,train,2,High Calorie
dish_1565382969,spinach (raw),57.0,13.11,0.228,2.052,1.653,1,1,train,0,Low Calorie
dish_1550712913,tofu,64.0,46.72,3.072,1.216,5.12,1,1,train,0,Low Calorie
dish_1559846311,pears,201.0,114.972,0.201,30.552,0.804,1,1,train,1,Medium Calorie
dish_1565810205,"salt, lettuce, carrot, olive oil, mustard, tofu, vinegar, arugula, mixed greens, pumpkin seeds",153.0,126.965539185,9.058966423,4.21797064,10.675748535,10,10,test,1,Medium Calorie
dish_1551378099,lemon,65.0,18.85,0.195,5.85,0.715,1,1,train,0,Low Calorie
dish_1556575499,"olives, brussels sprouts, celery",154.0,103.3,6.882000000000001,10.618,2.8680000000000003,3,3,train,1,Medium Calorie
dish_1562945851,"vinaigrette, cantaloupe, granola, blackberries, berries, mixed greens, raspberries, honeydew melons",150.0,91.265322247,2.2786452240000004,17.553193358,1.739999962,8,8,test,1,Medium Calorie
dish_1567106594,cherry tomatoes,88.0,15.84,0.176,3.432,0.792,1,1,train,0,Low Calorie
dish_1551235171,mixed greens,14.0,3.92,0.056,0.742,0.308,1,1,train,0,Low Calorie
dish_1561666897,"carrot, chicken, basil, lemon juice, vinegar, pork, bok choy, parsley, salt, cucumbers, onions, sugar, mixed greens, caesar salad, garlic, cherry tomatoes, pepper, corn on the cob, brown rice, chard, white rice, olive oil, soy sauce, chive, rosemary, lettuce, cheese pizza, lime",402.000004,532.508692856,22.036612796,54.080107961,34.528740229,28,28,train,2,High Calorie
dish_1561661972,green beans,39.0,12.09,0.039,2.73,0.702,1,1,train,0,Low Calorie
dish_1558722906,corn on the cob,90.0,95.49,2.16,19.8,2.79,1,1,train,1,Medium Calorie
dish_1550876249,chicken,50.0,82.5,1.8,0.0,15.5,1,1,train,0,Low Calorie
dish_1557853314,yam,93.0,115.413,0.186,27.342,1.488,1,1,train,1,Medium Calorie
dish_1562963246,cheese pizza,122.0,324.398,11.468,40.87,13.664,1,1,test,2,High Calorie
dish_1560366998,"honeydew melons, cherry tomatoes",131.0,39.6,0.173,9.648,0.823,2,2,train,0,Low Calorie
dish_1551374982,"bacon, broccoli, kiwi",165.0,149.53,6.168,18.822,7.1579999999999995,3,3,train,1,Medium Calorie
dish_1565896745,"pepper, arugula, salt, garlic, walnuts, cauliflower, vinegar, steak, chard, blueberries, wheat berry, olive oil, kale, mustard, lime",243.999997,368.54038347299996,25.222513523999996,10.737837634,27.187069805,15,15,train,2,High Calorie
dish_1550862908,berries,48.0,27.36,0.144,6.72,0.336,1,1,train,0,Low Calorie
dish_1567714934,"parmesan cheese, caesar dressing, avocado, mixed greens, chicken, olives",537.0,734.43,39.152,19.838,78.28399999999999,6,6,train,2,High Calorie
dish_1564777986,"cheese pizza, broccoli, olive oil, spinach (cooked), shallots, onions, vinegar, salt, millet, bok choy, beef",221.0,372.23091056,18.80899974,21.323952895999998,28.163883784,11,11,train,2,High Calorie
dish_1568132561,"berries, turkey bacon, bacon",177.0,273.524,15.404,19.736,15.11,3,3,train,2,High Calorie
dish_1551564423,carrot,18.0,7.38,0.036,1.8,0.162,1,1,train,0,Low Calorie
dish_1560526472,"salt, carrot, tomatoes, olive oil, almonds, mustard, parsley, mustard greens, vinegar, blueberries, spinach (raw), cucumbers, berries, garlic",114.00000299999999,113.67276660899999,8.288129685,9.571250838000001,2.058024681,14,14,test,1,Medium Calorie
dish_1566242234,"carrot, tuna, onions, cherry tomatoes, olives",363.0,289.31,5.446,15.791,43.513999999999996,5,5,train,2,High Calorie
dish_1563565683,"olive oil, chard, cherry tomatoes, fish, chive, shallots, garlic, parsley, lemon juice, kale, salt, wheat berry",62.999998999999995,65.742778881,7.585437593,2.1422208179999997,8.658039199000001,12,12,train,0,Low Calorie
dish_1558459528,cherry tomatoes,64.0,11.52,0.128,2.496,0.576,1,1,train,0,Low Calorie
dish_1551377782,oatmeal,127.0,86.36,1.778,15.24,3.048,1,1,train,0,Low Calorie
dish_1561578839,"vinegar, mustard, cheese pizza, salt, walnuts, broccoli, pepper, olive oil, chard, arugula, blueberries",214.0,362.154717972,14.811576298999999,43.354204961,14.90394726,11,11,train,2,High Calorie
dish_1562787817,"pepper, apple, arugula, brown rice, pilaf, parsley, garlic, shallots, olive oil, cherry tomatoes, salt, broccoli, pork, basil, lemon juice, onions, mustard greens, cranberries, vinegar, bulgur",183.999999,348.898027522,20.615570111000004,16.096537529,24.512392826000003,20,20,test,2,High Calorie
dish_1550796763,"orange, apple, cantaloupe",157.0,68.72999999999999,0.279,17.56,0.991,3,3,test,0,Low Calorie
dish_1560367296,"beets, mustard, tofu, vinegar, fish, lettuce, asparagus, mixed greens, country rice, garlic, salt, green onions, onions, olive oil, arugula, mushroom, cherry tomatoes, pumpkin seeds, honeydew melons, carrot, cucumbers",362.000002,184.3833319508,11.224782386,18.36001597,13.0268517452,21,21,train,1,Medium Calorie
dish_1567629129,"pineapple, caesar salad, cheese pizza",294.0,334.05,11.084000000000001,46.143,14.367,3,3,train,2,High Calorie
dish_1551565464,orange,42.0,19.74,0.042,5.04,0.378,1,1,train,0,Low Calorie
dish_1560369421,"pork, eggplant, pepper, fish, country rice, salt, garlic, broccoli, basil, shallots, green onions, olive oil, vinegar, brown rice, cherry tomatoes, white rice, asparagus, onions, parsley, lemon juice",410.999988,413.9466302692,31.057139792,29.280055602,43.3187122808,20,20,train,2,High Calorie
dish_1565981769,"pepper, olive oil, carrot, salt",47.0,23.10441986,0.556064818,4.636088187,0.41758473,4,4,train,0,Low Calorie
dish_1557862783,"cauliflower, steak, chicken",258.0,442.97999999999996,24.919000000000004,3.85,50.416,3,3,train,2,High Calorie
dish_1551375252,"brussels sprouts, orange, berries",219.0,109.21000000000001,0.479,26.48,3.0069999999999997,3,3,train,1,Medium Calorie
dish_1551124157,"oatmeal, tomatoes, scrambled eggs",168.0,143.06,7.399,11.892,7.489,3,3,train,1,Medium Calorie
dish_1558549086,potatoes,95.0,73.15,0.095,16.15,1.9,1,1,train,0,Low Calorie
dish_1551376850,berries,78.0,44.46,0.234,10.92,0.546,1,1,train,0,Low Calorie
dish_1550712877,"sausage, mixed greens, nuts",176.0,618.472,51.18,15.852,28.148,3,3,train,2,High Calorie
dish_1562945131,"broccoli, olive oil",66.999998,37.32389884,1.895609408,4.57560964,1.568780448,2,2,train,0,Low Calorie
dish_1562784242,pizza,32.0,85.12,3.104,10.56,3.52,1,1,train,0,Low Calorie
dish_1564685406,"bell peppers, steak, cherry tomatoes, vinegar, ketchup, spinach (raw), pepper, onions, lime, lettuce, mixed greens, olive oil, cucumbers, salt, millet",191.999995,367.64749951000005,26.060641546000003,7.318960506,26.831778654,15,15,train,2,High Calorie
dish_1562611878,"chickpeas, parsley, salt, broccoli, olive oil, mustard greens, squash, arugula, vinegar, pepper",310.999997,286.894601658,16.662101645,28.178410214000003,9.673808554999999,10,10,train,2,High Calorie
dish_1561579845,"wheat berry, rosemary, onions, butter, white wine, pepper, spinach (cooked), garlic, millet, bok choy, beef, arugula, cream, oregano, thyme, olive oil, lemon juice, salt, shallots, chicken, mushroom, vinegar, basil",163.0,307.26423416800003,14.719876862000001,4.394568403,36.616072517,23,23,test,2,High Calorie
dish_1563381486,"turkey bacon, roasted potatoes",180.0,339.73199999999997,19.908,27.036,13.5,2,2,test,2,High Calorie
dish_1560543505,"tomatoes, caesar salad",172.0,66.18,2.282,9.771,3.129,2,2,train,0,Low Calorie
dish_1559844928,potatoes,86.0,66.22,0.086,14.62,1.72,1,1,train,0,Low Calorie
dish_1551389551,"corn, lemon, avocado",8054.0,2400.78,27.552,732.3,90.182,3,3,train,2,High Calorie
dish_1550705288,potatoes,100.0,77.0,0.1,17.0,2.0,1,1,train,0,Low Calorie
dish_1563555100,"cantaloupe, scrambled eggs",186.0,190.92,12.468,7.712,11.792,2,2,train,1,Medium Calorie
dish_1562945332,"chia seeds, broccoli, greek yogurt, egg whites, olive oil, milk",325.0,246.65079566999998,8.793272648,18.078327892,23.961717268,6,6,train,1,Medium Calorie
dish_1558721700,cantaloupe,56.0,19.04,0.112,4.48,0.448,1,1,train,0,Low Calorie
dish_1561146781,"bagels, apple",223.0,300.1,1.655,63.769999999999996,9.783000000000001,2,2,test,2,High Calorie
dish_1564601470,turnips,73.0,15.841,0.073,3.723,0.511,1,1,train,0,Low Calorie
dish_1551141892,mixed greens,18.0,5.04,0.072,0.954,0.396,1,1,train,0,Low Calorie
dish_1551378829,asparagus,31.0,6.324,0.031,1.209,0.682,1,1,test,0,Low Calorie
dish_1559246053,"cauliflower, orange, berries, pears",494.0,251.046,0.8220000000000001,63.926,3.73,4,4,train,1,Medium Calorie
dish_1562096608,"salt, vinegar, green beans, snow peas, olive oil, onions, mixed greens, artichokes, lime, bell peppers, chive, fish, white beans, beets, arugula, parsley, garlic, pepper, quinoa",162.99999400000002,176.712036329,13.218133118,14.91169801,13.094924764000002,19,19,train,1,Medium Calorie
dish_1565711527,"salt, pepper, brussels sprouts, scrambled eggs, olive oil, hash browns",301.999999,484.80725357999995,32.015485504,33.928151203,18.478688776000002,6,6,train,2,High Calorie
dish_1560453412,"salmon, kimchi, olive oil, spinach (raw), squash, wheat berry, thyme, basil, rosemary, zucchini, tomatoes, chicken, garlic, green beans, pepper, arugula, brown rice, wild rice, parsley, lemon juice, salt",631.000002,591.078379657,15.838275205,63.241495136,49.472752415,21,21,train,2,High Calorie
dish_1565123881,"caesar salad, olive oil, onions, cheese pizza, zucchini, spinach (cooked), millet, shallots, bok choy, salt, beef, chayote squash, vinegar",515.000002,406.82174071000003,19.355543098,31.001898901,30.063167699,13,13,train,2,High Calorie
dish_1563996656,"carrot, cilantro, garlic, shallots, pepper, jalapenos, brown rice, vinegar, caesar salad, steak, olive oil, tatsoi, lemon juice, parsley, salt",284.000001,376.62035869000005,23.858446371,15.655679703,26.991684454999998,15,15,test,2,High Calorie
dish_1566931548,"mixed greens, olives, broccoli",253.0,154.98000000000002,10.385000000000002,15.526,4.433999999999999,3,3,train,1,Medium Calorie
dish_1561661552,"garlic, soy sauce, salt, bok choy, cucumbers, pork, broccoli, pepper, white rice, sugar",325.000008,394.72567308,11.388463853,46.265835831000004,25.610856029,10,10,train,2,High Calorie
dish_1562009314,"brussels sprouts, salt, pepper, olive oil",195.00000799999998,99.56752936999999,2.494944485,17.291679666,6.528782558,4,4,test,1,Medium Calorie
dish_1561392459,"strawberries, sausage, scrambled eggs, broccoli",275.0,395.226,28.11,11.668,23.69,4,4,train,2,High Calorie
dish_1550771562,potato chips,20.0,107.2,7.0,10.6,1.4,1,1,train,1,Medium Calorie
dish_1561480460,"pineapple, scrambled eggs, turkey bacon, berries",277.0,285.40200000000004,14.575000000000001,25.524,14.547,4,4,test,2,High Calorie
dish_1562094694,"green beans, vinegar, cherry tomatoes, mixed greens, carrot, garlic, salt, parsley, olive oil, cucumbers",142.000006,134.59600514200002,11.607294487999999,7.249882776,2.2461177660000002,10,10,train,1,Medium Calorie
dish_1565895808,"green beans, olive oil",99.000002,51.80175062,2.571525002,6.75675014,1.737450036,2,2,train,0,Low Calorie
dish_1560888817,roasted potatoes,34.0,47.94,2.312,6.12,0.714,1,1,test,0,Low Calorie
dish_1551225609,apple,62.0,32.24,0.124,8.68,0.186,1,1,train,0,Low Calorie
dish_1563475826,"honeydew melons, pineapple",176.0,74.28,0.176,18.96,0.88,2,2,train,0,Low Calorie
dish_1563550950,"scrambled eggs, bacon, cheese",93.0,183.17000000000002,13.9,1.458,12.33,3,3,train,1,Medium Calorie
dish_1562959700,"pork, pepper, white rice, soy sauce, garlic, bok choy, salt, sugar",153.000001,315.41370394,14.441155442000001,16.890980773,27.910998155999998,8,8,test,2,High Calorie
dish_1558458541,almonds,51.0,294.831,25.245,11.577,11.424,1,1,train,2,High Calorie
dish_1566414780,"wheat berry, chicken, cream, oregano, green beans, lemon juice, olive oil, thyme, onions, garlic, white wine, fish, pepper, caesar salad, arugula, mushroom, butter, green onions, rosemary, basil, shallots, country rice, roasted potatoes, salt",651.000033,807.4163464362,35.501947289,33.422515501,102.6338380788,24,24,train,2,High Calorie
dish_1567785130,"raspberries, vinaigrette, granola, blackberries, mixed greens",58.999999,76.69048529700001,4.110967932,9.080290281,1.88799996,5,5,train,0,Low Calorie
dish_1563567319,"fish, cherry tomatoes, salt, wheat berry, chard, kale, lemon juice, parsley, garlic, shallots, olive oil, chive",381.999985,398.630801057,45.994238161,12.989339609,52.497950695,12,12,train,2,High Calorie
dish_1558375833,sausage,92.0,317.032,25.116,3.864,17.756,1,1,train,2,High Calorie
dish_1561576074,"beef, cheese pizza, white wine, olives, lemon juice, thyme, rosemary, arugula, olive oil, onions, mushroom, spinach (cooked), roasted potatoes, shallots, oregano, garlic, bok choy, millet, chicken, pepper, wheat berry, vinegar, parmesan cheese, butter, cream, basil, cherry tomatoes, salt",216.000001,374.545313816,19.081560014,24.043350848,25.967586292,28,28,train,2,High Calorie
dish_1561737776,"bagels, cream cheese",139.000006,375.300016,11.120000415,56.017002505,12.954800567,2,2,train,2,High Calorie
dish_1564778057,"bok choy, garlic, green onions, soy sauce, cabbage, rice noodles, onions, mustard, walnuts, blue cheese, salt, shallots, spinach (cooked), broccoli, millet, carrot, beef, vinegar, olive oil, cheese pizza, lettuce, radishes, mixed greens",376.999995,575.185081408,33.986798843,35.539472216,31.990742102999995,23,23,train,2,High Calorie
dish_1566330466,"beef, bok choy, millet, fried rice, vinegar, onions, olive oil, shallots, spinach (cooked), salt, cauliflower",282.999997,377.42590384,16.740230868999998,25.284510081999997,30.161400261999997,11,11,train,2,High Calorie
dish_1551222527,cauliflower,60.0,15.0,0.18,3.0,1.08,1,1,train,0,Low Calorie
dish_1563823423,"white rice, cauliflower, soy sauce, caesar salad, steak, spinach (raw), tofu, garlic, green onions, broccoli, salt, chicken, ginger, green beans, wheat berry, vinegar, olive oil, lime",440.999994,700.53037531,36.734416418,15.258248929,77.780294952,18,18,train,2,High Calorie
dish_1563464457,"watermelon, bacon, berries",163.0,158.99,7.518,16.838,7.252000000000001,3,3,train,1,Medium Calorie
dish_1550788957,tomatoes,76.0,25.84,0.532,5.168,0.532,1,1,test,0,Low Calorie
dish_1559925037,bacon,10.0,54.1,4.2,0.14,3.7,1,1,train,0,Low Calorie
dish_1565898432,"shallots, blueberries, arugula, green beans, ginger, spinach (raw), brown rice, jalapenos, chard, olive oil, mustard, walnuts, chili, lime, garlic, cilantro, salmon, bok choy, beef, vinegar, pepper, lemon juice, onions, salt, spinach (cooked), millet",282.000003,450.2250161879999,25.761122545,11.596749468,40.696292446,26,26,train,2,High Calorie
dish_1566328961,"bell peppers, shallots, garlic, jalapenos, spinach (raw), olive oil, cheese pizza, pepper, spinach (cooked), millet, bok choy, beef, vinegar, onions, salt, tomatoes, chicken",308.000003,605.81782725,24.900572418,39.994916715,52.083552565000005,17,17,train,2,High Calorie
dish_1562602627,"hash browns, sausage",171.0,577.176,43.238,25.252000000000002,22.148,2,2,test,2,High Calorie
dish_1564589366,"egg whites, roasted potatoes",348.0,324.25,11.322000000000001,30.289,22.081,2,2,train,2,High Calorie
dish_1558638246,cantaloupe,97.0,32.98,0.194,7.76,0.776,1,1,train,0,Low Calorie
dish_1551374189,white rice,73.0,94.9,0.219,20.44,1.971,1,1,train,1,Medium Calorie
dish_1564170923,"thyme, olive oil, wheat berry, kale, salt, salmon, pepper, chard, brown rice, arugula",318.999999,378.81715085,15.813500753,28.582853741,31.213701183999998,10,10,train,2,High Calorie
dish_1551224647,apple,252.0,131.04,0.504,35.28,0.756,1,1,train,1,Medium Calorie
dish_1562788536,"pilaf, corn on the cob",190.0,245.132,6.609999999999999,44.752,5.398,2,2,train,1,Medium Calorie
dish_1558113255,cantaloupe,90.0,30.6,0.18,7.2,0.72,1,1,train,0,Low Calorie
dish_1565987054,"spinach (raw), chicken",213.0,260.57,5.62,2.304,48.046,2,2,train,1,Medium Calorie
dish_1550873434,chicken,138.0,227.7,4.968,0.0,42.78,1,1,train,1,Medium Calorie
dish_1563565508,"ground turkey, vinegar, celery, onions, parmesan cheese, thyme, carrot, salt, white rice, arugula, parsley, caesar dressing, olive oil, chive, eggs, bok choy, cream, mushroom, chard, kale, garlic, fish, cherry tomatoes, wheat berry, blueberries, lemon juice, corn on the cob, mustard, pecans, shallots, croutons",386.999999,403.862057896,24.76173561,32.026700126,26.264356304,31,31,test,2,High Calorie
dish_1565811025,"spinach (raw), chicken, broccoli",277.0,361.05,7.668,4.36,65.378,3,3,test,2,High Calorie
dish_1551486108,ham,45.0,65.25,2.7,0.675,9.45,1,1,train,0,Low Calorie
dish_1564000536,"chickpeas, oregano, cream, lemon juice, basil, olive oil, shallots, white wine, cheese pizza, pepper, wheat berry, chicken, parsley, mustard greens, rosemary, arugula, butter, mushroom, thyme, vinegar, garlic, salt, caesar salad",397.000001,659.906190651,27.075863691,60.701585918999996,43.828611623,23,23,train,2,High Calorie
dish_1551490469,carrot,16.0,6.56,0.032,1.6,0.144,1,1,train,0,Low Calorie
dish_1559678457,"garlic, shallots, wheat berry, olive oil, cucumbers, spinach (cooked), bok choy, beef, spinach (raw), vinegar, mustard greens, mustard, onions, salt, broccoli, tomatoes, millet",465.000002,624.236066246,37.503221386,29.983657314000002,43.010420648,17,17,train,2,High Calorie
dish_1558722685,cantaloupe,76.0,25.84,0.152,6.08,0.608,1,1,train,0,Low Calorie
dish_1566851584,"caesar salad, cheese pizza",222.0,286.29499999999996,10.867,34.366,13.904,2,2,train,2,High Calorie
dish_1565020926,"olive oil, sweet potato, grapes, berries, greek yogurt, egg whites, chia seeds, milk, bacon",489.000004,398.49611883,10.37928424,56.51595856,21.47231831,9,9,train,2,High Calorie
dish_1560357792,waffles,50.0,145.15,7.15,16.35,3.95,1,1,train,1,Medium Calorie
dish_1561739719,"sweet potato, broccoli, raspberries, berries, mixed greens, blackberries, granola, vinaigrette",636.999997,350.163542791,4.590096497999999,74.616128324,10.19899987,8,8,train,2,High Calorie
dish_1561748862,"arugula, brown rice, salmon, thyme, olive oil, pepper, salt",86.99999999999999,154.7729513,7.852456406,3.425124898,16.156489454,7,7,test,1,Medium Calorie
dish_1551225836,tortilla,87.0,189.66,2.523,39.15,5.22,1,1,train,1,Medium Calorie
dish_1551314163,"kiwi, corn, orange",113.0,72.78,0.675,17.34,1.82,3,3,train,0,Low Calorie
dish_1559842409,"strawberries, mandarin oranges, broccoli, almonds",179.0,359.193,26.644,24.451,13.334,4,4,test,2,High Calorie
dish_1562173411,"bacon, sausage",159.0,638.258,50.169,5.390000000000001,38.829,2,2,train,2,High Calorie
dish_1563468776,scrambled eggs,250.0,370.0,27.5,4.0,25.0,1,1,train,2,High Calorie
dish_1558723742,"carrot, almonds, corn on the cob, cauliflower",264.0,375.11,22.269000000000002,40.23,13.325000000000001,4,4,train,2,High Calorie
dish_1560455000,"cherry tomatoes, cucumbers",84.0,12.8,0.11,2.725,0.7849999999999999,2,2,train,0,Low Calorie
dish_1562010821,"jalapenos, parsley, mayonnaise, garlic, lemon juice, salt, cabbage, pepper, pork, wheat berry, carrot, olive oil",133.999997,274.149359815,16.411747239,3.826643046,26.255055645,12,12,test,2,High Calorie
dish_1566416701,"garlic, mushroom, wheat berry, olive oil, butter, salt, shallots, white wine, pepper, arugula, cream, oregano, thyme, basil, rosemary, lemon juice, chicken",122.00000299999999,198.537160139,6.648316669,2.900097154,30.318871402,17,17,train,1,Medium Calorie
dish_1551135415,"avocado, bread, tomatoes",203.0,288.27,13.785,34.935,9.41,3,3,train,2,High Calorie
dish_1567526814,"egg whites, watermelon, yam, sweet potato, olive oil",639.0,408.25,7.166,34.331,45.199999999999996,5,5,train,2,High Calorie
dish_1560527070,potatoes,69.0,53.13,0.069,11.73,1.38,1,1,train,0,Low Calorie
dish_1559590130,"asparagus, chicken",152.0,194.40599999999998,4.106999999999999,1.521,35.888,2,2,train,1,Medium Calorie
dish_1568047973,"broccoli, olive oil, scrambled eggs",234.000002,295.55902157,21.246097156,6.6200977299999995,19.187804936,3,3,test,2,High Calorie
dish_1551236417,ham,47.0,68.15,2.82,0.705,9.87,1,1,train,0,Low Calorie
dish_1565034681,"walnuts, pepper, chard, blueberries, cucumbers, lime, salt, lettuce, mustard, cheese pizza, cherry tomatoes, vinegar, arugula, olive oil, pizza, onions, mixed greens",185.000004,323.553249511,18.932509739,29.187737978999998,10.422204134,17,17,test,2,High Calorie
dish_1551375747,"shrimp, scrambled eggs, cantaloupe",167.0,145.82,6.952,7.116,13.908,3,3,test,1,Medium Calorie
dish_1562180157,"olive oil, almonds, spinach (raw), mustard, bacon, chicken, carrot, salt, vegetable oil, blueberries, squash, vinegar, buttermilk, flour, garlic, parsley, lemon juice, thyme",556.999994,1009.176783387,72.163282794,25.456961116,63.837645545,18,18,train,2,High Calorie
dish_1565627800,"sweet potato, olive oil, egg whites",261.000002,167.18927336000002,2.134098,13.96690272,19.60243904,3,3,train,1,Medium Calorie
dish_1560800836,pepperoni pizza,170.0,479.4,20.4,54.4,20.4,1,1,train,2,High Calorie
dish_1551379408,"broccoli, berries, shrimp",170.0,99.03999999999999,0.569,14.701999999999998,10.581,3,3,train,1,Medium Calorie
dish_1562086037,berries,121.0,68.97,0.363,16.94,0.847,1,1,train,0,Low Calorie
dish_1550777256,"berries, banana, cucumbers",212.0,115.45,0.477,28.81,1.887,3,3,train,1,Medium Calorie
dish_1568405466,"radishes, olive oil, cucumbers, rice noodles, tomatoes, carrot, mixed greens, soy sauce, green onions, pineapple, vinegar, spinach (raw), cabbage, mustard greens, mustard, salt, garlic",189.000003,153.09940988000002,9.094379845999999,17.452275426000003,2.526578267,17,17,train,1,Medium Calorie
dish_1551324331,"bacon, shrimp, cauliflower",191.0,163.64999999999998,6.411,6.214,21.464,3,3,train,1,Medium Calorie
dish_1558639673,cherry tomatoes,89.0,16.02,0.178,3.471,0.801,1,1,train,0,Low Calorie
dish_1560367116,"green onions, salt, tofu, country rice, onions, garlic, honeydew melons, olive oil, fish, cherry tomatoes",211.000001,108.4099721748,6.256616399,12.151616502,9.205685081199999,10,10,train,1,Medium Calorie
dish_1562959547,"mixed greens, figs, pumpkin seeds, cucumbers, cherry tomatoes, pepper, jalapenos, quinoa, arugula, vinegar, fish, tomatillo, garlic, carrot, onions, mustard, olive oil, cilantro, lemon juice, spinach (raw), chard, lettuce, salt",145.000002,165.61774073599997,15.460227171000001,8.8175703,10.892046027,23,23,train,1,Medium Calorie
dish_1568141951,"carrot, cheese pizza, salt, caesar dressing, kale, olive oil, parmesan cheese, pepper, croutons",215.999996,361.81901559199997,12.658842379000001,46.520969623,16.076677476,9,9,train,2,High Calorie
dish_1565711154,"raspberries, bacon, vinaigrette, granola, blackberries, egg whites, mixed greens",384.999998,421.617576692,19.775161148,14.237547788,42.173999888000004,7,7,train,2,High Calorie
dish_1551567106,nuts,37.0,224.59,19.98,7.77,7.4,1,1,train,1,Medium Calorie
dish_1551227325,"bread, mushroom, cucumbers",102.0,87.146,1.29,14.039,5.149,3,3,train,0,Low Calorie
dish_1565638515,"white rice, garlic, onions, zucchini, parsley, olive oil, rosemary, pork, green beans, arugula, salt",164.999995,198.970976127,10.759085954,8.950356344,16.704957514,11,11,train,1,Medium Calorie
dish_1564073641,"olive oil, sweet potato",52.000002,49.767808959999996,1.268293,9.13170762,0.50731709,2,2,train,0,Low Calorie
dish_1566414891,"blueberries, vinegar, arugula, chard, olive oil, roasted potatoes, garlic, salt, pecans, mustard",162.999999,213.994175769,15.956648208,16.049044928,3.5877567079999997,10,10,train,1,Medium Calorie
dish_1562876674,"salt, cheese pizza, chicken, country rice, spinach (raw), parsley, garlic, squash, wheat berry, basil, lemon juice, zucchini, rosemary, olive oil, thyme, pepper",157.000001,289.192612682,10.211314481999999,30.06591435,23.77045369,16,16,train,2,High Calorie
dish_1558028690,honeydew melons,66.0,23.76,0.066,5.94,0.33,1,1,train,0,Low Calorie
dish_1565987142,"spinach (raw), cucumbers, parmesan cheese, chicken, olives",426.0,518.323,25.577,11.889,60.803999999999995,5,5,test,2,High Calorie
dish_1560874751,"bacon, berries, bagels, cream cheese, yam",220.0,379.992,10.959999999999999,58.687,12.556000000000001,5,5,train,2,High Calorie
dish_1560456305,"mixed greens, lettuce, pumpkin seeds, mustard, salt, olive oil, vinegar, arugula, carrot",21.0,26.391598136,2.249872423,1.348323405,0.547266127,9,9,test,0,Low Calorie
dish_1551233802,apple,69.0,35.88,0.138,9.66,0.207,1,1,train,0,Low Calorie
dish_1550781347,"potatoes, broccoli, tomatoes",184.0,94.63,0.646,20.094,3.393,3,3,train,1,Medium Calorie
dish_1563393341,"broccoli, squash, zucchini",119.000004,27.965000940000003,0.436333348,5.196333508,1.745333392,3,3,test,0,Low Calorie
dish_1562959379,"mixed greens, olive oil, radishes, arugula, vinegar, mustard, cucumbers, salt, pumpkin seeds, carrot, lettuce",85.000001,57.066454082999996,4.4116078839999995,3.778441348,1.451472119,11,11,train,0,Low Calorie
dish_1559240256,broccoli,54.0,18.9,0.216,3.78,1.296,1,1,train,0,Low Calorie
dish_1550708280,cucumbers,54.0,5.4,0.0,1.08,0.54,1,1,train,0,Low Calorie
dish_1562959485,"mixed greens, lettuce, carrot, pumpkin seeds, salt, mustard, olive oil, vinegar, arugula",36.000002,45.242734578,3.856923313,2.311411994,0.938170689,9,9,train,0,Low Calorie
dish_1562170236,"berries, watermelon, pineapple",333.0,169.35999999999999,0.737,42.478,2.069,3,3,train,1,Medium Calorie
dish_1567714875,"avocado, chicken, mixed greens, olives, parmesan cheese",416.0,681.069,36.611000000000004,14.635,74.412,5,5,train,2,High Calorie
dish_1562876494,"pepper, chicken, squash, wheat berry, spinach (raw), zucchini, lemon juice, rosemary, basil, olive oil, garlic, thyme, salt, parsley",26.0,40.106923153,1.171625367,0.542953282,6.487736116,14,14,train,0,Low Calorie
dish_1558376984,"almonds, deprecated, sausage, mixed greens, grapes",350.0,671.678,45.584,30.23,45.44,5,5,train,2,High Calorie
dish_1562099102,"cheese pizza, squash, eggplant, lemon juice, garlic, shallots, quinoa, pepper, wine, chicken thighs, mushroom, olive oil, spinach (cooked), carrot, salt",127.0,210.06502156599998,8.221771289,16.309810257,16.903834571,15,15,test,1,Medium Calorie
dish_1568132484,berries,134.0,76.38,0.402,18.76,0.938,1,1,train,0,Low Calorie
dish_1563820806,"chicken, white rice, ginger, green beans, spinach (raw), vinegar, squash, olive oil, zucchini, soy sauce, garlic, broccoli, green onions, salt",273.000006,207.81444778,4.19147994,10.491398938,31.381857467,14,14,train,1,Medium Calorie
dish_1551224089,mushroom,29.0,6.38,0.087,0.957,0.899,1,1,train,0,Low Calorie
dish_1567801520,"white rice, sugar, garlic, soy sauce, caesar salad, salt, bok choy, pepper, pork",600.000003,919.09709191,42.248200673,53.029021482,79.971628108,9,9,train,2,High Calorie
dish_1559239985,pears,203.0,116.116,0.203,30.856,0.812,1,1,train,1,Medium Calorie
dish_1563477659,"salt, pepper, brussels sprouts, olive oil",52.000003,26.55134082,0.6653184639999999,4.611114633,1.741008696,4,4,test,0,Low Calorie
dish_1562613974,"thyme, brown rice, arugula, basil, olive oil, mustard greens, cranberries, chicken thighs, vinegar, salt, apple, garlic, shallots, radishes, squash, parsley, lemon juice, bulgur, broccoli",375.000002,416.196636704,19.963216207,20.551163868,39.229142296999996,19,19,train,2,High Calorie
dish_1567526888,"berries, sweet potato, olive oil, salsa, egg whites, watermelon, yam",816.0,479.18,7.59,51.193,47.294999999999995,7,7,train,2,High Calorie
dish_1558030832,yam,72.0,89.352,0.144,21.168,1.152,1,1,test,1,Medium Calorie
dish_1565798531,"vinegar, cherry tomatoes, lettuce, lime, salt, pepper, mixed greens, onions, cucumbers, olive oil",61.000001,61.57620928,5.820787075,2.255221615,0.830880489,10,10,train,0,Low Calorie
dish_1551317350,"white rice, orange, brussels sprouts",190.0,145.4,0.43,32.5,4.22,3,3,test,1,Medium Calorie
dish_1551382060,oatmeal,65.0,44.2,0.91,7.8,1.56,1,1,test,0,Low Calorie
dish_1563555160,"scrambled eggs, olive oil, pepper, salt, sweet potato, cantaloupe, brussels sprouts",287.000005,268.83263769,14.444397567000001,21.797337863,13.773809109999998,7,7,test,2,High Calorie
dish_1564777933,cheese pizza,39.0,103.701,3.666,13.065,4.368,1,1,test,1,Medium Calorie
dish_1551136043,ham,41.0,59.45,2.46,0.615,8.61,1,1,train,0,Low Calorie
dish_1565981898,"cherry tomatoes, blueberries, chard, olive oil, parsley, walnuts, garlic, salt, shallots, pepper, fish, tofu, arugula, wheat berry, vinegar, mustard, lemon juice, chive, carrot",290.000002,260.979738483,21.883743568,11.903451624999999,17.301080101,19,19,train,2,High Calorie
dish_1561739265,"sweet potato, hash browns, broccoli, egg whites, berries",308.0,292.04,9.989,41.126999999999995,10.689,5,5,test,2,High Calorie
dish_1551566316,"olives, tortilla, sausage",92.0,228.69,15.832,12.204,10.049,3,3,train,1,Medium Calorie
dish_1559062082,"watermelon, eggs, turkey bacon, sweet potato",311.0,387.87,21.616,22.046,25.468,4,4,train,2,High Calorie
dish_1559850314,"almonds, orange",100.0,296.617,23.318,17.029,11.005,2,2,test,2,High Calorie
dish_1566417475,"olive oil, mustard, roasted potatoes, salt, mixed greens, celery root, cherry tomatoes, vinegar, eggplant",198.000005,150.2305346,9.395509605,15.766474046999999,2.730685908,9,9,train,1,Medium Calorie
dish_1565119493,"mustard, olive oil, onions, vinegar, beef, caesar salad, bok choy, shallots, apple, millet, salt, cheese pizza, cranberries, spinach (raw), spinach (cooked)",279.999999,529.14500665,24.306737579,46.864982907999995,29.865883942,15,15,test,2,High Calorie
dish_1566920339,"egg whites, sweet potato, olive oil",730.000004,449.53171016,5.042439,32.0875617,58.56097565,3,3,train,2,High Calorie
dish_1551122844,bacon,18.0,97.38,7.56,0.252,6.66,1,1,train,1,Medium Calorie
dish_1566402232,"watermelon, cantaloupe, salsa, egg whites, yam, berries, sweet potato, olive oil",840.999994,511.39612341,8.9976789,54.081621299999995,48.8546037,8,8,train,2,High Calorie
dish_1560887435,"pizza, parmesan cheese, croutons, kale, caesar dressing",171.000001,364.529047956,13.398107858,44.367716981,16.457800313,5,5,train,2,High Calorie
dish_1551304456,potato chips,22.0,117.92,7.7,11.66,1.54,1,1,test,1,Medium Calorie
dish_1551233633,"cauliflower, tortilla, apple",156.0,95.15,0.9229999999999999,21.65,2.673,3,3,train,1,Medium Calorie
dish_1558641358,cauliflower,97.0,24.25,0.291,4.85,1.746,1,1,train,0,Low Calorie
dish_1560801829,"squash, olive oil, pepperoni pizza, salt, cauliflower",177.999999,256.89565658000004,10.540593996,30.348631287999996,11.184872987999999,5,5,train,1,Medium Calorie
dish_1558724853,brussels sprouts,118.0,50.74,0.354,10.62,4.012,1,1,train,0,Low Calorie
dish_1562008476,"olive oil, brussels sprouts, lemon juice, parsley, cucumbers, garlic, salt, carrot, cabbage, pepper, pork, wheat berry, jalapenos, mayonnaise",120.000001,120.50582518699999,6.163931929,6.28750584,10.76452422,14,14,test,1,Medium Calorie
dish_1563207277,"yam, sweet potato, olive oil",106.0,153.09,6.1,23.7,1.3,3,3,train,1,Medium Calorie
dish_1550797094,broccoli,48.0,16.8,0.192,3.36,1.152,1,1,train,0,Low Calorie
dish_1563812508,egg whites,217.0,112.84,0.434,1.519,21.7,1,1,train,1,Medium Calorie
dish_1558723015,carrot,76.0,31.16,0.152,7.6,0.684,1,1,test,0,Low Calorie
dish_1551306290,corn,27.0,25.92,0.405,5.67,0.918,1,1,train,0,Low Calorie
dish_1568055963,olives,32.0,36.8,3.424,2.016,0.256,1,1,train,0,Low Calorie
dish_1559244417,"pepper, chard, blueberries, vinegar, arugula, olive oil, mustard, walnuts, salt",59.0,72.832494642,6.920828473,2.375516925,1.4159110739999998,9,9,train,0,Low Calorie
dish_1551381208,cauliflower,71.0,17.75,0.213,3.55,1.278,1,1,train,0,Low Calorie
dish_1562615283,"pineapple, white rice, lemon juice, jalapenos, steak, vinegar, kale, onions, garlic, cilantro, salt",78.000001,176.535963638,11.375679283999999,3.2658649740000003,15.280250072,11,11,train,1,Medium Calorie
dish_1565117429,cheese pizza,147.0,390.873,13.818,49.245,16.464,1,1,train,2,High Calorie
dish_1551234288,"mushroom, cucumbers, broccoli",90.0,22.04,0.22699999999999998,4.221,1.873,3,3,train,0,Low Calorie
dish_1550790554,"fish, carrot, mixed greens",116.0,69.69,6.804,5.465999999999999,10.255,3,3,train,0,Low Calorie
dish_1560802149,"white rice, arugula, chicken breast, squash, caesar dressing, olive oil, thyme, rosemary, salt, garlic, cherry tomatoes, spinach (raw), parmesan cheese, pork, wheat berry, croutons, parsley, zucchini, kale, onions",248.999994,365.517389459,17.394940123,10.470454055,39.855086651,20,20,train,2,High Calorie
dish_1564689138,"garlic, onions, lemon juice, mustard, olive oil, almonds, mixed greens, lime, cherry tomatoes, pepper, cucumbers, spinach (raw), blueberries, vinegar, arugula, parsley, lettuce, salt, carrot, chickpeas, pears",222.999998,268.267010633,21.973551823,15.522832302,5.8012124609999995,21,21,train,2,High Calorie
dish_1562180025,"bacon, garlic, chicken, flour, lemon juice, parsley, thyme, vegetable oil, buttermilk, salt",256.000005,798.913618873,55.475595395999996,12.930508887999999,59.06646885,10,10,train,2,High Calorie
dish_1562872432,"wheat berry, couscous, basil, lemon juice, zucchini, squash, olive oil, spinach (raw), pepper, chicken, bok choy, parsley, garlic, salt, rosemary, thyme",257.000002,259.083152039,5.250878091,20.299109775999998,31.28611505,16,16,test,1,Medium Calorie
dish_1563897938,bacon,10.0,54.1,4.2,0.14,3.7,1,1,train,0,Low Calorie
dish_1562686548,"scrambled eggs, yam, chicken apple sausage",280.0,413.49399999999997,23.968,20.892,27.464,3,3,train,2,High Calorie
dish_1559240216,cauliflower,58.0,14.5,0.174,2.9,1.044,1,1,train,0,Low Calorie
dish_1562184705,"wheat berry, chard, steak, cherry tomatoes, bacon, shallots, salt, chive, lemon juice, olive oil, green beans, fish, garlic, broccoli, parsley, kale",376.000005,635.1904333,51.203066147,13.052526671999999,58.229379791,16,16,test,2,High Calorie
dish_1550771869,berries,66.0,37.62,0.198,9.24,0.462,1,1,train,0,Low Calorie
dish_1550778435,"bacon, bell peppers, cucumbers",117.0,103.65,6.382,5.12,6.9799999999999995,3,3,train,1,Medium Calorie
dish_1551233345,cucumbers,27.0,2.7,0.0,0.54,0.27,1,1,train,0,Low Calorie
dish_1551233491,cauliflower,71.0,17.75,0.213,3.55,1.278,1,1,train,0,Low Calorie
dish_1566934366,cheese pizza,33.0,87.747,3.102,11.055,3.696,1,1,train,1,Medium Calorie
dish_1561134102,watermelon,81.0,24.3,0.162,6.156,0.486,1,1,test,0,Low Calorie
dish_1568229399,"mustard, salt, garlic, radishes, spinach (raw), vinegar, blueberries, olive oil",128.000001,143.805575703,13.366684238,5.40597469,2.5867341479999997,8,8,test,1,Medium Calorie
dish_1562949515,"bok choy, berries, turkey bacon, olive oil",189.000002,220.42561384,13.367585808,13.565365887999999,13.23265856,4,4,train,1,Medium Calorie
dish_1568318286,mixed greens,115.0,32.2,0.46,6.095,2.53,1,1,test,0,Low Calorie
dish_1551228971,"carrot, bell peppers, noodles",82.0,61.39,0.715,12.190000000000001,2.178,3,3,train,0,Low Calorie
dish_1565727921,"black beans, chicken, olives, olive oil, broccoli, parmesan cheese, mixed greens",397.0,768.554,54.055,27.248,46.56,7,7,train,2,High Calorie
dish_1563568148,"garlic, shallots, chive, olive oil, parsley, kale, lemon juice, chard, wheat berry, bok choy, salt, fish, cherry tomatoes",224.99999499999998,170.995796669,18.531178137,6.5096407,19.747219013,13,13,test,1,Medium Calorie
dish_1565119698,"zucchini, kale, onions, salt, shallots, spinach (cooked), bok choy, millet, beef, vinegar, chard, chayote squash, olive oil",308.000004,222.23550113000002,10.575852236,13.186613551,19.411323153,13,13,train,1,Medium Calorie
dish_1550770447,sausage,88.0,303.248,24.024,3.696,16.984,1,1,train,2,High Calorie
dish_1564428404,"olive oil, onions, mustard, pears, salt, mixed greens, garlic, cherry tomatoes, vinegar",104.00000499999999,113.751046868,9.808389166,6.29883466,1.598034382,9,9,train,1,Medium Calorie
dish_1550859356,sausage,58.0,199.868,15.834,2.436,11.194,1,1,train,1,Medium Calorie
dish_1550873218,avocado,39.0,62.4,5.85,3.51,0.78,1,1,train,0,Low Calorie
dish_1562958809,"mixed greens, garlic, mustard, green onions, rice noodles, cabbage, sugar, pork, chard, spinach (raw), vinegar, white rice, bok choy, soy sauce, figs, salt, cucumbers, olive oil, radishes, pepper, cherry tomatoes, carrot",388.999987,511.67358858,24.147148213,44.695531087,28.865578226000004,22,22,train,2,High Calorie
dish_1563996308,"pepper, carrot, shallots, olive oil, basil, cream, salt, garlic, butter, thyme, arugula, rosemary, mushroom, oregano, wheat berry, lemon juice, chicken, cauliflower, white wine",658.999999,718.511799209,22.656108752999998,28.793681757,98.594513326,19,19,test,2,High Calorie
dish_1561060642,"jalapenos, brown rice, salt, bok choy, lemon juice, shallots, garlic, chili, onions, thyme, olive oil, mushroom, pasta, beef, ginger, tofu, spinach (raw), cream, pineapple, cilantro, salmon, cheese pizza, lime, sour cream, brussels sprouts, wine",387.0,468.41236577899997,18.522781711,39.183206739,36.674162429,26,26,train,2,High Calorie
dish_1550862495,tomatoes,56.0,19.04,0.392,3.808,0.392,1,1,train,0,Low Calorie
dish_1560453150,"vinegar, spinach (raw), mustard, blueberries, parsley, green beans, salt, olive oil, carrot, almonds",140.999997,152.320254199,12.962941951000001,8.120330095,3.441844632,10,10,train,1,Medium Calorie
dish_1562946006,"sausage, scrambled eggs",224.0,535.984,41.592,6.288,32.072,2,2,test,2,High Calorie
dish_1565725156,"carrot, bell peppers, chicken, onions, cherry tomatoes, olives",500.0,452.67,11.922,24.225,61.735,6,6,train,2,High Calorie
dish_1550707850,bell peppers,43.0,17.2,0.086,3.87,0.86,1,1,train,0,Low Calorie
dish_1562096907,"white beans, chive, snow peas, onions, salt, lime, artichokes, garlic, bell peppers, pepper, fish, arugula, olive oil, parsley",265.999995,297.779612863,31.159480877,13.23798524,38.056853563,14,14,train,2,High Calorie
dish_1561749778,"olive oil, thyme, salt, broccoli, salmon, cherry tomatoes, pepper, brown rice, arugula, radishes",340.000004,334.52791304,15.126815272,15.891819125,32.941498440000004,10,10,test,2,High Calorie
dish_1562775110,honeydew melons,282.0,101.52,0.282,25.38,1.41,1,1,train,1,Medium Calorie
dish_1565641943,"thyme, salt, cheese pizza, olive oil, garlic, wheat berry, spinach (raw), quinoa, chicken breast, cherry tomatoes, asparagus, parmesan cheese",306.999999,510.889587576,15.704394771,45.63610911,44.918287888,12,12,train,2,High Calorie
dish_1550710577,"tofu, tomatoes, cauliflower",202.0,88.06,3.861,9.103,7.130000000000001,3,3,test,1,Medium Calorie
dish_1562168427,"berries, egg whites, pineapple",368.0,193.71,0.6990000000000001,33.495,13.921,3,3,train,1,Medium Calorie
dish_1558376437,cantaloupe,39.0,13.26,0.078,3.12,0.312,1,1,train,0,Low Calorie
dish_1563567599,"salt, garlic, olive oil, mustard, pecans, vinegar, chard, arugula, blueberries",156.00000899999998,194.226805645,18.526055285,6.482198628,3.543729931,9,9,train,1,Medium Calorie
dish_1551563723,pineapple,56.0,28.0,0.056,7.28,0.28,1,1,train,0,Low Calorie
dish_1551232973,"bell peppers, cauliflower, noodles",206.0,107.6,1.393,20.7,4.993,3,3,train,1,Medium Calorie
dish_1551228630,tortilla,37.0,80.66,1.073,16.65,2.22,1,1,train,0,Low Calorie
dish_1561481634,"scrambled eggs, bacon, yam",228.0,462.05699999999996,27.154,27.759999999999998,25.482,3,3,train,2,High Calorie
dish_1558632233,"garden salad, corn on the cob, cantaloupe",193.0,122.60399999999998,2.714,23.712000000000003,4.486000000000001,3,3,train,1,Medium Calorie
dish_1562875320,"chicken, green beans, squash, spinach (raw), lemon juice, garlic, caesar salad, thyme, olive oil, country rice, salt, pepper, wheat berry, parsley, basil, pizza, zucchini, rosemary",377.000006,603.858645475,21.93622956,61.67175075000001,47.572274812,18,18,train,2,High Calorie
dish_1551378291,asparagus,36.0,7.344,0.036,1.404,0.792,1,1,train,0,Low Calorie
dish_1565383159,"parmesan cheese, cucumbers, vinaigrette, olives, chicken, olive oil, spinach (raw)",468.0,706.359,51.397000000000006,14.009,50.022999999999996,7,7,train,2,High Calorie
dish_1551237527,"broccoli, noodles, apple",238.0,226.86999999999998,2.99,44.53,6.951,3,3,train,1,Medium Calorie
dish_1550773349,bacon,12.0,64.92,5.04,0.168,4.44,1,1,train,0,Low Calorie
dish_1550778981,cucumbers,69.0,6.9,0.0,1.38,0.69,1,1,test,0,Low Calorie
dish_1551138237,"bread, tomatoes, pineapple",183.0,138.938,1.692,27.547,4.559,3,3,train,1,Medium Calorie
dish_1560441247,bok choy,17.0,2.21,0.034,0.374,0.255,1,1,train,0,Low Calorie
dish_1562775047,"berries, oatmeal",461.0,284.88,3.5940000000000003,60.519999999999996,6.644,2,2,test,2,High Calorie
dish_1551225381,apple,111.0,57.72,0.222,15.54,0.333,1,1,train,0,Low Calorie
dish_1568660810,pepperoni pizza,47.0,132.54,5.64,15.04,5.64,1,1,test,1,Medium Calorie
dish_1563468240,"pineapple, watermelon",239.0,93.1,0.371,23.942,1.327,2,2,train,1,Medium Calorie
dish_1560367904,"olive oil, garlic, salt, green onions, onions, fish, country rice",69.0,76.0231484492,8.840912122999999,3.7349119280000003,10.4059022128,7,7,train,0,Low Calorie
dish_1567625434,"salt, shallots, thyme, parsley, arugula, avocado, wheat berry, apple, bulgur, spinach (raw), olive oil, mustard greens, lemon juice, kale, cranberries, chard, garlic, chicken",396.000009,581.25304674,25.451920861,23.362088792999998,65.588402756,18,18,test,2,High Calorie
dish_1561049320,bacon,19.0,102.79,7.98,0.266,7.03,1,1,train,1,Medium Calorie
dish_1551375715,cantaloupe,76.0,25.84,0.152,6.08,0.608,1,1,train,0,Low Calorie
dish_1561661324,caesar salad,75.0,33.0,1.575,3.225,2.4,1,1,train,0,Low Calorie
dish_1562691383,yam,70.0,86.87,0.14,20.58,1.12,1,1,train,0,Low Calorie
dish_1564588919,"milk, greek yogurt, egg whites, blueberries, sweet potato, olive oil, chia seeds",451.999998,335.94417779,7.606813026999999,41.001795326,25.093242225,7,7,train,2,High Calorie
dish_1561575192,"walnuts, salt, mustard, olive oil, arugula, vinegar, chard, blueberries, pepper, cauliflower",236.000004,122.989188658,8.137641391999999,11.167095135,4.637902101,10,10,train,1,Medium Calorie
dish_1551228396,cucumbers,31.0,3.1,0.0,0.62,0.31,1,1,train,0,Low Calorie
dish_1558115960,potatoes,51.0,39.27,0.051,8.67,1.02,1,1,train,0,Low Calorie
dish_1551139260,mixed greens,15.0,4.2,0.06,0.795,0.33,1,1,train,0,Low Calorie
dish_1561661449,"sugar, salt, soy sauce, garlic, white rice, pepper, bok choy, pork",115.000005,237.07566918,10.854463844,12.695834991,20.978855948,8,8,train,1,Medium Calorie
dish_1565207694,"pineapple, white rice, olive oil, green onions, onions, kale, country rice, garlic, cilantro, fish, vinegar, chicken thighs, lemon juice, broccoli, salt",178.0,173.7912196768,12.895247421999999,15.589639511,15.633134504200001,15,15,train,1,Medium Calorie
dish_1568318361,"steak, mixed greens, broccoli",341.0,540.82,35.216,9.175,49.086,3,3,train,2,High Calorie
dish_1551376933,"berries, kiwi, corn",186.0,125.39,1.2040000000000002,29.7,2.723,3,3,train,1,Medium Calorie
dish_1551233313,mushroom,24.0,5.28,0.072,0.792,0.744,1,1,train,0,Low Calorie
dish_1550789186,broccoli,43.0,15.05,0.172,3.01,1.032,1,1,train,0,Low Calorie
dish_1562788032,"caesar salad, vinegar, onions, shallots, pepper, broccoli, cherry tomatoes, cantaloupe, brown rice, pork, eggplant, basil, parsley, lemon juice, olive oil, garlic, salt",213.999996,137.238871908,6.001858025,12.609990531,9.557197126999998,17,17,train,1,Medium Calorie
dish_1551314560,"mushroom, kiwi, potato chips",84.0,123.02000000000001,6.239,16.369,2.387,3,3,test,1,Medium Calorie
dish_1567106620,"bell peppers, cherry tomatoes",146.0,39.04,0.292,8.652,1.952,2,2,train,0,Low Calorie
dish_1550773771,potatoes,52.0,40.04,0.052,8.84,1.04,1,1,test,0,Low Calorie
dish_1558723982,almonds,51.0,294.831,25.245,11.577,11.424,1,1,train,2,High Calorie
dish_1550706639,cauliflower,89.0,22.25,0.267,4.45,1.602,1,1,test,0,Low Calorie
dish_1551314290,orange,31.0,14.57,0.031,3.72,0.279,1,1,train,0,Low Calorie
dish_1561749908,"salt, cherry tomatoes, radishes, olive oil, thyme, cucumbers, arugula, brown rice, brussels sprouts, turnips, broccoli, salmon, pepper",472.000006,377.262179448,16.426279978,22.846836108999998,35.403238824,13,13,train,2,High Calorie
dish_1560444637,"bacon, yam, strawberries, scrambled eggs",285.0,509.32099999999997,31.756999999999998,25.588,29.480999999999998,4,4,train,2,High Calorie
dish_1562789301,"caesar salad, pepper, corn on the cob, lemon juice, parsley, olive oil, salt, cherry tomatoes, cheese pizza, pork, brown rice, vinegar, basil, onions, garlic, broccoli, shallots",434.999998,606.911600546,24.518552019999998,68.411830044,35.305660096000004,17,17,train,2,High Calorie
dish_1558641253,corn on the cob,110.0,116.71,2.64,24.2,3.41,1,1,train,1,Medium Calorie
dish_1559235771,"cream cheese, bagels",54.000001,145.8000025,4.320000015,21.762000490000002,5.032800101,2,2,train,1,Medium Calorie
dish_1561753203,"brown rice, arugula, pepper, salmon, salt, thyme, olive oil, squash",207.000002,265.471938365,13.340454003,7.747136811000001,26.240112911,8,8,test,2,High Calorie
dish_1558114441,sausage,75.0,258.45,20.475,3.15,14.475,1,1,test,1,Medium Calorie
dish_1566851115,"sun dried tomatoes, salt, garlic, mustard, olive oil, cucumbers, onions, spinach (raw), vinegar",70.0,81.55441752,7.016817093000001,4.183183362,1.8721321730000002,9,9,test,0,Low Calorie
dish_1559590005,"asparagus, salt, pizza, onions, cranberries, mustard, vinegar, mushroom, spinach (raw), olive oil, apple",240.999996,360.83249466,16.641805267,39.466524308,14.747197397,11,11,test,2,High Calorie
dish_1551492935,ham,73.0,105.85,4.38,1.095,15.33,1,1,test,1,Medium Calorie
dish_1558031133,yam,110.0,136.51,0.22,32.34,1.76,1,1,train,1,Medium Calorie
dish_1551391257,chicken,79.0,130.35,2.844,0.0,24.49,1,1,train,1,Medium Calorie
dish_1550771487,cucumbers,56.0,5.6,0.0,1.12,0.56,1,1,train,0,Low Calorie
dish_1559668272,"scrambled eggs, hash browns",239.0,512.14,36.08,30.88,17.314,2,2,train,2,High Calorie
dish_1566933498,"pepper, wine, eggplant, mushroom, squash, arugula, lemon juice, parsley, shallots, chickpeas, quinoa, bok choy, chicken thighs, olive oil, spinach (cooked), garlic, salt, pears",284.000006,318.482657204,17.559084794,12.097745309,28.378120235999997,18,18,train,2,High Calorie
dish_1562700593,"chive, apple, millet, cauliflower, pepper, vinegar, shallots, onions, snow peas, olive oil, lemon juice, mixed greens, artichokes, spinach (cooked), fish, corn, lentils, arugula, parsley, bok choy, garlic, salt, beef",384.000007,385.773958897,29.806804694999997,18.611983890999998,37.046317255,23,23,train,2,High Calorie
dish_1565972628,"chicken apple sausage, scrambled eggs",359.0,545.96,38.269999999999996,7.452,40.78,2,2,train,2,High Calorie
dish_1551567992,"broccoli, cauliflower, olives",170.0,104.30000000000001,7.1129999999999995,10.338999999999999,2.7359999999999998,3,3,train,1,Medium Calorie
dish_1562096343,cucumbers,62.0,6.2,0.0,1.24,0.62,1,1,train,0,Low Calorie
dish_1557861837,"eggplant, caesar salad, fish",123.0,61.884,5.827,4.46,8.698,3,3,train,0,Low Calorie
dish_1565382762,"pepperoni pizza, pepper, olive oil, carrot, salt",139.0,305.8285921,12.677753918,36.289686321,12.568736898000001,5,5,test,2,High Calorie
dish_1550712459,"cheese, chicken, mixed greens",144.0,257.12,11.606,1.8619999999999999,34.788,3,3,train,1,Medium Calorie
dish_1550777025,banana,61.0,54.29,0.183,14.03,0.671,1,1,test,0,Low Calorie
dish_1551137173,mixed greens,12.0,3.36,0.048,0.636,0.264,1,1,train,0,Low Calorie
dish_1565984299,"salt, pepper, carrot, olive oil, cauliflower",297.999998,93.34350782,1.582831394,18.693933287,4.653012922,5,5,train,1,Medium Calorie
dish_1565109659,"sweet potato, bacon, olive oil, egg whites",263.000004,226.74488168,6.810683,17.76031778,20.51707321,4,4,train,1,Medium Calorie
dish_1558722636,carrot,75.0,30.75,0.15,7.5,0.675,1,1,train,0,Low Calorie
dish_1565034281,"roasted potatoes, cauliflower",306.0,228.46,9.433,32.33,5.901,2,2,train,1,Medium Calorie
dish_1558376212,almonds,52.0,300.612,25.74,11.804,11.648,1,1,train,2,High Calorie
dish_1561575977,"shallots, millet, spinach (cooked), parmesan cheese, onions, olive oil, vinegar, salt, beef, bok choy, cheese pizza",102.000002,261.07618316,13.068189381,15.375611418,19.122733638,11,11,train,2,High Calorie
dish_1551123633,"pineapple, oatmeal, cantaloupe",193.0,100.5,1.185,21.57,2.501,3,3,train,1,Medium Calorie
dish_1563304369,"garlic, parsley, kale, lemon juice, eggplant, parmesan cheese, shallots, roasted potatoes, salt, thyme, caesar dressing, olive oil, wheat berry, croutons, spinach (raw), chicken",325.999992,457.172134272,16.76585095,27.775936366999996,47.262753785,16,16,train,2,High Calorie
dish_1550777791,potatoes,65.0,50.05,0.065,11.05,1.3,1,1,test,0,Low Calorie
dish_1562876709,"chicken, wheat berry, green beans, spinach (raw), zucchini, basil, parsley, cheese pizza, pepper, squash, country rice, lemon juice, rosemary, olive oil, thyme, garlic, salt",186.000003,304.366863302,10.964589484,32.04516449,24.279403726,17,17,train,2,High Calorie
dish_1558632921,apple,155.0,80.6,0.31,21.7,0.465,1,1,train,0,Low Calorie
dish_1563465847,"roasted potatoes, scrambled eggs",182.0,267.75,19.054,6.683999999999999,16.383,2,2,train,2,High Calorie
dish_1551374895,broccoli,52.0,18.2,0.208,3.64,1.248,1,1,train,0,Low Calorie
dish_1561148481,"lime, carrot, thyme, olive oil, cucumbers, lemon juice, onions, jalapenos, celery, cream, chive, white rice, garlic, tomatoes, cherry tomatoes, mangos, cheese pizza, salt, cilantro, mustard greens, mushroom, arugula, kale, ground turkey, eggs",139.999998,281.281119477,14.385699682,18.905287362,18.591499957,25,25,train,2,High Calorie
dish_1558109986,sausage,75.0,258.45,20.475,3.15,14.475,1,1,train,1,Medium Calorie
dish_1558722665,cauliflower,60.0,15.0,0.18,3.0,1.08,1,1,test,0,Low Calorie
dish_1558028606,deprecated,65.0,19.5,0.065,4.94,0.39,1,1,train,0,Low Calorie
dish_1565898230,"garlic, bell peppers, beef, cherry tomatoes, brown rice, ginger, olive oil, vinegar, spinach (cooked), lime, shallots, bok choy, salmon, millet, vinaigrette, jalapenos, spinach (raw), green beans, feta cheese, cucumbers, lettuce, cilantro, lemon juice, onions, salt, chili, olives",499.99999599999995,780.202036826,42.676908931,19.731147391,73.94602751400001,27,27,test,2,High Calorie
dish_1561574394,"walnuts, caesar salad, mustard, olive oil, vinegar, blueberries, chard, arugula, pepper, salt",82.0,61.502372872,4.803670016,3.4384159769999996,2.3679517150000002,10,10,test,0,Low Calorie
dish_1565208611,"pepper, olive oil, brussels sprouts, caesar salad, salt",157.0,73.66917264,2.7636478220000003,9.719893043,5.120260780000001,5,5,train,0,Low Calorie
dish_1551390528,cauliflower,63.0,15.75,0.189,3.15,1.134,1,1,test,0,Low Calorie
dish_1560367085,"honeydew melons, tofu, cherry tomatoes",183.0,77.56,2.669,10.636,4.9830000000000005,3,3,train,0,Low Calorie
dish_1561753432,"garlic, salmon, pepper, brown rice, olive oil, tomatoes, turnips, cilantro, cheese, arugula, thyme, chicken thighs, tortilla, onions, salt, chili",238.000001,380.321701973,19.463063552,16.882177693,33.369027171,16,16,train,2,High Calorie
dish_1561492703,"caesar salad, green onions, fried rice, country rice, olive oil, onions, squash, fish, salt, garlic",133.999997,113.1305812932,9.258422871,10.04601758,11.278056732800001,10,10,train,1,Medium Calorie
dish_1561663786,corn on the cob,44.0,46.684,1.056,9.68,1.364,1,1,train,0,Low Calorie
dish_1562170207,"pineapple, berries",285.0,154.95999999999998,0.641,38.83,1.7810000000000001,2,2,train,1,Medium Calorie
dish_1558629488,cauliflower,64.0,16.0,0.192,3.2,1.152,1,1,test,0,Low Calorie
dish_1565808943,cherry tomatoes,74.0,13.32,0.148,2.886,0.666,1,1,train,0,Low Calorie
dish_1562790259,"walnuts, salt, olive oil, mustard, grilled chicken, arugula, vinegar, blueberries, chard, pepper",207.00000500000002,518.591738286,43.956384623,7.921092242,27.413873701,10,10,train,2,High Calorie
dish_1558380058,almonds,36.0,208.116,17.82,8.172,8.064,1,1,train,1,Medium Calorie
dish_1559844030,strawberries,77.0,25.41,0.231,6.16,0.539,1,1,train,0,Low Calorie
dish_1551223311,cucumbers,33.0,3.3,0.0,0.66,0.33,1,1,test,0,Low Calorie
dish_1550793023,cantaloupe,79.0,26.86,0.158,6.32,0.632,1,1,test,0,Low Calorie
dish_1559845745,"pears, potatoes",322.0,208.142,0.322,51.122,3.224,2,2,train,1,Medium Calorie
dish_1565024741,"turkey bacon, scrambled eggs, roasted potatoes",192.0,359.928,25.128,10.634,22.297,3,3,train,2,High Calorie
dish_1560456814,"olive oil, chive, lime, fish, corn, jicama, sour cream, parsley, nopales, carrot, garlic, salt, pepper, wild rice, arugula",282.999997,318.333377802,23.540922113,31.463231015,28.815845615,15,15,train,2,High Calorie
dish_1567020340,"broccoli, olive oil",167.999996,93.58829149,4.75317074,11.47317045,3.93365844,2,2,train,1,Medium Calorie
dish_1551236621,beef,77.0,192.5,11.55,0.0,20.02,1,1,train,1,Medium Calorie
dish_1550711746,"cauliflower, cucumbers, tofu",258.0,96.15,4.593,7.8,9.608,3,3,train,1,Medium Calorie
dish_1561579867,"lemon juice, basil, mushroom, vinegar, beef, chicken, millet, spinach (cooked), olives, rosemary, onions, olive oil, oregano, cream, arugula, wheat berry, pepper, bok choy, garlic, shallots, salt, butter, white wine, thyme",217.0,369.364234168,20.497876862,7.796568403,37.048072516999994,24,24,train,2,High Calorie
dish_1562173200,"pineapple, milk, chia seeds, greek yogurt",258.999996,213.36660971,7.2654944729999995,26.164191549999998,13.126372925,4,4,train,1,Medium Calorie
dish_1560798854,"olive oil, spinach (raw), tofu, broccoli, lemon juice, cranberries, croutons, parmesan cheese, raisins, cauliflower, sunflower seeds, carrot, cheese pizza, salt, kale, caesar dressing",371.999998,455.5067145080001,19.443831159,50.67368853799999,23.491777599000002,16,16,train,2,High Calorie
dish_1564160043,bagels,98.0,245.0,1.47,48.02,9.898,1,1,train,1,Medium Calorie
dish_1562777068,"olive oil, brussels sprouts, salt, strawberries, pepper, scrambled eggs",236.000001,236.72350731,15.213989094999999,10.77033586,14.96075649,6,6,train,1,Medium Calorie
dish_1566501575,brownies,54.0,251.694,15.552,26.892,3.348,1,1,test,1,Medium Calorie
dish_1558722125,almonds,86.0,497.166,42.57,19.522,19.264,1,1,train,2,High Calorie
dish_1551228478,"apple, cucumbers, noodles",153.0,90.62,0.776,20.78,1.8519999999999999,3,3,train,1,Medium Calorie
dish_1564690038,lentils,81.0,92.34,0.324,16.2,7.29,1,1,test,1,Medium Calorie
dish_1563822546,caesar salad,88.0,38.72,1.848,3.784,2.816,1,1,train,0,Low Calorie
dish_1558640808,carrot,26.0,10.66,0.052,2.6,0.234,1,1,train,0,Low Calorie
dish_1566923030,"hash browns, scrambled eggs, pineapple",226.0,396.79999999999995,25.369,33.674,10.643,3,3,train,2,High Calorie
dish_1565640227,"bell peppers, pepperoni pizza",165.0,334.62,13.428,40.38,14.4,2,2,train,2,High Calorie
dish_1558122740,"grapes, mixed greens, deprecated, potatoes, bacon",304.0,260.15,7.702999999999999,22.625,28.619,5,5,test,1,Medium Calorie
dish_1561746912,"salt, thyme, olive oil, arugula, brown rice, wheat berry, pepper, salmon",210.000001,264.09595255,8.211681799,27.373017326999996,20.891369422,8,8,train,2,High Calorie
dish_1563217895,"mangos, salt, arugula, cherry tomatoes, jalapenos, lemon juice, lime, mustard greens, cucumbers, olive oil, onions, tomatoes, cilantro",73.0,26.799275832,1.0668228849999999,3.975291683,1.316417842,13,13,train,0,Low Calorie
dish_1550781280,broccoli,68.0,23.8,0.272,4.76,1.632,1,1,train,0,Low Calorie
dish_1562950934,"sweet potato, olive oil, egg whites",464.000003,304.21853788,4.152195,27.52780544,33.40487808,3,3,train,2,High Calorie
dish_1561662562,"lime, pork, olive oil, tofu, green beans, onions, corn on the cob, vinegar, bok choy, salt, lettuce, garlic, pepper, cherry tomatoes, white rice, cucumbers, soy sauce, mixed greens, sugar",289.000005,368.48518976,16.339727731,34.568242773,25.228021487000003,19,19,test,2,High Calorie
dish_1568143288,"sun dried tomatoes, salt, garlic, broccoli, onions, olive oil, mustard, vinegar, spinach (raw), cucumbers",157.000003,129.120743831,9.385862155,10.05813872,4.0177719210000005,10,10,train,1,Medium Calorie
dish_1551122493,oatmeal,88.0,59.84,1.232,10.56,2.112,1,1,test,0,Low Calorie
dish_1567108037,"pepper, millet, onions, arugula, shallots, lemon juice, parsley, garlic, chickpeas, olive oil, salt, beef, bok choy, vinegar, spinach (cooked), pears",365.000001,674.73051216,40.596659102,18.422497502,55.602732615,16,16,train,2,High Calorie
dish_1561575951,"salt, onions, cheese pizza, spinach (cooked), beef, millet, bok choy, shallots, vinegar, olive oil",91.000002,213.69918316000002,9.922189380999999,14.913611418,14.898733638,10,10,train,1,Medium Calorie
dish_1551223346,"bread, noodles, cucumbers",147.0,229.416,3.5279999999999996,38.501999999999995,10.32,3,3,train,1,Medium Calorie
dish_1550712556,cucumbers,63.0,6.3,0.0,1.26,0.63,1,1,test,0,Low Calorie
dish_1551234017,bell peppers,31.0,12.4,0.062,2.79,0.62,1,1,train,0,Low Calorie
dish_1550778646,"potatoes, berries, potato chips",166.0,160.12,3.792,29.78,2.936,3,3,train,1,Medium Calorie
dish_1551392833,brussels sprouts,32.0,13.76,0.096,2.88,1.088,1,1,train,0,Low Calorie
dish_1565031376,"vinegar, olive oil, orange juice, broccoli, garlic, white rice, beef, cauliflower, caesar salad, onions, chili, kale, green onions, salt, soy sauce",307.999996,319.4904573,16.745573580000002,13.42072482,28.759740454,15,15,test,2,High Calorie
dish_1564515049,"snow peas, olive oil, garlic, chive, artichokes, lime, carrot, zucchini, white beans, arugula, wheat berry, parsley, onions, squash, broccoli, bell peppers, salt, pepper, fish",611.000008,431.635798994,26.765791381999996,49.732015912,34.224402003,19,19,train,2,High Calorie
dish_1565972674,"salt, scrambled eggs, chicken apple sausage, cherry tomatoes, pepper, lettuce, mixed greens, lime, olive oil, vinegar, onions, cucumbers",426.000001,613.59288752,44.663323751,9.929046648,41.692606407,12,12,train,2,High Calorie
dish_1558719570,apple,143.0,74.36,0.286,20.02,0.429,1,1,train,0,Low Calorie
dish_1558546434,spinach (raw),11.0,2.53,0.044,0.396,0.319,1,1,train,0,Low Calorie
dish_1566413356,"spinach (raw), chicken",164.0,183.98,3.952,2.196,33.699,2,2,train,1,Medium Calorie
dish_1568047932,"broccoli, olive oil",55.000001999999995,30.639021569999997,1.556097156,3.75609773,1.287804936,2,2,train,0,Low Calorie
dish_1564429270,"salt, mustard, garlic, chickpeas, olive oil, mustard greens, parsley, vinegar, arugula, tempeh, chard, pecans, pepper, blueberries",354.000002,605.50717955,39.6265835,30.818349188,43.046117366000004,14,14,train,2,High Calorie
dish_1562173267,"chilaquiles, bacon",171.0,409.57,27.119999999999997,18.188,21.401,2,2,test,2,High Calorie
dish_1550860041,"berries, scrambled eggs, oatmeal",224.0,211.43,10.358999999999998,19.532,10.605,3,3,train,1,Medium Calorie
dish_1562700760,"beef, cauliflower, shallots, spinach (cooked), olive oil, onions, vinegar, mushroom, millet, bok choy, salt",418.000003,370.13002643,18.338949439,16.083404276,35.965890955999996,11,11,train,2,High Calorie
dish_1564432128,"salt, lime, lettuce, mixed greens, olive oil, cucumbers, pepperoni pizza, onions, vinegar, pepper, cherry tomatoes",102.000001,217.02839717999998,11.281486918,21.601863075,8.091218675,11,11,train,1,Medium Calorie
dish_1558641200,carrot,8.0,3.28,0.016,0.8,0.072,1,1,train,0,Low Calorie
dish_1551389176,scrambled eggs,64.0,94.72,7.04,1.024,6.4,1,1,train,1,Medium Calorie
dish_1561578775,cheese pizza,111.0,295.149,10.434,37.185,12.432,1,1,train,2,High Calorie
dish_1551493236,white rice,36.0,46.8,0.108,10.08,0.972,1,1,train,0,Low Calorie
dish_1563898019,"bacon, chia seeds, greek yogurt, scrambled eggs, milk",237.0,343.97738795,22.634478145,10.499257389999999,24.180925925,5,5,test,2,High Calorie
dish_1561392543,"vinegar, radishes, garlic, bell peppers, salt, berries, mustard, cucumbers, olive oil",118.999999,126.004929799,8.808466321000001,12.171466562,0.9585999740000001,9,9,test,1,Medium Calorie
dish_1565021714,"olive oil, egg whites, honeydew melons, berries, sweet potato",662.000004,381.17146744,3.619805,39.62819582,41.77912199,5,5,train,2,High Calorie
dish_1562096933,"garlic, bell peppers, snow peas, onions, white beans, fish, pepper, chive, lime, salt, artichokes, olive oil, green beans, parsley, arugula",313.999995,312.659612863,31.207480877000002,16.59798524,38.920853563,15,15,train,2,High Calorie
dish_1561667207,"garlic, salt, sugar, bok choy, pork, pepper, white rice, soy sauce",121.000003,249.44483009,11.420783296,13.358227008,22.073404201,8,8,test,1,Medium Calorie
dish_1559590157,"chicken, asparagus, caesar salad",234.0,230.486,5.829,5.047,38.512,3,3,train,1,Medium Calorie
dish_1558630450,grapes,125.0,86.25,0.25,22.5,0.875,1,1,train,0,Low Calorie
dish_1560367258,"tofu, fish, asparagus, garlic, cucumbers, green onions, country rice, olive oil, onions, beets, vinegar, mushroom, cherry tomatoes, honeydew melons, mixed greens, salt",341.000002,157.9917423748,8.974910959,17.011692512,12.4795855962,16,16,test,1,Medium Calorie
dish_1551492093,"olives, asparagus, ham",85.0,77.908,5.34,3.795,4.896,3,3,train,0,Low Calorie
dish_1551391586,"shrimp, nuts, broccoli",135.0,372.77,29.458,15.241999999999999,18.36,3,3,train,2,High Calorie
dish_1551226840,fish,122.0,109.8,15.86,0.0,22.448,1,1,train,1,Medium Calorie
dish_1563827188,"white rice, soy sauce, steak, green beans, ginger, spinach (raw), squash, wheat berry, cauliflower, garlic, zucchini, green onions, cheese pizza, caesar salad, pineapple, chicken, salt, lime, vinegar, olive oil, broccoli",377.000004,369.35998637,12.975753881,35.209254821,29.444635127,21,21,train,2,High Calorie
dish_1567785778,"pineapple, bell peppers, berries, cucumbers, salt, mustard, olive oil, garlic, greek yogurt, vinegar, radishes, milk, chia seeds, sweet potato",309.999996,303.507503553,15.198483773,32.629899836,11.701198074,14,14,train,2,High Calorie
dish_1562613376,"salt, garlic, mustard greens, kale, jalapenos, arugula, figs, goat cheese, cilantro, vinegar, onions, olive oil, lemon juice, steak, squash, apple, white rice, pineapple",267.000001,371.963864143,24.076419027,16.677065575,23.388559618000002,18,18,train,2,High Calorie
dish_1558722871,cauliflower,60.0,15.0,0.18,3.0,1.08,1,1,train,0,Low Calorie
dish_1561997401,"yogurt, berries",335.0,194.142,1.173,29.427999999999997,17.969,2,2,train,1,Medium Calorie
dish_1568305198,turkey bacon,82.0,311.354,23.042,2.542,23.862,1,1,train,2,High Calorie
dish_1560527168,"tomatoes, garlic, potatoes, olive oil, cucumbers, mustard greens, salt, mustard, spinach (raw), vinegar, berries, bacon",219.000002,322.835296734,18.368912049,24.775575174,15.273437949,12,12,train,2,High Calorie
dish_1551567731,olives,37.0,42.55,3.959,2.331,0.296,1,1,train,0,Low Calorie
dish_1562875159,pizza,98.0,260.68,9.506,32.34,10.78,1,1,train,1,Medium Calorie
dish_1550785808,white rice,81.0,105.3,0.243,22.68,2.187,1,1,test,1,Medium Calorie
dish_1556575014,olives,62.0,71.3,6.634,3.906,0.496,1,1,test,0,Low Calorie
dish_1563820775,"zucchini, broccoli, squash",162.0,38.07,0.594,7.074,2.376,3,3,train,0,Low Calorie
dish_1551224283,cauliflower,107.0,26.75,0.321,5.35,1.926,1,1,train,0,Low Calorie
dish_1551566421,tortilla,11.0,23.98,0.319,4.95,0.66,1,1,train,0,Low Calorie
dish_1560798656,cheese pizza,108.0,287.172,10.152,36.18,12.096,1,1,train,2,High Calorie
dish_1558116547,deprecated,144.0,74.88,0.288,0.432,20.16,1,1,train,0,Low Calorie
dish_1558721345,cauliflower,78.0,19.5,0.234,3.9,1.404,1,1,train,0,Low Calorie
dish_1566937992,cheese pizza,104.0,276.536,9.776,34.84,11.648,1,1,train,2,High Calorie
dish_1558725286,"broccoli, almonds, cauliflower",308.0,816.792,65.965,40.704,33.318,3,3,test,2,High Calorie
dish_1559240510,"salt, pepper, olive oil, cauliflower, strawberries, carrot, broccoli",212.999998,73.51650516,1.0639093640000001,15.542887054,3.126160796,7,7,test,0,Low Calorie
dish_1565382995,"spinach (raw), cucumbers",158.0,23.21,0.228,4.072,2.6630000000000003,2,2,train,0,Low Calorie
dish_1566501067,"spinach (raw), carrot, parmesan cheese, olives, chicken",306.0,464.118,24.311,12.238999999999999,49.619,5,5,train,2,High Calorie
dish_1551379478,banana,70.0,62.3,0.21,16.1,0.77,1,1,train,0,Low Calorie
dish_1558639979,almonds,90.0,520.29,44.55,20.43,20.16,1,1,train,2,High Calorie
dish_1551564016,oatmeal,64.0,43.52,0.896,7.68,1.536,1,1,train,0,Low Calorie
dish_1560529804,watermelon,51.0,15.3,0.102,3.876,0.306,1,1,train,0,Low Calorie
dish_1551488737,orange,48.0,22.56,0.048,5.76,0.432,1,1,train,0,Low Calorie
dish_1557863056,avocado,47.0,75.2,7.05,4.23,0.94,1,1,train,0,Low Calorie
dish_1551394835,kiwi,27.0,16.47,0.135,4.05,0.297,1,1,train,0,Low Calorie
dish_1551493680,orange,53.0,24.91,0.053,6.36,0.477,1,1,train,0,Low Calorie
dish_1551374222,"kiwi, white rice, berries",221.0,181.78000000000003,0.789,41.79,3.2590000000000003,3,3,test,1,Medium Calorie
dish_1565210037,"green beans, vinegar, pepper, brussels sprouts, white rice, pineapple, kale, garlic, cilantro, salt, lemon juice, olive oil, onions, chicken thighs",345.999996,291.816221874,8.348126174999999,42.821316751,14.077193252,14,14,train,2,High Calorie
dish_1559240382,"salt, pepper, carrot, olive oil",41.999998,20.646505159999997,0.496909364,4.142887054,0.37316079599999996,4,4,train,0,Low Calorie
dish_1568060722,"avocado, mixed greens, onions, chicken",359.0,460.58,17.008,12.233,64.398,4,4,train,2,High Calorie
dish_1562603569,"bacon, olive oil, sweet potato",62.000001,121.67951532,7.050732,8.62526842,5.64829269,3,3,train,1,Medium Calorie
dish_1550859578,"bacon, sausage, potatoes",145.0,327.178,21.368000000000002,15.198,17.483999999999998,3,3,train,2,High Calorie
dish_1565726949,"roasted potatoes, mustard, onions, shallots, vinegar, arugula, beef, celery root, bok choy, millet, spinach (cooked), salt, broccoli, cranberries, olive oil, squash",371.999998,451.546982262,27.147780446,22.201359822,29.088444934,16,16,train,2,High Calorie
dish_1550778922,nuts,30.0,182.1,16.2,6.3,6.0,1,1,train,1,Medium Calorie
dish_1561741139,bacon,20.0,108.2,8.4,0.28,7.4,1,1,train,1,Medium Calorie
dish_1563218987,"pepperoni pizza, pork, arugula, white rice, salt, garlic, olive oil, parsley, zucchini, onions, rosemary",171.999999,383.55966918,19.7820587,17.969844185,31.665080262,11,11,train,2,High Calorie
dish_1550874729,"potatoes, fish, tomatoes",127.0,85.92,5.656000000000001,10.540000000000001,8.744,3,3,train,0,Low Calorie
dish_1563824130,"couscous, pepper, squash, olive oil, zucchini, salt, broccoli, turnips",202.000004,111.319596891,1.123033425,21.762623836,3.9909742009999998,8,8,train,1,Medium Calorie
dish_1558640145,"carrot, apple, corn on the cob",287.0,177.953,2.18,42.099999999999994,3.493,3,3,train,1,Medium Calorie
dish_1550790042,"white rice, fish, beef",241.0,393.7,22.716,22.96,38.31,3,3,train,2,High Calorie
dish_1551134622,noodles,41.0,56.58,0.861,10.25,1.845,1,1,train,0,Low Calorie
dish_1558115047,"mixed greens, almonds, deprecated",212.0,203.7,10.382,7.566,25.578,3,3,train,1,Medium Calorie
dish_1550860188,oatmeal,128.0,87.04,1.792,15.36,3.072,1,1,train,0,Low Calorie
dish_1566402123,"egg whites, watermelon, yam, sweet potato, olive oil",656.999994,445.11612341,8.5906789,38.4916213,46.6866037,5,5,test,2,High Calorie
dish_1558630488,cantaloupe,88.0,29.92,0.176,7.04,0.704,1,1,train,0,Low Calorie
dish_1559678367,"salt, garlic, tomatoes, mustard, cucumbers, olive oil, mustard greens, broccoli, spinach (raw), vinegar",215.00000200000002,192.444122026,16.446765198,9.819607841,4.759019633,10,10,train,1,Medium Calorie
dish_1551232686,ham,49.0,71.05,2.94,0.735,10.29,1,1,train,0,Low Calorie
dish_1551391122,"tofu, kiwi, oatmeal",282.0,191.34,7.175,24.551000000000002,12.248999999999999,3,3,train,1,Medium Calorie
dish_1560453328,"kimchi, brown rice, squash, wheat berry, rosemary, parsley, chicken, garlic, salmon, pepper, arugula, spinach (raw), thyme, olive oil, basil, lemon juice, zucchini, salt",264.000002,340.10837965700006,14.154275205,10.659495136,39.618752414999996,18,18,train,2,High Calorie
dish_1566329049,"bell peppers, cauliflower, beef, jalapenos, spinach (raw), brussels sprouts, onions, olive oil, pepper, garlic, salt, shallots, spinach (cooked), chicken, bok choy, millet, vinegar, cheese pizza, tomatoes, fried rice",575.000003,814.93086836,28.273496497,79.158341071,60.861874815,20,20,train,2,High Calorie
dish_1562945186,"broccoli, greek yogurt, chia seeds, milk, olive oil",219.0,191.53079567,8.581272647999999,17.336327892,13.361717268,5,5,test,1,Medium Calorie
dish_1564170283,"onions, cheese, chicken thighs, olive oil, cilantro, tomatoes, tortilla, chili, salt, garlic",301.0,646.588111068,32.647553448000004,31.982323096000002,55.61563352499999,10,10,train,2,High Calorie
dish_1563217774,"cilantro, cherry tomatoes, mangos, arugula, jalapenos, salt, onions, olive oil, mustard greens, cucumbers, lime, broccoli, tomatoes, lemon juice",265.000007,96.138447112,3.161574158,15.472298556,5.17855808,14,14,train,1,Medium Calorie
dish_1551134208,"pineapple, scrambled eggs, cantaloupe",238.0,194.33999999999997,9.783000000000001,17.922,9.641,3,3,train,1,Medium Calorie
dish_1565728494,"bok choy, salt, parsley, spinach (raw), vinegar, olive oil, onions, roasted potatoes, millet, chicken, beef, wheat berry, thyme, lemon juice, garlic, shallots, cheese pizza, spinach (cooked)",162.999999,326.329644852,12.881792722,22.054082835,28.69175667,18,18,train,2,High Calorie
dish_1558380152,deprecated,143.0,74.36,0.286,0.429,20.02,1,1,test,0,Low Calorie
dish_1560799277,"pizza, broccoli",73.0,111.02,3.733,14.73,4.934,2,2,train,1,Medium Calorie
dish_1558639440,apple,116.0,60.32,0.232,16.24,0.348,1,1,test,0,Low Calorie
dish_1564082212,"sugar, pepper, garlic, soy sauce, lemon juice, chard, brown rice, pork, white rice, chicken, bok choy, chive, carrot, olive oil, basil, rosemary, parsley, salt",425.000022,707.941195584,23.036887238000002,18.467739578,100.636759758,18,18,train,2,High Calorie
dish_1551566642,carrot,14.0,5.74,0.028,1.4,0.126,1,1,train,0,Low Calorie
dish_1563206601,"sweet potato, olive oil, turkey bacon, egg whites, yam",336.999997,293.79767935,9.19420794,17.494772779999998,30.980962220000002,5,5,train,2,High Calorie
dish_1562614088,broccoli,67.0,23.45,0.268,4.69,1.608,1,1,train,0,Low Calorie
dish_1563222850,"parsley, thyme, pork, parmesan cheese, spinach (raw), cherry tomatoes, garlic, onions, salt, rosemary, zucchini, broccoli, olive oil, arugula, pepperoni pizza, wheat berry, brown rice, chicken breast, white rice",231.999998,348.378086316,12.053418968,27.308292668,32.434044329,19,19,train,2,High Calorie
dish_1565711115,"bacon, egg whites",308.0,321.53,14.41,2.387,39.71,2,2,train,2,High Calorie
dish_1550795497,"bell peppers, potatoes, apple",395.0,218.10999999999999,0.719,55.33,3.106,3,3,train,1,Medium Calorie
dish_1563304925,"chili, white rice, soy sauce, orange juice, onions, parsley, olive oil, thyme, green onions, beef, wheat berry, chicken, spinach (raw), lemon juice, kale, vinegar, broccoli, garlic, salt, shallots",507.99998800000003,874.4610085529999,29.339448795,11.25585014,133.227579244,20,20,train,2,High Calorie
dish_1551318183,potato chips,17.0,91.12,5.95,9.01,1.19,1,1,train,1,Medium Calorie
dish_1564775216,"garlic, salmon, pickles, pepper, arugula, mayonnaise, lentils, olive oil, onions, lemon juice, chive, salt, broccoli, spinach (cooked), bok choy, cherry tomatoes, beef, kale, parsley, vinegar, millet, shallots",340.00000900000003,530.596989231,33.648348605,15.705273724000001,40.410911156,22,22,test,2,High Calorie
dish_1559238608,"berries, orange, pears",438.0,237.364,0.656,61.204,2.714,3,3,train,1,Medium Calorie
dish_1568319838,"onions, pizza, mustard, bell peppers, lemon juice, cilantro, salt, salmon, vinegar, spinach (raw), jalapenos, cucumbers, olive oil, ginger, lime, garlic, shallots, chili, radishes, brown rice",311.999999,607.5061979249999,30.928278877,39.995753728,39.863437041,20,20,train,2,High Calorie
dish_1558630176,apple,142.0,73.84,0.284,19.88,0.426,1,1,test,0,Low Calorie
dish_1563220087,"broccoli, pepperoni pizza",98.0,162.73999999999998,6.424,19.86,7.344,2,2,test,1,Medium Calorie
dish_1565209963,"vinegar, lemon juice, chicken thighs, white rice, pineapple, kale, pepper, salt, cilantro, garlic, olive oil, onions, brussels sprouts",252.999997,244.45597256399998,7.331051176,33.016066941,13.147843244,13,13,test,1,Medium Calorie
dish_1565194781,"sweet potato, salt, pepper, olive oil, carrot, egg whites",568.0,351.4055017,4.661720604,31.547617708,39.603122184,6,6,train,2,High Calorie
dish_1568404850,fried rice,100.0,157.7,2.2,29.9,4.7,1,1,train,1,Medium Calorie
dish_1565024675,turkey bacon,34.0,129.098,9.554,1.054,9.894,1,1,train,1,Medium Calorie
dish_1568144774,"carrot, salt, pepper, olive oil",62.0,30.47817796,0.7335331620000001,6.1156906929999995,0.55085644,4,4,test,0,Low Calorie
dish_1562614921,"radishes, olive oil, chicken thighs, vinegar, salt, brown rice, arugula, basil, thyme, parsley, garlic, lemon juice, broccoli",286.999999,285.56544921,11.645432555000001,13.541164859999999,32.079256949,13,13,train,2,High Calorie
dish_1564686791,"lettuce, lime, pepper, mixed greens, onions, cucumbers, olive oil, chicken breast, vinegar, salt, olives, cherry tomatoes, cheese pizza",343.000002,601.34860169,25.620470472,40.114347022,51.141510212,13,13,test,2,High Calorie
dish_1559593746,"kale, blueberries, vinegar, chard, walnuts, pepper, quinoa, pumpkin seeds, salt, squash, olive oil, arugula, mustard",186.00000300000002,156.962937361,12.440332651,9.556886409,3.49916784,13,13,train,1,Medium Calorie
dish_1565382886,"tofu, pepper, carrot, roasted potatoes, soy sauce, salt, caesar salad, rice noodles, cabbage, olive oil, vinegar, radishes, pepperoni pizza, garlic, mixed greens, green onions",347.999998,470.08625183,20.305454961,54.863914883,20.029079049,16,16,test,2,High Calorie
dish_1551567084,lemon,56.0,16.24,0.168,5.04,0.616,1,1,train,0,Low Calorie
dish_1563391333,"squash, olive oil, salt",80.999996,23.44306092,1.038718056,2.716645968,0.719112168,3,3,train,0,Low Calorie
dish_1562775241,"oatmeal, berries",220.0,140.36,2.1559999999999997,28.08,3.852,2,2,train,1,Medium Calorie
dish_1558375732,grapes,66.0,45.54,0.132,11.88,0.462,1,1,train,0,Low Calorie
dish_1558459664,"white rice, almonds, spinach (raw), cherry tomatoes, grapes",273.0,383.056,18.391,48.412000000000006,11.629,5,5,train,2,High Calorie
dish_1550772849,"berries, sausage, potato chips",216.0,507.48199999999997,34.781,27.654,21.680999999999997,3,3,train,2,High Calorie
dish_1568666263,"lettuce, broccoli, artichokes",348.0,93.4,0.852,19.77,7.172000000000001,3,3,train,1,Medium Calorie
dish_1562691466,"olive oil, broccoli, yam, chicken apple sausage, scrambled eggs",266.999998,319.87097843000004,15.903902844,27.777902269999995,17.012195064,5,5,train,2,High Calorie
dish_1566333228,"jalapenos, vinegar, beef, bok choy, millet, bell peppers, shallots, caesar salad, spinach (raw), pepper, chicken, garlic, spinach (cooked), tomatoes, salt, cheese pizza, onions, olive oil",303.999997,498.54527261,20.378202432000002,39.679129048,37.857743108,18,18,test,2,High Calorie
dish_1567007848,"watermelon, raspberries, berries, cantaloupe, pineapple",243.0,100.3,0.5800000000000001,24.836,1.655,5,5,train,1,Medium Calorie
dish_1567107989,"chickpeas, garlic, salt, lemon juice, parsley, pears, olive oil, arugula, pepper",111.000001,140.13930985,9.906541695,10.884120013,3.713353324,9,9,train,1,Medium Calorie
dish_1559590202,"couscous, caesar salad, chicken, asparagus",311.0,316.726,5.982999999999999,22.757,41.437999999999995,4,4,train,2,High Calorie
dish_1566332085,"spinach (raw), cucumbers",163.0,24.75,0.26,4.3,2.865,2,2,test,0,Low Calorie
dish_1551399340,corn,50.0,48.0,0.75,10.5,1.7,1,1,test,0,Low Calorie
dish_1561996084,bacon,38.0,205.58,15.96,0.532,14.06,1,1,train,1,Medium Calorie
dish_1563378344,biscuits,119.0,419.475,19.278,53.193,8.33,1,1,train,2,High Calorie
dish_1561996612,"roasted potatoes, honeydew melons, turkey bacon, cantaloupe",220.0,336.94599999999997,19.657,24.637999999999998,16.354,4,4,train,2,High Calorie
dish_1551228355,noodles,28.0,38.64,0.588,7.0,1.26,1,1,test,0,Low Calorie
dish_1562774980,oatmeal,201.0,136.68,2.814,24.12,4.824,1,1,train,1,Medium Calorie
dish_1565638365,"white rice, vinegar, pork, olive oil, mustard, zucchini, parsley, lettuce, carrot, pumpkin seeds, garlic, arugula, brown rice, onions, rosemary, salt, mixed greens",388.999995,612.3500545730001,33.065621302000004,36.632476292,41.299092818000005,17,17,train,2,High Calorie
dish_1550793245,"apple, cantaloupe, white rice",223.0,157.12,0.517,36.42,2.768,3,3,train,1,Medium Calorie
dish_1568141915,"cheese pizza, salt, carrot, olive oil, pepper",162.999998,318.54392236,10.967052151999999,42.077929008,12.7908934,5,5,train,2,High Calorie
dish_1563823359,"white rice, vinegar, green beans, spinach (raw), ginger, soy sauce, green onions, salt, garlic, cauliflower, chicken, steak, wheat berry, olive oil, lime, broccoli",332.999994,641.70037531,33.413416418000004,11.550248929,72.452294952,16,16,train,2,High Calorie
dish_1551399402,potato chips,22.0,117.92,7.7,11.66,1.54,1,1,train,1,Medium Calorie
dish_1558638896,cherry tomatoes,126.0,22.68,0.252,4.914,1.134,1,1,train,0,Low Calorie
dish_1551567964,"olives, broccoli, cauliflower",170.0,104.30000000000001,7.1129999999999995,10.338999999999999,2.7359999999999998,3,3,train,1,Medium Calorie
dish_1551565168,cauliflower,102.0,25.5,0.306,5.1,1.836,1,1,train,0,Low Calorie
dish_1566589933,tofu,122.0,89.06,5.856,2.318,9.76,1,1,train,1,Medium Calorie
dish_1551563591,white rice,27.0,35.1,0.081,7.56,0.729,1,1,train,0,Low Calorie
dish_1563565289,corn on the cob,88.0,93.368,2.112,19.36,2.728,1,1,test,1,Medium Calorie
dish_1562617370,pepperoni pizza,55.0,155.1,6.6,17.6,6.6,1,1,train,1,Medium Calorie
dish_1560541793,"carrot, chicken, chard, vinegar, blueberries, mustard, olive oil, broccoli, pepper, white rice, cauliflower, green beans, arugula, spinach (raw), ginger, soy sauce, garlic, walnuts, green onions, salt",462.000008,509.826270808,17.805130574,22.270538129,64.406367824,20,20,train,2,High Calorie
dish_1565724509,"chayote squash, zucchini",158.0,30.810000000000002,0.7110000000000001,6.162,1.343,2,2,train,0,Low Calorie
dish_1562788760,"green onions, vinegar, pork, brown rice, lemon juice, olive oil, garlic, fish, pepper, cherry tomatoes, basil, country rice, parsley, onions, broccoli, shallots, salt",177.999999,331.324480774,23.029419127,6.902500045,33.7416963,17,17,train,2,High Calorie
dish_1563986062,scrambled eggs,128.0,189.44,14.08,2.048,12.8,1,1,test,1,Medium Calorie
dish_1550873572,avocado,29.0,46.4,4.35,2.61,0.58,1,1,train,0,Low Calorie
dish_1566501447,"onions, cherry tomatoes, olives, tuna, carrot, lemon juice",349.0,286.76,4.0,13.325,48.04,6,6,train,2,High Calorie
dish_1551226948,bell peppers,47.0,18.8,0.094,4.23,0.94,1,1,train,0,Low Calorie
dish_1558637214,grapes,16.0,11.04,0.032,2.88,0.112,1,1,test,0,Low Calorie
dish_1561494032,"salt, walnuts, mustard, olive oil, arugula, chard, blueberries, vinegar, squash, cauliflower, pepper",306.999997,185.437862139,14.117636198,12.507150263,5.158412392,11,11,train,1,Medium Calorie
dish_1551320684,bean(seed),54.0,75.6,0.324,12.96,4.86,1,1,train,0,Low Calorie
dish_1551389749,white rice,44.0,57.2,0.132,12.32,1.188,1,1,test,0,Low Calorie
dish_1550775219,banana,55.0,48.95,0.165,12.65,0.605,1,1,test,0,Low Calorie
dish_1558724607,honeydew melons,152.0,54.72,0.152,13.68,0.76,1,1,train,0,Low Calorie
dish_1561492628,caesar salad,31.0,13.64,0.651,1.333,0.992,1,1,train,0,Low Calorie
dish_1558719066,apple,142.0,73.84,0.284,19.88,0.426,1,1,train,0,Low Calorie
dish_1550777511,"potato chips, cantaloupe, nuts",121.0,291.94,21.57,21.419999999999998,7.459999999999999,3,3,train,2,High Calorie
dish_1565727875,"olives, mixed greens, broccoli, parmesan cheese, black beans, chicken",365.0,485.67400000000004,22.055,27.248,46.56,6,6,train,2,High Calorie
dish_1561662532,"tofu, onions, cucumbers, salt, lettuce, lime, mixed greens, cherry tomatoes, pepper, green beans, corn on the cob, vinegar, olive oil",191.000001,166.45549104,7.089836837,23.749183771,7.350387759,13,13,train,1,Medium Calorie
dish_1550710612,nuts,43.0,261.01,23.22,9.03,8.6,1,1,train,2,High Calorie
dish_1551375189,brussels sprouts,48.0,20.64,0.144,4.32,1.632,1,1,train,0,Low Calorie
dish_1551564381,olives,56.0,64.4,5.992,3.528,0.448,1,1,train,0,Low Calorie
dish_1562945393,"chia seeds, broccoli, greek yogurt, egg whites, sweet potato, olive oil, milk",401.000006,319.38836495,10.646931647999999,31.424670352,24.703180738,7,7,train,2,High Calorie
dish_1560443474,"pineapple, berries",317.0,172.78,0.725,43.25,1.9929999999999999,2,2,test,1,Medium Calorie
dish_1562873838,"pepper, spinach (raw), lemon juice, cucumbers, olive oil, rosemary, lime, cherry tomatoes, salt, parsley, squash, wheat berry, chicken, zucchini, green beans, vinegar, basil, onions, thyme, mixed greens, garlic, lettuce",342.000004,427.435629001,18.06223804,11.143189359,53.958913274000004,22,22,train,2,High Calorie
dish_1551378898,lemon,109.0,31.61,0.327,9.81,1.199,1,1,train,0,Low Calorie
dish_1562700957,"fish, chive, corn, squash, arugula, garlic, onions, parsley, olive oil, snow peas, mixed greens, artichokes, pepper, cauliflower, apple, millet, lentils, vinegar, lemon juice, salt",424.0,286.933780176,23.180537321,21.410158119,20.523825599,20,20,train,2,High Calorie
dish_1551122567,potatoes,59.0,45.43,0.059,10.03,1.18,1,1,train,0,Low Calorie
dish_1562959799,"green onions, white rice, pork, vinegar, spinach (raw), cabbage, chard, mixed greens, parsnips, salt, cherry tomatoes, pepper, radishes, bok choy, mustard, cucumbers, olive oil, rice noodles, figs, carrot, soy sauce, garlic, sugar",362.999999,498.765598481,21.28800991,46.103294588,30.849313193,23,23,train,2,High Calorie
dish_1551563119,berries,57.0,32.49,0.171,7.98,0.399,1,1,train,0,Low Calorie
dish_1562699652,"garlic, salt, cucumbers, olive oil, onions, mustard, spinach (raw), brown rice, sun dried tomatoes, quinoa, vinegar",102.999998,132.178088402,5.578753429,17.394974118,3.568956686,11,11,train,1,Medium Calorie
dish_1558723960,cauliflower,52.0,13.0,0.156,2.6,0.936,1,1,train,0,Low Calorie
dish_1551125258,brussels sprouts,60.0,25.8,0.18,5.4,2.04,1,1,train,0,Low Calorie
dish_1551226308,tortilla,21.0,45.78,0.609,9.45,1.26,1,1,train,0,Low Calorie
dish_1562959024,"tomatillo, pepper, quinoa, arugula, garlic, cilantro, jalapenos, onions, olive oil, lemon juice, salt, pizza, fish",182.99999400000002,319.23358604599997,19.740430017999998,30.234993274,22.257005828,13,13,train,2,High Calorie
dish_1563897492,"cantaloupe, broccoli, salsa, egg whites, olive oil, sweet potato",661.999999,339.6736562,3.469512,34.75948766,38.647804869999995,6,6,train,2,High Calorie
dish_1551304973,mushroom,27.0,5.94,0.081,0.891,0.837,1,1,train,0,Low Calorie
dish_1562096973,"olive oil, lettuce, arugula, green beans, cucumbers, artichokes, mixed greens, garlic, chive, onions, white beans, vinegar, pepper, fish, cherry tomatoes, bell peppers, lime, snow peas, parsley, salt",349.999997,348.999675543,34.642699956,17.928935829,39.411209279999994,20,20,train,2,High Calorie
dish_1561577848,"salt, white wine, cream, oregano, arugula, lemon juice, olive oil, pepper, chicken, mushroom, wheat berry, butter, rosemary, thyme, shallots, garlic, basil",254.00000699999998,413.34786184600006,13.841577777,6.0379074070000005,63.122896133,17,17,train,2,High Calorie
dish_1551395194,shrimp,42.0,41.58,0.126,0.084,10.08,1,1,test,0,Low Calorie
dish_1566244964,"olive oil, wheat berry, steak, cauliflower, couscous, asparagus, salt, garlic, broccoli, lime, zucchini, squash",482.999996,439.41052656,18.83004669,37.084585546,32.940949503,12,12,train,2,High Calorie
dish_1563476577,"beef, broccoli, shallots, thyme, onions, ginger, spinach (raw), brown rice, lime, salt, cilantro, olive oil, cranberries, sour cream, zucchini, jalapenos, mushroom, wine, apple, pasta, cheese pizza, garlic, cream, salmon, mustard, lemon juice, brownies, squash, vinegar, chili",857.000005,1238.033681482,62.574150411,79.601251402,87.671624361,30,30,train,2,High Calorie
dish_1565021141,"waffles, egg whites, sausage, tofu",248.0,467.055,27.876,27.732999999999997,26.59,4,4,train,2,High Calorie
dish_1565382856,"salt, radishes, pepperoni pizza, tofu, rice noodles, cabbage, olive oil, carrot, green onions, vinegar, soy sauce, garlic, roasted potatoes, mixed greens, pepper",293.999998,446.32625182999993,19.171454961000002,52.541914883000004,18.301079049,15,15,train,2,High Calorie
dish_1558636483,apple,154.0,80.08,0.308,21.56,0.462,1,1,train,0,Low Calorie
dish_1551564352,orange,66.0,31.02,0.066,7.92,0.594,1,1,test,0,Low Calorie
dish_1559841127,"scrambled eggs, yam, chicken apple sausage, sweet potato, blackberries",285.0,339.5435,18.022,24.039,19.953000000000003,5,5,train,2,High Calorie
dish_1566838286,pineapple,145.0,72.5,0.145,18.85,0.725,1,1,train,0,Low Calorie
dish_1550788191,fish,71.0,63.9,9.23,0.0,13.064,1,1,train,0,Low Calorie
dish_1561996813,"grapes, egg whites, chicken apple sausage",159.0,150.47,5.806,9.84,14.141,3,3,train,1,Medium Calorie
dish_1550771796,tomatoes,42.0,14.28,0.294,2.856,0.294,1,1,train,0,Low Calorie
dish_1551564053,"ham, olives, oatmeal",149.0,153.57,8.064,11.067,10.498,3,3,train,1,Medium Calorie
dish_1565369938,bacon,31.0,167.71,13.02,0.434,11.47,1,1,train,1,Medium Calorie
dish_1562775549,"egg whites, brussels sprouts, sweet potato, olive oil, pepper, salt, cottage cheese",252.000002,174.97711911,3.399756037,18.531387693,16.88664215,7,7,train,1,Medium Calorie
dish_1559149719,"bacon, carrot, eggs",268.0,432.125,28.793,8.894,31.711,3,3,train,2,High Calorie
dish_1561062237,"beef, wine, mushroom, onions, spinach (raw), jalapenos, ginger, thyme, shallots, cilantro, chili, pasta, salmon, cream, brown rice, sour cream, lemon juice, olive oil, lime, garlic, salt",110.0,182.259392194,8.210911638,8.149249047,17.37619806,21,21,train,1,Medium Calorie
dish_1561665065,"millet, green beans, vinegar, brown rice, rosemary, salt, basil, mixed greens, carrot, apple, chicken, chard, olive oil, lemon juice, parsley, onions, chive, garlic",302.999998,387.798118978,15.231730135999998,14.161218541,47.426924559,18,18,test,2,High Calorie
dish_1562183201,"green beans, pepper, arugula, vinegar, almonds, mustard, pizza, walnuts, salt, carrot, roasted potatoes, spinach (raw), chard, mushroom, blueberries, olive oil, parsley",425.000001,558.942403532,25.514024596000002,66.247036825,18.725251475,17,17,train,2,High Calorie
dish_1558630207,almonds,116.0,670.596,57.42,26.332,25.984,1,1,train,2,High Calorie
dish_1550769827,cantaloupe,105.0,35.7,0.21,8.4,0.84,1,1,train,0,Low Calorie
dish_1561576652,"salt, cauliflower, olive oil, squash, eggplant",322.000006,91.424409533,2.7207205090000004,15.119776165,4.161612011,5,5,train,1,Medium Calorie
dish_1566414642,"roasted potatoes, chicken",145.0,219.81,7.811999999999999,14.58,21.541,2,2,train,1,Medium Calorie
dish_1551390872,"cauliflower, orange, tortilla",206.0,124.28999999999999,1.1320000000000001,27.68,3.996,3,3,train,1,Medium Calorie
dish_1562788845,"green onions, cherry tomatoes, white rice, corn on the cob, onions, parsley, basil, lemon juice, shallots, pepper, fish, salt, broccoli, pork, brown rice, country rice, vinegar, olive oil, garlic, caesar salad",371.999999,529.483480774,25.366419127,46.558500045,39.3956963,20,20,train,2,High Calorie
dish_1559667948,"cream cheese, bagels",57.00000300000001,153.9000085,4.56000037,22.971001035,5.312400264,2,2,train,1,Medium Calorie
dish_1558547124,almonds,25.0,144.525,12.375,5.675,5.6,1,1,train,1,Medium Calorie
dish_1562602888,"strawberries, watermelon, egg whites, greek yogurt, chia seeds, milk",342.999997,209.38228657,5.792155264,21.42925122,18.70621308,6,6,test,1,Medium Calorie
dish_1561567086,"watermelon, yam",181.0,142.754,0.362,34.248,2.026,2,2,train,1,Medium Calorie
dish_1560874667,"berries, bacon",83.0,100.55,4.836,10.234,4.574,2,2,test,1,Medium Calorie
dish_1567110783,"shallots, spinach (cooked), bok choy, onions, pizza, olive oil, vinegar, salt, millet, beef",210.000001,465.30789043,24.372975954999998,18.846013323999998,38.940535044,10,10,train,2,High Calorie
dish_1561576767,"pepper, olive oil, shallots, garlic, thyme, basil, rosemary, caesar salad, squash, wheat berry, arugula, eggplant, cauliflower, chicken, walnuts, blueberries, salt, white wine, butter, lemon juice, vinegar, mushroom, oregano, cream, pineapple, mustard, chard",621.000012,408.47259469600004,14.014635425,34.219458693,39.556111207,27,27,train,2,High Calorie
dish_1564601528,"turnips, roasted potatoes",163.0,142.741,6.1930000000000005,19.923,2.401,2,2,train,1,Medium Calorie
dish_1563304958,"garlic, shallots, beef, white rice, orange juice, spinach (raw), chili, wheat berry, thyme, olive oil, green onions, kale, lemon juice, broccoli, soy sauce, tofu, chicken, vinegar, parsley, onions, salt",613.9999879999999,951.841008553,34.427448795000004,13.269850139999999,141.707579244,21,21,train,2,High Calorie
dish_1561577119,"tofu, cheese pizza",78.0,128.313,5.446,13.174,7.4239999999999995,2,2,train,1,Medium Calorie
dish_1565896039,"bok choy, vinegar, salt, onions, kale, olive oil, quinoa, shallots, spinach (cooked), chard, green beans, beef, millet",384.000004,352.52923667,14.546413543000002,36.577454033,20.687317457,13,13,train,2,High Calorie
dish_1567714813,"avocado, mixed greens, chicken",264.0,389.46,13.724,5.835999999999999,59.284,3,3,train,2,High Calorie
dish_1551490740,ham,45.0,65.25,2.7,0.675,9.45,1,1,train,0,Low Calorie
dish_1558725760,apple,161.0,83.72,0.322,22.54,0.483,1,1,train,0,Low Calorie
dish_1558113430,mixed greens,28.0,7.84,0.112,1.484,0.616,1,1,train,0,Low Calorie
dish_1551375933,white rice,55.0,71.5,0.165,15.4,1.485,1,1,train,0,Low Calorie
dish_1567526785,"egg whites, olive oil, sweet potato, yam",539.0,378.25,6.965999999999999,26.731,44.599999999999994,4,4,train,2,High Calorie
dish_1561407249,"mustard, olive oil, soy sauce, green onions, broccoli, salt, pears, white rice, vinegar, green beans, spinach (raw), onions, mixed greens, garlic, cherry tomatoes, chicken, ginger",56.0,73.87916931599999,3.4862908700000004,2.52810831,7.992980998,17,17,train,0,Low Calorie
dish_1563221562,"thyme, salt, garlic, broccoli, squash, olive oil, chicken breast, cherry tomatoes, spinach (raw), pepperoni pizza, parmesan cheese, wheat berry",259.999994,395.598594199,14.235932017000001,33.994464689,32.741838026,12,12,train,2,High Calorie
dish_1551123072,cantaloupe,56.0,19.04,0.112,4.48,0.448,1,1,train,0,Low Calorie
dish_1563305401,"white rice, garlic, soy sauce, kale, broccoli, carrot, pepper, quinoa, beef, spinach (raw), vinegar, rosemary, lemon juice, olive oil, orange juice, onions, salt, chili, green onions",331.999999,483.21527569999995,29.111305646,21.912695019,32.944001074,19,19,train,2,High Calorie
dish_1563911215,"salt, millet, chicken, pepper, green beans, jalapenos, spinach (raw), onions, olive oil, fried rice, bell peppers, tomatoes, garlic",170.000004,218.15819487000002,6.710483951,18.908086321,20.238708437999996,13,13,train,1,Medium Calorie
dish_1551382255,asparagus,36.0,7.344,0.036,1.404,0.792,1,1,test,0,Low Calorie
dish_1563481030,"mustard, cucumbers, salt, figs, cherry tomatoes, chard, spinach (raw), vinegar, olive oil",129.000003,155.81043789400002,11.399983211999999,12.434070346999999,2.3484259869999997,9,9,train,1,Medium Calorie
dish_1563303386,"wheat berry, parsley, pepper, spinach (raw), roasted potatoes, chicken, salt, garlic, shallots, carrot, olive oil, lemon juice, thyme",217.999997,274.131405958,9.224976486,17.535267392,29.455159207999998,13,13,train,2,High Calorie
dish_1551568285,"berries, lemon, oatmeal",270.0,128.26,1.6900000000000002,30.05,3.742,3,3,train,1,Medium Calorie
dish_1551376623,"broccoli, nuts, white rice",147.0,315.34000000000003,20.365,27.02,10.205,3,3,train,2,High Calorie
dish_1550792734,tomatoes,50.0,17.0,0.35,3.4,0.35,1,1,test,0,Low Calorie
dish_1566328929,"olive oil, vinegar, millet, beef, salt, bok choy, shallots, cheese pizza, spinach (cooked), onions",165.00000200000002,396.60742906,17.548870404,32.070577521000004,25.493956182999998,10,10,train,2,High Calorie
dish_1551399293,nuts,18.0,109.26,9.72,3.78,3.6,1,1,train,1,Medium Calorie
dish_1567525744,"cucumbers, olive oil, garlic, bell peppers, salt, bacon, radishes, scrambled eggs, hash browns, mustard, vinegar",297.999998,679.264755254,53.001380902,34.80101812,18.316218168000002,11,11,train,2,High Calorie
dish_1564590226,"olive oil, watermelon, berries, sweet potato, cantaloupe",376.000001,220.53585028,3.5542190000000002,46.89278076,2.95948782,5,5,test,1,Medium Calorie
dish_1550706096,bell peppers,45.0,18.0,0.09,4.05,0.9,1,1,train,0,Low Calorie
dish_1560799615,"spinach (raw), onions, squash, apple, salt, olive oil, pizza, cranberries, mustard, vinegar",282.999994,332.749816794,17.999836171,32.516445884,11.012908993,10,10,train,2,High Calorie
dish_1562168471,"berries, brussels sprouts, roasted potatoes, egg whites, olive oil, pepper, pineapple, salt",490.000003,312.66556253,5.737880891,50.066841573,17.219375242,8,8,train,2,High Calorie
dish_1559243139,"carrot, salt, pepper, olive oil",52.999998,26.05392236,0.627052152,5.227929007999999,0.4708934,4,4,train,0,Low Calorie
dish_1550712585,bell peppers,52.0,20.8,0.104,4.68,1.04,1,1,train,0,Low Calorie
dish_1562702091,"cherry tomatoes, cauliflower, squash, vinegar, parsley, cucumbers, olive oil, garlic, mixed greens, carrot, salt",214.000001,86.534738615,5.066992979999999,9.079793774,2.838268181,11,11,train,0,Low Calorie
dish_1559845513,"potatoes, pears, mandarin oranges, strawberries",379.0,222.152,0.5630000000000001,55.181999999999995,3.221,4,4,train,1,Medium Calorie
dish_1563304881,"garlic, chicken, spinach (raw), thyme, wheat berry, olive oil, lemon juice, parsley, salt, shallots",445.999985,739.4076473330001,21.64953768,8.843341794,120.443958727,10,10,train,2,High Calorie
dish_1558550181,grapes,42.0,28.98,0.084,7.56,0.294,1,1,train,0,Low Calorie
dish_1550859977,oatmeal,83.0,56.44,1.162,9.96,1.992,1,1,train,0,Low Calorie
dish_1565641844,cheese pizza,92.0,244.628,8.648,30.82,10.304,1,1,train,1,Medium Calorie
dish_1561746970,"garlic, salt, tatsoi, thyme, olive oil, kale, cucumbers, brown rice, arugula, lemon juice, parsley, wheat berry, pepper, salmon",363.000003,303.63607793799997,8.662104951,34.9981169,24.098282666,14,14,train,2,High Calorie
dish_1562700931,"apple, mixed greens, lemon juice, salt, onions, olive oil, squash, vinegar, parsley, cauliflower, millet",312.000001,164.234944096,10.135186208,16.253617579,4.613582662,11,11,train,1,Medium Calorie
dish_1560539340,"pepper, garlic, cilantro, olive oil, caesar salad, onions, lemon juice, arugula, jalapenos, salt, tomatillo, quinoa, fish",227.999997,196.538339754,19.818403927000002,9.33758636,22.851413122,13,13,train,1,Medium Calorie
dish_1565123783,cheese pizza,35.0,93.065,3.29,11.725,3.92,1,1,train,1,Medium Calorie
dish_1567789230,"radishes, bell peppers, olive oil, garlic, mustard, vinegar, cucumbers, sausage, scrambled eggs, salt",299.999998,689.4283909999999,56.708198999,9.137199966,34.373399993,10,10,test,2,High Calorie
dish_1551324079,shrimp,59.0,58.41,0.177,0.118,14.16,1,1,train,0,Low Calorie
dish_1565638478,"green beans, olive oil",90.999998,47.61574938,2.363724998,6.21074986,1.597049964,2,2,test,0,Low Calorie
dish_1558639662,cherry tomatoes,89.0,16.02,0.178,3.471,0.801,1,1,train,0,Low Calorie
dish_1558549806,"almonds, white rice, spinach (raw)",203.0,781.958,58.675,48.146,28.747,3,3,train,2,High Calorie
dish_1558724766,apple,161.0,83.72,0.322,22.54,0.483,1,1,train,0,Low Calorie
dish_1551225541,"apple, fish, bread",227.0,242.804,11.254,34.998,19.423000000000002,3,3,train,1,Medium Calorie
dish_1558640781,apple,154.0,80.08,0.308,21.56,0.462,1,1,train,0,Low Calorie
dish_1562700885,cauliflower,117.0,29.25,0.351,5.85,2.106,1,1,train,0,Low Calorie
dish_1558629013,strawberries,80.0,26.4,0.24,6.4,0.56,1,1,train,0,Low Calorie
dish_1556572657,olives,36.0,41.4,3.852,2.268,0.288,1,1,test,0,Low Calorie
dish_1561654374,"blackberries, mixed greens, raspberries, scrambled eggs, brussels sprouts, olive oil, pepper, salt, vinaigrette, granola",251.0,326.355482532,22.061355755999998,13.121208448,19.444275472,10,10,train,2,High Calorie
dish_1567024135,"salt, cheese pizza, spinach (cooked), shallots, garlic, lemon juice, wine, eggplant, chicken thighs, squash, mushroom, olive oil, quinoa, roasted potatoes",146.999999,317.785824404,12.219191987999999,35.093384649,15.985999978999999,14,14,train,2,High Calorie
dish_1561667238,"caesar salad, salt, sugar, garlic, soy sauce, bok choy, white rice, pork, pepper",165.000003,268.80483009,12.344783296,15.250227008,23.481404201,9,9,train,2,High Calorie
dish_1561576737,"salt, chard, squash, oregano, eggplant, arugula, basil, butter, olive oil, vinegar, white wine, blueberries, pepper, chicken, cauliflower, walnuts, cream, mushroom, wheat berry, caesar salad, rosemary, lemon juice, thyme, garlic, shallots, mustard",519.000012,357.472594696,13.912635425,20.959458693,39.046111207,26,26,train,2,High Calorie
dish_1566849233,"avocado, mixed greens",117.0,94.80000000000001,7.33,7.94,2.48,2,2,test,1,Medium Calorie
dish_1551235211,cheese,39.0,156.78,12.87,0.507,9.75,1,1,train,1,Medium Calorie
dish_1550712486,"cheese, chicken, mixed greens",144.0,257.12,11.606,1.8619999999999999,34.788,3,3,train,1,Medium Calorie
dish_1551122713,"oatmeal, potatoes, brussels sprouts",225.0,138.81,1.525,27.61,5.944,3,3,test,1,Medium Calorie
dish_1568649354,"broccoli, berries, olive oil",129.000002,72.87072868,1.6769264000000002,14.402927,1.7401464,3,3,train,0,Low Calorie
dish_1551304571,scrambled eggs,82.0,121.36,9.02,1.312,8.2,1,1,train,1,Medium Calorie
dish_1562010865,"pepper, mustard, garlic, pecans, chard, lemon juice, cabbage, mayonnaise, wheat berry, arugula, carrot, olive oil, vinegar, parsley, blueberries, jalapenos, pork, salt",216.0,376.24293186299997,26.149801459000003,7.233952343,28.117785419,18,18,train,2,High Calorie
dish_1558460205,spinach (raw),8.0,1.84,0.032,0.288,0.232,1,1,train,0,Low Calorie
dish_1563465805,roasted potatoes,23.0,32.43,1.564,4.14,0.483,1,1,train,0,Low Calorie
dish_1551314810,bacon,15.0,81.15,6.3,0.21,5.55,1,1,train,0,Low Calorie
dish_1560455399,"pepper, fish, chard, blueberries, almonds, olive oil, parsley, nopales, lime, salt, corn, arugula, jicama, vinegar, spinach (raw), mustard, chive, sour cream, garlic, carrot",149.000001,138.498910538,13.729533755,6.487749196,10.835823433,20,20,train,1,Medium Calorie
dish_1551314442,mushroom,23.0,5.06,0.069,0.759,0.713,1,1,train,0,Low Calorie
dish_1560203400,pepperoni pizza,104.0,293.28,12.48,33.28,12.48,1,1,train,2,High Calorie
dish_1564428475,"cauliflower, quinoa, pears, shallots, mixed greens, thyme, onions, mustard, arugula, vinegar, cherry tomatoes, salt, garlic, olive oil, parsley, lemon juice",370.000007,261.616235432,12.314557431999999,32.755314483,8.607536102000001,16,16,train,2,High Calorie
dish_1560888849,"lemon juice, wheat berry, parsley, chicken, salt, olive oil, roasted potatoes, garlic, thyme, shallots, spinach (raw)",106.999998,168.96412362200002,5.855534337999999,7.567452873000001,20.427921601,11,11,train,1,Medium Calorie
dish_1565987015,spinach (raw),64.0,14.72,0.256,2.304,1.856,1,1,test,0,Low Calorie
dish_1561060703,"chili, ginger, onions, sour cream, thyme, wine, cucumbers, jalapenos, brown rice, spinach (raw), mushroom, olive oil, brussels sprouts, cilantro, salt, lime, pasta, bok choy, pineapple, cream, lemon juice, garlic, figs, cherry tomatoes, salmon, mustard, tofu, chard, vinegar, cheese pizza, shallots, beef",445.0,538.466668613,23.648355407,44.773718707,37.730043844,32,32,train,2,High Calorie
dish_1558468547,squash,34.0,6.97,0.102,1.156,0.306,1,1,train,0,Low Calorie
dish_1550771330,scrambled eggs,69.0,102.12,7.59,1.104,6.9,1,1,train,1,Medium Calorie
dish_1551237778,tortilla,47.0,102.46,1.363,21.15,2.82,1,1,train,1,Medium Calorie
dish_1551221581,tortilla,34.0,74.12,0.986,15.3,2.04,1,1,train,0,Low Calorie
dish_1551397543,tofu,63.0,45.99,3.024,1.197,5.04,1,1,train,0,Low Calorie
dish_1562963153,"fish, salt, lemon juice, olive oil, cilantro, lettuce, radishes, tomatillo, pepper, cherry tomatoes, quinoa, arugula, jalapenos, onions, cucumbers, garlic, roasted potatoes",520.999992,386.477266026,33.622896673,28.585858579,35.674640222,17,17,train,2,High Calorie
dish_1565030391,"white rice, garlic, orange juice, onions, cucumbers, kale, green onions, lettuce, soy sauce, pepper, cherry tomatoes, beef, vinegar, olive oil, broccoli, lime, salt, chili, mixed greens",313.000007,609.3339218,37.047944735,12.058959918,52.597545794,19,19,train,2,High Calorie
dish_1567537185,"onions, vinegar, chili, green onions, beef, white rice, broccoli, soy sauce, garlic, salt, olive oil, orange juice, kale",185.00000100000003,402.98177353,22.945699852999997,7.198613658,38.144672611,13,13,train,2,High Calorie
dish_1562945445,"sweet potato, broccoli, greek yogurt, egg whites, milk, chia seeds, grapes, olive oil",463.000006,362.16836495,10.770931648,42.584670352,25.137180738,8,8,test,2,High Calorie
dish_1563566725,"olive oil, olives, wild rice, wheat berry",205.999999,241.31300672,7.40533954,39.206854228,7.7184077360000005,4,4,train,1,Medium Calorie
dish_1558028007,potatoes,71.0,54.67,0.071,12.07,1.42,1,1,test,0,Low Calorie
dish_1567801468,caesar salad,196.0,86.24,4.116,8.428,6.272,1,1,train,0,Low Calorie
dish_1558636763,apple,117.0,60.84,0.234,16.38,0.351,1,1,train,0,Low Calorie
dish_1560368110,cherry tomatoes,89.0,16.02,0.178,3.471,0.801,1,1,train,0,Low Calorie
dish_1551304110,shrimp,40.0,39.6,0.12,0.08,9.6,1,1,train,0,Low Calorie
dish_1568405183,"salt, tomatoes, garlic, mustard, cucumbers, olive oil, mustard greens, spinach (raw), vinegar",64.00000399999999,72.402829423,6.906353509000001,2.2483661880000003,1.3649151320000001,9,9,train,0,Low Calorie
dish_1558635489,corn on the cob,74.0,78.514,1.776,16.28,2.294,1,1,test,0,Low Calorie
dish_1551134442,brussels sprouts,70.0,30.1,0.21,6.3,2.38,1,1,train,0,Low Calorie
dish_1565036788,cheese pizza,70.0,186.13,6.58,23.45,7.84,1,1,train,1,Medium Calorie
dish_1551321757,"bean(seed), kiwi, orange",225.0,161.85,0.663,34.74,6.4830000000000005,3,3,train,1,Medium Calorie
dish_1562963109,"garlic, lemon juice, onions, pepper, fish, quinoa, tomatillo, radishes, cilantro, salt, cucumbers, olive oil, arugula, jalapenos, cherry tomatoes, roasted potatoes",487.999992,381.527266026,33.556896673000004,27.628858579,35.212640222,16,16,train,2,High Calorie
dish_1551224787,"brussels sprouts, cucumbers, apple",331.0,151.14999999999998,0.615,39.45,2.434,3,3,train,1,Medium Calorie
dish_1558031526,yam,62.0,76.942,0.124,18.228,0.992,1,1,train,0,Low Calorie
dish_1562700718,"bok choy, spinach (cooked), salt, onions, olive oil, vinegar, mushroom, beef, shallots, millet",255.00000300000002,329.38002643,17.849949439,7.933404275999999,33.031890956,10,10,test,2,High Calorie
dish_1560799590,"spinach (raw), vinegar, apple, salt, olive oil, mustard, onions, pizza, cranberries",162.999999,298.019368599,16.460996046,28.491785134,9.947557618000001,9,9,train,2,High Calorie
dish_1559842274,almonds,53.0,306.393,26.235,12.031,11.872,1,1,train,2,High Calorie
dish_1561580406,"wheat berry, lemon juice, onions, white wine, salt, pepper, cheese, caesar salad, pesto, cherry tomatoes, shallots, spinach (raw), cream, butter, thyme, olive oil, rosemary, basil, garlic, chicken, mushroom, pasta, arugula, oregano",170.999999,203.28151139300002,7.524766831,17.318661965,17.090220309000003,24,24,train,1,Medium Calorie
dish_1551223023,"tortilla, carrot, broccoli",102.0,124.5,1.5759999999999998,25.860000000000003,3.936,3,3,train,1,Medium Calorie
dish_1561996369,scrambled eggs,271.0,401.08,29.81,4.336,27.1,1,1,train,2,High Calorie
dish_1562958445,olives,21.0,24.15,2.247,1.323,0.168,1,1,train,0,Low Calorie
dish_1560367926,"onions, fish, garlic, salt, green onions, olive oil, pizza, country rice",194.0,408.5231484492,20.965912123,44.984911927999995,24.1559022128,8,8,test,2,High Calorie
dish_1551139325,"pineapple, mixed greens, ham",107.0,77.75,1.863,9.42,6.734999999999999,3,3,test,0,Low Calorie
dish_1550710793,"nuts, cucumbers, bread",145.0,350.384,24.522,23.563,13.495,3,3,test,2,High Calorie
dish_1550790442,mixed greens,22.0,6.16,0.088,1.166,0.484,1,1,train,0,Low Calorie
dish_1551381285,"tortilla, cauliflower, lemon",174.0,108.10000000000001,1.354,24.34,3.979,3,3,test,1,Medium Calorie
dish_1550792493,beef,35.0,87.5,5.25,0.0,9.1,1,1,test,1,Medium Calorie
dish_1550778469,"bell peppers, cucumbers, bacon",117.0,103.65,6.382,5.12,6.9799999999999995,3,3,train,1,Medium Calorie
dish_1562011765,"jalapenos, mayonnaise, olive oil, garlic, carrot, brussels sprouts, salt, pepper, wheat berry, pork, cabbage, lemon juice, parsley",282.99999099999997,423.92297125500005,23.582834621000003,14.153584082,39.041423570000006,13,13,test,2,High Calorie
dish_1557861605,fish,39.0,35.1,5.07,0.0,7.176,1,1,train,0,Low Calorie
dish_1551380856,tortilla,59.0,128.62,1.711,26.55,3.54,1,1,train,1,Medium Calorie
dish_1562862529,"scrambled eggs, strawberries",204.0,221.42,14.950000000000001,7.744,13.89,2,2,train,1,Medium Calorie
dish_1560961059,"cream cheese, bagels, sweet potato",171.999999,268.4599975,5.679999985,46.79299951,7.627199899,3,3,train,2,High Calorie
dish_1550706448,cucumbers,85.0,8.5,0.0,1.7,0.85,1,1,train,0,Low Calorie
dish_1562775275,"cantaloupe, oatmeal, berries",318.0,173.68,2.352,35.92,4.635999999999999,3,3,test,1,Medium Calorie
dish_1566414342,"garlic, pepper, mushroom, oregano, cream, wheat berry, butter, basil, salt, shallots, white wine, chicken, quinoa, arugula, thyme, olive oil, rosemary, lemon juice, roasted potatoes",552.000003,846.367098022,31.578683571,53.343304367,83.57794632,19,19,test,2,High Calorie
dish_1566333118,cheese pizza,90.0,239.31,8.46,30.15,10.08,1,1,train,1,Medium Calorie
dish_1561654392,"olive oil, bacon, raspberries, salt, mixed greens, granola, blackberries, vinaigrette, pepper, scrambled eggs, brussels sprouts",282.0,494.06548253200003,35.081355756,13.555208448,30.914275472,11,11,test,2,High Calorie
dish_1565799617,"olive oil, egg whites, watermelon, berries, sweet potato",520.000004,294.22171016,2.849439,29.3795617,33.36797565,5,5,train,2,High Calorie
dish_1558718649,cantaloupe,76.0,25.84,0.152,6.08,0.608,1,1,train,0,Low Calorie
dish_1551141779,"fish, noodles, bell peppers",148.0,134.78,8.978,15.19,14.114,3,3,train,1,Medium Calorie
dish_1560543465,caesar salad,77.0,33.88,1.617,3.311,2.464,1,1,train,0,Low Calorie
dish_1566851155,"spinach (raw), onions, parsley, olive oil, thyme, salt, quinoa, lemon juice, mustard, arugula, cucumbers, vinegar, garlic, shallots, sun dried tomatoes",260.00001000000003,295.28439253700003,11.076624919,40.562014233,9.83068431,15,15,train,2,High Calorie
dish_1561996579,"turkey bacon, cantaloupe, honeydew melons",131.0,211.45600000000002,13.605,8.618,14.485,3,3,train,1,Medium Calorie
dish_1559245979,pears,203.0,116.116,0.203,30.856,0.812,1,1,train,1,Medium Calorie
dish_1562788506,corn on the cob,108.0,114.588,2.592,23.76,3.348,1,1,train,1,Medium Calorie
dish_1561392734,"watermelon, berries",198.0,84.24,0.488,20.936,1.28,2,2,train,0,Low Calorie
dish_1560356314,"spinach (raw), vinegar, olive oil, tomatoes, salt, garlic, mustard, cucumbers, mustard greens",27.000001,30.544938243,2.913617255,0.94852952,0.575823583,9,9,train,0,Low Calorie
dish_1562790170,"salt, walnuts, olive oil, chard, mustard, vinegar, arugula, blueberries, pepper",84.00000399999999,103.69373175300001,9.853383981,3.382092103,2.01587355,9,9,train,1,Medium Calorie
dish_1558721587,corn on the cob,90.0,95.49,2.16,19.8,2.79,1,1,test,1,Medium Calorie
dish_1551321715,kiwi,42.0,25.62,0.21,6.3,0.462,1,1,train,0,Low Calorie
dish_1550791942,"apple, broccoli, white rice",275.0,206.66,0.778,47.32,4.515000000000001,3,3,test,1,Medium Calorie
dish_1551388984,asparagus,21.0,4.284,0.021,0.819,0.462,1,1,test,0,Low Calorie
dish_1559849020,grapes,67.0,46.23,0.134,12.06,0.469,1,1,train,0,Low Calorie
dish_1562774531,"berries, sausage, roasted potatoes, watermelon",254.0,379.824,23.179000000000002,28.086,15.389999999999999,4,4,train,2,High Calorie
dish_1551323618,"oatmeal, bean(seed), shrimp",194.0,173.69,1.655,16.838,23.304000000000002,3,3,train,1,Medium Calorie
dish_1567007719,cantaloupe,42.0,14.28,0.084,3.36,0.336,1,1,train,0,Low Calorie
dish_1550777218,"berries, banana, cucumbers",212.0,115.45,0.477,28.81,1.887,3,3,train,1,Medium Calorie
dish_1558638292,"cantaloupe, apple, white rice, carrot",356.0,190.31,0.755,46.08,3.1790000000000003,4,4,test,1,Medium Calorie
dish_1563827110,"pineapple, caesar salad, cheese pizza",217.0,220.04500000000002,7.731999999999999,29.045,10.21,3,3,train,1,Medium Calorie
dish_1550772892,"berries, sausage, potato chips",216.0,507.48199999999997,34.781,27.654,21.680999999999997,3,3,train,2,High Calorie
dish_1564503219,"bacon, egg whites",242.0,213.86,8.008,1.82,29.06,2,2,train,1,Medium Calorie
dish_1562010418,"lime, salt, onions, pork, brussels sprouts, jalapenos, vinegar, pepper, garlic, mixed greens, carrot, lettuce, cabbage, lemon juice, parsley, olive oil, cucumbers, wheat berry, mayonnaise, cherry tomatoes",157.000003,209.545139641,13.460272089,7.343752017,15.532299318,20,20,train,1,Medium Calorie
dish_1550705939,beef,38.0,95.0,5.7,0.0,9.88,1,1,test,1,Medium Calorie
dish_1562172643,"egg whites, roasted potatoes, bacon",457.0,734.27,42.56,17.648,62.87,3,3,train,2,High Calorie
dish_1562690112,"lettuce, lime, chicken apple sausage, mixed greens, olive oil, cucumbers, onions, vinegar, bacon, pepper, salt, cherry tomatoes",207.00000300000002,428.2023391,31.90874704,6.108017653,28.666227449,12,12,train,2,High Calorie
dish_1559240987,"carrot, salt, pepper, olive oil",51.0,25.07076076,0.6033903740000001,5.030648739,0.453123836,4,4,train,0,Low Calorie
dish_1561404458,"lime, salt, cauliflower, pepper, olive oil, wheat berry, steak, carrot, garlic",258.999994,410.31172826,24.921593838,15.135349811,33.127414586,9,9,train,2,High Calorie
dish_1568305225,"bell peppers, garlic, salt, cucumbers, mustard, olive oil, vinegar, turkey bacon, radishes",144.000001,428.667766045,35.13688442,4.897248518,24.472981829,9,9,train,2,High Calorie
dish_1562009810,brown rice,108.0,119.88,0.972,24.84,2.808,1,1,train,1,Medium Calorie
dish_1551235270,"bread, mixed greens, cheese",112.0,317.286,15.404,26.206,18.023,3,3,train,2,High Calorie
dish_1551314121,"corn, orange, kiwi",113.0,72.78,0.675,17.34,1.82,3,3,test,0,Low Calorie
dish_1566835701,"egg whites, salsa, sweet potato, olive oil",744.0,370.18682848,2.965756,28.01824392,51.61390244,4,4,test,2,High Calorie
dish_1563294465,"pineapple, watermelon, grapes",237.0,116.95,0.391,30.293999999999997,1.414,3,3,train,1,Medium Calorie
dish_1567023184,"olives, chicken, caesar dressing, kimchi, kale, parmesan cheese, croutons",194.999997,191.507182319,8.071154749,10.141688287000001,20.305751414,7,7,train,1,Medium Calorie
dish_1551236495,bread,112.0,297.248,4.704,47.376,15.12,1,1,train,2,High Calorie
dish_1566936323,"chive, chicken thighs, wine, white beans, eggplant, lemon juice, snow peas, olive oil, pepper, spinach (cooked), quinoa, salt, fish, artichokes, lime, cauliflower, squash, parsley, mushroom, arugula, onions, shallots, garlic, bell peppers",317.999999,368.292226814,24.078577713,11.995162298,45.85910502,24,24,train,2,High Calorie
dish_1563216381,broccoli,99.0,34.65,0.396,6.93,2.376,1,1,train,0,Low Calorie
dish_1563305948,"croutons, salt, apple, wheat berry, lemon juice, kale, onions, olive oil, cranberries, shallots, chicken, mushroom, vinegar, spinach (raw), parmesan cheese, mustard, caesar dressing, thyme, garlic, parsley",177.999999,207.360905968,10.554448668000001,6.453704768,22.251265412,20,20,train,1,Medium Calorie
dish_1567106870,"blue cheese, onions, pizza, olive oil, garlic, walnuts, mixed greens, salt, spinach (cooked), lettuce, bok choy, millet, vinegar, mustard, shallots, beef",211.0,504.82086855,27.284150169999997,38.667732044,25.230875726999997,16,16,train,2,High Calorie
dish_1551141849,scrambled eggs,85.0,125.8,9.35,1.36,8.5,1,1,train,1,Medium Calorie
dish_1567538303,"green onions, pepper, chili, white rice, vinegar, lemon juice, soy sauce, orange juice, garlic, salt, beef, kale, parsley, olive oil, arugula, onions, chickpeas, broccoli, pears",307.000008,617.4491738840001,36.129629047,15.257855294,53.626447861,19,19,train,2,High Calorie
dish_1559846825,pizza,95.0,252.7,9.215,31.35,10.45,1,1,train,1,Medium Calorie
dish_1550861903,scrambled eggs,48.0,71.04,5.28,0.768,4.8,1,1,train,0,Low Calorie
dish_1561749348,"brown rice, arugula, salmon, thyme, olive oil, pepper, salt",92.99999800000002,165.44694198,8.394004654,3.66134052,17.270729638000002,7,7,test,1,Medium Calorie
dish_1559243704,pears,203.0,116.116,0.203,30.856,0.812,1,1,train,1,Medium Calorie
dish_1562785328,"apple, shallots, garlic, bulgur, lemon juice, salt, olive oil, mustard greens, cranberries, parsley, arugula",91.000001,133.92335652900002,8.950899037,12.527755131,2.9226122329999997,11,11,train,1,Medium Calorie
dish_1558116146,grapes,111.0,76.59,0.222,19.98,0.777,1,1,train,0,Low Calorie
dish_1561577177,"tofu, chard, blueberries, vinegar, pepper, cheese pizza, walnuts, salt, roasted potatoes, olive oil, mustard, arugula",156.000001,234.606432093,11.785345934,24.279522984,9.124968319999999,12,12,train,1,Medium Calorie
dish_1568665935,cheese pizza,58.0,154.222,5.452,19.43,6.496,1,1,train,1,Medium Calorie
dish_1551136315,"brussels sprouts, avocado, ham",171.0,199.59,13.434000000000001,12.315,12.021999999999998,3,3,test,1,Medium Calorie
dish_1560368691,"carrot, lettuce, pumpkin seeds, salt, mustard, olive oil, vinegar, arugula, mixed greens",112.000001,140.755180167,11.999318117999998,7.191058752,2.91875289,9,9,train,1,Medium Calorie
dish_1551314589,"kiwi, mushroom, potato chips",84.0,123.02000000000001,6.239,16.369,2.387,3,3,train,1,Medium Calorie
dish_1562168800,"roasted potatoes, mixed greens, berries, raspberries, honeydew melons, vinaigrette, granola, blackberries",241.999999,237.52483639,9.342677284,36.314902971,3.8259999579999997,8,8,train,1,Medium Calorie
dish_1551226999,"tortilla, fish, bell peppers",200.0,196.18,16.853,18.18,25.248,3,3,train,1,Medium Calorie
dish_1551566277,tortilla,19.0,41.42,0.551,8.55,1.14,1,1,train,0,Low Calorie
dish_1561654756,"scrambled eggs, sweet potato, brussels sprouts",225.0,256.98,14.952,15.3,15.216,3,3,train,1,Medium Calorie
dish_1550860631,cantaloupe,74.0,25.16,0.148,5.92,0.592,1,1,train,0,Low Calorie
dish_1560802006,"parmesan cheese, croutons, kale, caesar dressing",43.999998,35.92649006,1.404504961,3.688561901,2.7278205640000004,4,4,train,0,Low Calorie
dish_1560801020,"cauliflower, garlic, spinach (raw), parmesan cheese, wheat berry, chickpeas, pepper, chicken breast, cherry tomatoes, thyme, lemon juice, olive oil, parsley, kale, bulgur, salt",249.999998,346.33997224200004,5.898490917,61.69098358,17.0953645,16,16,train,2,High Calorie
dish_1562602687,"brussels sprouts, sausage, hash browns, olive oil, pepper, salt, scrambled eggs",311.0,721.3651726400001,52.319647822,32.215893043,31.824260779999996,7,7,train,2,High Calorie
dish_1551392347,berries,57.0,32.49,0.171,7.98,0.399,1,1,train,0,Low Calorie
dish_1562949467,"bok choy, olive oil",72.000002,24.65561384,1.896585808,1.545365888,1.05365856,2,2,train,0,Low Calorie
dish_1565811423,"bell peppers, garlic, pepper, arugula, jalapenos, wheat berry, cabbage, chili, tomatoes, salt, parsley, lemon juice, salmon, bok choy, lime, brown rice, chicken thighs, olive oil, thyme, hominy",290.000001,240.05713879,9.221428583,22.184019418000002,18.778895142,20,20,train,1,Medium Calorie
dish_1558632959,cherry tomatoes,89.0,16.02,0.178,3.471,0.801,1,1,train,0,Low Calorie
dish_1551565653,white rice,37.0,48.1,0.111,10.36,0.999,1,1,train,0,Low Calorie
dish_1558639412,cantaloupe,97.0,32.98,0.194,7.76,0.776,1,1,train,0,Low Calorie
dish_1563464429,"bacon, berries",103.0,140.99,7.398,12.277999999999999,6.892,2,2,train,1,Medium Calorie
dish_1558725112,"almonds, brussels sprouts, honeydew melons",330.0,554.059,39.556,40.522999999999996,21.851000000000003,3,3,test,2,High Calorie
dish_1564169878,"tomatoes, garlic, onions, chili, tortilla, salt, cilantro, olive oil, chicken thighs, cheese",341.000004,732.513444422,36.986098144,36.232468397,63.006415028000006,10,10,train,2,High Calorie
dish_1558028057,bacon,28.0,151.48,11.76,0.392,10.36,1,1,train,1,Medium Calorie
dish_1565812186,"salt, hominy, lemon juice, parsley, olive oil, mustard, garlic, cabbage, chicken thighs, pineapple, tomatoes, chili, walnuts, bell peppers, lime, arugula, vinegar, blueberries, chard, jalapenos, pepper",265.999994,324.97840447600004,15.806602453999998,12.315648790000001,32.823952087,21,21,train,2,High Calorie
dish_1551236159,"mixed greens, chicken, orange",308.0,281.72,4.474,21.996,38.446,3,3,test,2,High Calorie
dish_1561406817,"carrot, olive oil, couscous, salt, pepper, white rice",243.0,273.38542165,0.95909114,57.742406044999996,6.795967344999999,6,6,train,2,High Calorie
dish_1558115241,potatoes,111.0,85.47,0.111,18.87,2.22,1,1,test,0,Low Calorie
dish_1551377209,"mushroom, shrimp, orange",149.0,91.80000000000001,0.289,10.209,13.540000000000001,3,3,train,1,Medium Calorie
dish_1550785915,"beef, white rice, mixed greens",162.0,256.74,9.035,23.899,17.773,3,3,train,1,Medium Calorie
dish_1551378018,asparagus,22.0,4.488,0.022,0.858,0.484,1,1,train,0,Low Calorie
dish_1566331868,"brussels sprouts, onions, salt, tomatoes, bell peppers, garlic, pepper, millet, chicken, fried rice, jalapenos, spinach (raw), olive oil",372.000002,453.66507015,13.206175720000001,40.116790436,44.29660611400001,13,13,train,2,High Calorie
dish_1566245365,roast chicken,115.0,257.255,14.95,0.0,27.025,1,1,test,1,Medium Calorie
dish_1558630072,"apple, almonds, grapes, cauliflower",295.0,294.427,13.952000000000002,42.059,7.917,4,4,test,2,High Calorie
dish_1562700524,"mixed greens, millet, parsley, onions, salt, lemon juice, olive oil, vinegar, cauliflower, apple",174.000002,89.108777454,5.059611617000001,10.023355136,3.1072223070000002,10,10,test,1,Medium Calorie
dish_1566849862,olives,67.0,77.05,7.169,4.221,0.536,1,1,test,0,Low Calorie
dish_1558375583,"mixed greens, sausage, deprecated",251.0,386.134,24.660999999999998,5.224,37.497,3,3,train,2,High Calorie
dish_1551314337,pineapple,67.0,33.5,0.067,8.71,0.335,1,1,train,0,Low Calorie
dish_1550875229,cantaloupe,84.0,28.56,0.168,6.72,0.672,1,1,train,0,Low Calorie
dish_1566931519,"mixed greens, olives",182.0,130.13,10.101,10.556000000000001,2.7299999999999995,2,2,train,1,Medium Calorie
dish_1551314095,orange,45.0,21.15,0.045,5.4,0.405,1,1,train,0,Low Calorie
dish_1565724269,"pizza, chicken, spinach (raw), wheat berry, olive oil, thyme, salt, lemon juice, shallots, broccoli, garlic, parsley",311.0,527.548821881,18.378778864,41.778171119,47.43682381799999,12,12,train,2,High Calorie
dish_1563812570,"egg whites, mixed greens, turkey bacon, granola, blackberries, raspberries, vinaigrette",319.999997,369.084287786,17.965580566,11.348773788,37.686999899999996,7,7,train,2,High Calorie
dish_1565813414,"garlic, salt, mustard, blueberries, olive oil, tofu, spinach (raw), vinegar, radishes",179.000001,139.720064528,9.889826039,3.935386174,12.944803824000001,9,9,train,1,Medium Calorie
dish_1561654346,"olive oil, vinaigrette, pepper, mixed greens, granola, blackberries, salt, raspberries, brussels sprouts",84.0,79.195482532,3.6913557559999997,10.449208448,2.744275472,9,9,train,0,Low Calorie
dish_1561148303,cheese pizza,45.0,119.655,4.23,15.075,5.04,1,1,test,1,Medium Calorie
dish_1560801797,"olive oil, squash, salt, cauliflower",95.999999,25.65565658,0.700593996,4.108631288,1.344872988,4,4,train,0,Low Calorie
dish_1563381760,"bacon, sweet potato, olive oil, pineapple, strawberries, yam",163.999998,140.502543098,5.2455280360000005,21.248150532,3.458358468,6,6,train,1,Medium Calorie
dish_1568401064,"broccoli, mixed greens, chicken, avocado",572.0,787.71,31.226,18.445999999999998,108.668,4,4,test,2,High Calorie
dish_1551374604,lemon,112.0,32.48,0.336,10.08,1.232,1,1,train,0,Low Calorie
dish_1551565529,"orange, ham, broccoli",115.0,76.09,1.902,8.61,7.338,3,3,train,0,Low Calorie
dish_1550778058,tomatoes,45.0,15.3,0.315,3.06,0.315,1,1,test,0,Low Calorie
dish_1551323342,"kiwi, pineapple, potato chips",143.0,153.99,5.899,25.85,2.013,3,3,test,1,Medium Calorie
dish_1551375086,orange,89.0,41.83,0.089,10.68,0.801,1,1,train,0,Low Calorie
dish_1559844090,"strawberries, pears, mandarin oranges",331.0,168.43,0.593,43.58,1.7710000000000001,3,3,train,1,Medium Calorie
dish_1563568292,"corn on the cob, cheese pizza",193.0,276.683,7.782,47.635000000000005,9.628,2,2,train,2,High Calorie
dish_1551566753,"chicken, oatmeal, carrot",134.0,142.63,2.962,8.959999999999999,19.308000000000003,3,3,train,1,Medium Calorie
dish_1558723047,cantaloupe,93.0,31.62,0.186,7.44,0.744,1,1,test,0,Low Calorie
dish_1568061174,"pineapple, squash, salt, cheese pizza, olive oil",286.99999299999996,232.5532807,7.06913762,34.98397636,7.8667878600000005,5,5,train,1,Medium Calorie
dish_1551307361,"scrambled eggs, brussels sprouts, corn",165.0,170.4,8.739,14.922,10.362,3,3,train,1,Medium Calorie
dish_1551390594,"kiwi, tofu, cauliflower",214.0,113.97999999999999,3.137,19.119,6.314,3,3,train,1,Medium Calorie
dish_1551323381,"kiwi, pineapple, potato chips",143.0,153.99,5.899,25.85,2.013,3,3,train,1,Medium Calorie
dish_1562776465,"salt, pepper, sweet potato, olive oil, brussels sprouts",212.000001,173.43246171,4.405418309000001,31.491592923,3.634131946,5,5,train,1,Medium Calorie
dish_1562086116,"berries, scrambled eggs, yam",285.0,290.658,8.899,44.028000000000006,9.854999999999999,3,3,train,2,High Calorie
dish_1561661850,"sugar, salt, soy sauce, garlic, pizza, pork, white rice, bok choy, pepper",264.000001,648.97594427,25.375410594999998,67.575472545,35.485809248,9,9,train,2,High Calorie
dish_1558468632,chicken,103.0,169.95,3.708,0.0,31.93,1,1,train,1,Medium Calorie
dish_1562181217,"salt, buttermilk, chicken, flour, parsley, lemon juice, vegetable oil, thyme, garlic",199.00001,546.484428288,36.503471896,11.240341678,41.379762051,9,9,train,2,High Calorie
dish_1563565805,"shallots, garlic, mushroom, fish, cherry tomatoes, chard, kale, salt, bok choy, wheat berry, olive oil, parsley, lemon juice, onions, chive",360.000002,157.493014251,13.148070723,10.194367247999999,14.375502674,15,15,train,1,Medium Calorie
dish_1558632990,cauliflower,101.0,25.25,0.303,5.05,1.818,1,1,train,0,Low Calorie
dish_1550713503,"cucumbers, tofu, chicken",190.0,130.28,4.62,2.799,20.27,3,3,train,1,Medium Calorie
dish_1551136264,avocado,72.0,115.2,10.8,6.48,1.44,1,1,train,1,Medium Calorie
dish_1559933818,"salt, olives, garlic, mustard, vinegar, brussels sprouts, olive oil, goat cheese, mixed greens, pears, pepper",154.000003,115.066797656,6.580434164,12.201209762999998,5.034659511999999,11,11,train,1,Medium Calorie
dish_1566329257,"tofu, vinegar, shallots, beef, spinach (cooked), bok choy, cauliflower, millet, salt, olive oil, onions",537.000002,321.02518718,14.637178987,22.744291986,29.529112345999998,11,11,train,2,High Calorie
dish_1563563467,"bok choy, olive oil",119.000004,40.75024421,3.1346341300000002,2.55414643,1.741463475,2,2,train,0,Low Calorie
dish_1551487560,"orange, olives, tofu",139.0,132.01,10.805,7.764,4.151,3,3,train,1,Medium Calorie
dish_1565896662,"chard, kale",57.0,19.38,0.2565,3.6195,1.4535,2,2,train,0,Low Calorie
dish_1563295360,"bacon, scrambled eggs, olive oil, broccoli",181.000005,275.89122354,19.784878336000002,7.29687838,17.530244016,4,4,test,2,High Calorie
dish_1564688969,cheese pizza,90.0,239.31,8.46,30.15,10.08,1,1,train,1,Medium Calorie
dish_1561579933,"salt, cucumbers, olive oil, basil, onions, bell peppers, feta cheese, blueberries, chicken, shallots, spinach (cooked), lemon juice, vinegar, chard, beef, white wine, walnuts, mustard, cream, wheat berry, oregano, cherry tomatoes, millet, bok choy, olives, lettuce, garlic, thyme, butter, arugula, mushroom, rosemary, vinaigrette, pepper",306.000001,447.449148022,27.486643772,11.074479699,38.74592088,34,34,test,2,High Calorie
dish_1561666821,"caesar salad, lettuce, onions, cheese pizza, cucumbers, lime, vinegar, pepper, cherry tomatoes, salt, olive oil, mixed greens",170.000001,211.78656601,12.14186043,19.425871733,7.538332358,12,12,test,1,Medium Calorie
dish_1558723639,cauliflower,41.0,10.25,0.123,2.05,0.738,1,1,train,0,Low Calorie
dish_1558545738,apple,142.0,73.84,0.284,19.88,0.426,1,1,train,0,Low Calorie
dish_1558116486,grapes,57.0,39.33,0.114,10.26,0.399,1,1,train,0,Low Calorie
dish_1567110848,"cherry tomatoes, bok choy, pepper, green beans, vinegar, onions, pizza, salt, millet, lime, cucumbers, olive oil, mixed greens, spinach (cooked), shallots, lettuce, beef",320.000002,557.87150579,32.230463109,24.101414234,40.588146427999995,17,17,train,2,High Calorie
dish_1563378073,"cantaloupe, yam, pineapple, egg whites, olive oil, sweet potato",381.999997,269.565095036,5.491057071999999,30.516301064,22.040716936,6,6,train,2,High Calorie
dish_1558381143,sausage,53.0,182.638,14.469,2.226,10.229,1,1,train,1,Medium Calorie
dish_1565033085,mixed greens,55.0,15.4,0.22,2.915,1.21,1,1,train,0,Low Calorie
dish_1551225021,cauliflower,76.0,19.0,0.228,3.8,1.368,1,1,test,0,Low Calorie
dish_1562947598,cantaloupe,258.0,87.72,0.516,20.64,2.064,1,1,train,1,Medium Calorie
dish_1551489931,"sausage, ham, olives",158.0,335.348,25.954,7.191,18.979,3,3,train,2,High Calorie
dish_1565123845,"olive oil, zucchini, onions, cheese pizza, spinach (cooked), shallots, millet, bok choy, salt, beef, chayote squash, vinegar",201.000002,268.66174071,12.761543097999999,17.499898901,20.015167699,12,12,train,2,High Calorie
dish_1562615388,"apple, steak, vinegar, arugula, onions, kale, lemon juice, mustard greens, garlic, roasted potatoes, salt, figs, goat cheese, pineapple, white rice, jalapenos, olive oil, cilantro, broccoli",273.000003,360.182012868,20.730437946,25.773928863000002,19.858610881,19,19,train,2,High Calorie
dish_1550771421,"bacon, broccoli, scrambled eggs",142.0,203.57,14.122,5.374,13.842,3,3,train,1,Medium Calorie
dish_1558546558,almonds,44.0,254.364,21.78,9.988,9.856,1,1,train,1,Medium Calorie
dish_1568229442,"vinegar, radishes, bell peppers, garlic, hominy, chili, salt, lime, jalapenos, blueberries, chicken thighs, spinach (raw), parsley, tomatoes, mustard, lemon juice, cabbage, olive oil",348.999992,465.773490857,28.091573514,9.821095884,43.05018173999999,18,18,train,2,High Calorie
dish_1562009098,tofu,96.0,70.08,4.608,1.824,7.68,1,1,train,0,Low Calorie
dish_1562704564,"shallots, cheese pizza, spinach (cooked), olive oil, salt, vinegar, onions, millet, bok choy, beef",123.999998,292.02290112000003,13.480251681999999,20.778148287,20.163644525,10,10,train,2,High Calorie
dish_1550874079,fish,78.0,70.2,10.14,0.0,14.352,1,1,train,0,Low Calorie
dish_1560539396,"fish, quinoa, garlic, pepper, onions, arugula, caesar salad, carrot, olive oil, cilantro, lemon juice, jalapenos, roasted potatoes, salt, tomatillo",416.999992,384.04451168400004,27.839884432999998,36.360640744,25.778504267,15,15,test,2,High Calorie
dish_1561060558,"pineapple, bok choy, brussels sprouts, tofu, cheese pizza",221.0,194.199,6.213,27.127,10.253,5,5,train,1,Medium Calorie
dish_1551227435,brussels sprouts,87.0,37.41,0.261,7.83,2.958,1,1,test,0,Low Calorie
dish_1562688524,"chicken apple sausage, grapes, roasted potatoes, watermelon",242.0,215.35999999999999,8.564,25.317999999999998,11.302,4,4,test,1,Medium Calorie
dish_1561578417,"olive oil, cucumbers, onions, cauliflower, spinach (cooked), caesar salad, millet, bok choy, vinaigrette, shallots, vinegar, cheese pizza, lettuce, bell peppers, olives, salt, beef, feta cheese, cherry tomatoes",239.999998,289.794402937,14.105608928999999,22.214627981,18.818013148,19,19,train,2,High Calorie
dish_1558380414,grapes,52.0,35.88,0.104,9.36,0.364,1,1,train,0,Low Calorie
dish_1551563337,sausage,81.0,279.126,22.113,3.402,15.633,1,1,train,2,High Calorie
dish_1565898193,"brown rice, jalapenos, green beans, salmon, vinaigrette, olives, cilantro, lime, garlic, lemon juice, bell peppers, olive oil, feta cheese, spinach (raw), ginger, cherry tomatoes, shallots, chili, salt, lettuce, onions, cucumbers",268.000002,291.914020136,14.644991328,12.845700335,26.551004899000002,22,22,train,2,High Calorie
dish_1550773917,banana,155.0,137.95,0.465,35.65,1.705,1,1,train,1,Medium Calorie
dish_1551488103,carrot,19.0,7.79,0.038,1.9,0.171,1,1,train,0,Low Calorie
dish_1558640882,cantaloupe,95.0,32.3,0.19,7.6,0.76,1,1,train,0,Low Calorie
dish_1551397591,"tofu, kiwi, asparagus",165.0,99.278,3.446,14.055,6.404,3,3,train,1,Medium Calorie
dish_1551222587,"cauliflower, mushroom, noodles",129.0,82.38,1.197,15.042,3.849,3,3,train,0,Low Calorie
dish_1558638163,carrot,99.0,40.59,0.198,9.9,0.891,1,1,train,0,Low Calorie
dish_1563567626,"pecans, vinegar, corn on the cob, olive oil, garlic, salt, blueberries, chard, arugula, mustard",248.000009,291.838805645,20.734055285,26.722198627999997,6.395729931,10,10,train,2,High Calorie
dish_1550875891,chicken,120.0,198.0,4.32,0.0,37.2,1,1,test,1,Medium Calorie
dish_1562873790,"salt, lettuce, lime, olive oil, onions, cucumbers, vinegar, cherry tomatoes, pepper, mixed greens",75.000002,75.70845906,7.156705994,2.772813481,1.0215743609999999,10,10,train,0,Low Calorie
dish_1551493942,"broccoli, sausage, carrot",175.0,421.28599999999994,31.874,9.452,23.579000000000004,3,3,train,2,High Calorie
dish_1567023132,"kimchi, olives",84.0,59.2,4.324,5.0280000000000005,1.024,2,2,test,0,Low Calorie
dish_1558630867,apple,142.0,73.84,0.284,19.88,0.426,1,1,test,0,Low Calorie
dish_1566316726,"egg whites, olive oil, sweet potato",685.000001,409.52292955999997,4.10161,25.365390379999997,57.49024391,3,3,train,2,High Calorie
dish_1567785654,"berries, pineapple",96.0,51.78,0.20400000000000001,13.02,0.588,2,2,train,0,Low Calorie
dish_1551565570,ham,42.0,60.9,2.52,0.63,8.82,1,1,train,0,Low Calorie
dish_1566415591,"wheat berry, broccoli, green beans, chard, cherry tomatoes, fish, salt, shallots, garlic, chive, parsley, lemon juice, olive oil",316.000005,214.780756986,16.906706235,18.46199404,16.844491665,13,13,train,1,Medium Calorie
dish_1551392271,tofu,32.0,23.36,1.536,0.608,2.56,1,1,train,0,Low Calorie
dish_1563811515,"olive oil, egg whites, sausage, sweet potato, cantaloupe, salsa",491.000003,298.11936636,6.7239510000000005,29.81104936,27.34178052,6,6,test,2,High Calorie
dish_1550705888,potatoes,93.0,71.61,0.093,15.81,1.86,1,1,train,0,Low Calorie
dish_1558719377,apple,142.0,73.84,0.284,19.88,0.426,1,1,train,0,Low Calorie
dish_1559674689,honeydew melons,177.0,63.72,0.177,15.93,0.885,1,1,train,0,Low Calorie
dish_1558109511,almonds,37.0,213.897,18.315,8.399,8.288,1,1,train,1,Medium Calorie
dish_1551488776,"nuts, orange, kiwi",124.0,194.5,12.733,18.54,5.614999999999999,3,3,train,1,Medium Calorie
dish_1559061675,watermelon,83.0,24.9,0.166,6.308,0.498,1,1,train,0,Low Calorie
dish_1550874872,potatoes,53.0,40.81,0.053,9.01,1.06,1,1,train,0,Low Calorie
dish_1551563773,ham,64.0,92.8,3.84,0.96,13.44,1,1,train,1,Medium Calorie
dish_1561492182,"spinach (raw), vinegar, radishes, fried rice, garlic, salt, mustard, olive oil, blueberries",171.000001,250.165689418,7.306370876,40.088069722,6.884981003,9,9,train,1,Medium Calorie
dish_1565711498,"salt, pepper, brussels sprouts, scrambled eggs, olive oil",228.999999,246.82725358,15.955485504,10.568151203000001,16.580688776000002,5,5,train,1,Medium Calorie
dish_1564159520,bacon,42.0,227.22,17.64,0.588,15.54,1,1,train,1,Medium Calorie
dish_1561578800,"cheese pizza, salt, mustard, olive oil, blueberries, arugula, chard, vinegar, pepper, walnuts",146.0,338.354717972,14.539576299,38.594204961,13.271947260000001,10,10,train,2,High Calorie
dish_1557853429,"strawberries, eggs, yam",276.0,330.153,13.587,33.414,17.637,3,3,train,2,High Calorie
dish_1551313924,"kiwi, lemon, bean(seed)",190.0,132.07999999999998,0.8700000000000001,28.86,5.724,3,3,train,1,Medium Calorie
dish_1551138180,tomatoes,67.0,22.78,0.469,4.556,0.469,1,1,test,0,Low Calorie
dish_1560455059,"cherry tomatoes, baby carrots, celery, cucumbers",134.0,25.55,0.21,5.679,1.173,4,4,test,0,Low Calorie
dish_1551567329,ham,70.0,101.5,4.2,1.05,14.7,1,1,train,1,Medium Calorie
dish_1558459945,apple,142.0,73.84,0.284,19.88,0.426,1,1,train,0,Low Calorie
dish_1551486571,corn,33.0,31.68,0.495,6.93,1.122,1,1,train,0,Low Calorie
dish_1563220143,"spinach (raw), pepperoni pizza, wheat berry, parmesan cheese, cherry tomatoes, chicken breast, broccoli, salt, garlic, thyme, squash, olive oil",326.999995,425.51459690999997,13.391989136,25.789403379000003,49.08241453,12,12,train,2,High Calorie
dish_1560360148,"scrambled eggs, sausage, cream cheese, berries, bagels",317.000001,587.7940025,33.511000015,41.48100049,29.463800101,5,5,test,2,High Calorie
dish_1564502063,bacon,92.0,497.72,38.64,1.288,34.04,1,1,train,2,High Calorie
dish_1564415335,"sweet potato, olive oil, chicken apple sausage",136.0,164.88,7.4,16.02,8.36,3,3,train,1,Medium Calorie
dish_1562947436,"berries, sausage, pineapple",242.0,282.382,14.62,28.054,11.219999999999999,3,3,train,2,High Calorie
dish_1551396096,"asparagus, tortilla, nuts",75.0,273.90000000000003,20.151,18.945,8.97,3,3,train,2,High Calorie
dish_1550778172,"scrambled eggs, cucumbers, tomatoes",184.0,136.84,8.895,5.5280000000000005,8.725,3,3,test,1,Medium Calorie
dish_1563898880,"radishes, scrambled eggs, salsa, vinegar, bacon, mustard, cucumbers, olive oil, garlic, bell peppers, salt, broccoli",441.0,643.61845991,47.548230163,15.85350315,38.581036395,12,12,train,2,High Calorie
dish_1566415520,"olive oil, green beans",143.000003,74.82475093,3.714425003,9.75975021,2.509650054,2,2,train,0,Low Calorie
dish_1562784347,"salt, parsley, lemon juice, cranberries, olive oil, mustard greens, pizza, shallots, corn on the cob, arugula, eggplant, apple, garlic, bulgur",264.000002,315.988436385,15.637624458000001,39.655731501,9.114595791,14,14,train,2,High Calorie
dish_1561662869,"basil, chicken, apple, chard, brown rice, lemon juice, rosemary, onions, salt, chive, millet, corn on the cob, vinegar, parsley, garlic, olive oil, carrot, mixed greens",192.000003,284.34551803,9.242703768,10.282766551,38.791027084,18,18,train,2,High Calorie
dish_1558636514,cherry tomatoes,89.0,16.02,0.178,3.471,0.801,1,1,train,0,Low Calorie
dish_1559233627,bacon,12.0,64.92,5.04,0.168,4.44,1,1,train,0,Low Calorie
dish_1563551105,"cream cheese, bagels",72.000003,194.40000849999998,5.760000369999999,29.016001035,6.7104002640000004,2,2,train,1,Medium Calorie
dish_1551490701,sausage,92.0,317.032,25.116,3.864,17.756,1,1,train,2,High Calorie
dish_1561404505,"cherry tomatoes, garlic, olive oil, cucumbers, wheat berry, cauliflower, salt, carrot, mixed greens, vinegar, steak, beets, broccoli, lime, pepper",441.999996,543.92333991,34.617195673,25.785634356,36.765291409,15,15,train,2,High Calorie
dish_1558724723,broccoli,112.0,39.2,0.448,7.84,2.688,1,1,train,0,Low Calorie
dish_1551122795,oatmeal,129.0,87.72,1.806,15.48,3.096,1,1,train,1,Medium Calorie
dish_1564086624,"cheese pizza, corn on the cob",131.0,217.293,6.574,34.455,8.030000000000001,2,2,train,1,Medium Calorie
dish_1551566524,"cauliflower, chicken, tortilla",90.0,91.33,1.678,7.2,12.01,3,3,train,1,Medium Calorie
dish_1562689519,cottage cheese,173.0,169.54,7.439,5.882,19.03,1,1,train,1,Medium Calorie
dish_1558640513,"carrot, apple, corn on the cob",245.0,153.846,1.722,37.379999999999995,2.513,3,3,test,1,Medium Calorie
dish_1551123904,oatmeal,65.0,44.2,0.91,7.8,1.56,1,1,train,0,Low Calorie
dish_1558639588,almonds,21.0,121.401,10.395,4.767,4.704,1,1,train,1,Medium Calorie
dish_1551488371,ham,29.0,42.05,1.74,0.435,6.09,1,1,train,0,Low Calorie
dish_1564588483,sausage,51.0,175.746,13.923,2.142,9.843,1,1,train,1,Medium Calorie
dish_1551565204,olives,49.0,56.35,5.243,3.087,0.392,1,1,train,0,Low Calorie
dish_1560456326,"thyme, zucchini, lemon juice, salt, garlic, rosemary, parsley, chicken, vinegar, arugula, pepper, wheat berry, olive oil, squash, basil, mustard, lettuce, mixed greens, pumpkin seeds, carrot, spinach (raw)",138.000004,206.87277625800002,7.522188789,3.791612791,29.742080001999998,21,21,train,1,Medium Calorie
dish_1558029518,yam,111.0,137.751,0.222,32.634,1.776,1,1,train,1,Medium Calorie
dish_1563566965,"salt, parsley, wild rice, blueberries, olive oil, arugula, chard, mustard, pecans, vinegar, mustard greens, chickpeas, garlic, pepper",286.000004,370.82701971800003,12.088501815999999,56.243807669,13.121025525,14,14,train,2,High Calorie
dish_1563811490,"olive oil, sausage, cantaloupe, sweet potato, egg whites",390.000003,268.82936636,6.5219510000000005,23.145049359999998,25.82678052,5,5,train,2,High Calorie
dish_1551564907,"olives, tortilla, broccoli",112.0,115.35,4.987,17.074,2.98,3,3,train,1,Medium Calorie
dish_1562691538,egg whites,96.0,49.92,0.192,0.672,9.6,1,1,test,0,Low Calorie
dish_1563307488,"orange juice, olive oil, salt, beef, vinegar, soy sauce, chili, onions, kale, green onions, broccoli, garlic, white rice",247.000012,538.0351473,30.635611176999998,9.611122284,50.92829525700001,13,13,train,2,High Calorie
dish_1561574456,"caesar salad, walnuts, cheese pizza, salt, mustard, vinegar, blueberries, arugula, chard, olive oil, pepper, cauliflower",217.0,203.657372872,9.303670016,23.013415977,9.027951715,12,12,train,1,Medium Calorie
dish_1551563001,ham,42.0,60.9,2.52,0.63,8.82,1,1,train,0,Low Calorie
dish_1562776428,"brussels sprouts, salt, pepper, olive oil",65.999999,33.69977411,0.844442309,5.8525682429999994,2.209741686,4,4,train,0,Low Calorie
dish_1558721904,apple,143.0,74.36,0.286,20.02,0.429,1,1,train,0,Low Calorie
dish_1559245848,orange,127.0,59.69,0.127,15.24,1.143,1,1,train,0,Low Calorie
dish_1562950895,"sweet potato, olive oil",144.000003,137.81853788,3.512195,25.28780544,1.40487808,2,2,train,1,Medium Calorie
dish_1563219009,"white rice, garlic, celery, arugula, pepperoni pizza, pork, salt, rosemary, parsley, onions, zucchini, olive oil",201.999999,388.35966917999997,19.8420587,18.989844185,31.875080262,12,12,train,2,High Calorie
dish_1559242066,"salt, pepper, carrot, olive oil",52.999998,26.05392236,0.627052152,5.227929007999999,0.4708934,4,4,train,0,Low Calorie
dish_1568145027,roasted potatoes,69.0,97.29,4.692,12.42,1.449,1,1,train,1,Medium Calorie
dish_1558110335,bacon,7.0,37.87,2.94,0.098,2.59,1,1,train,0,Low Calorie
dish_1551390560,"kiwi, tofu, cauliflower",214.0,113.97999999999999,3.137,19.119,6.314,3,3,train,1,Medium Calorie
dish_1550859396,potatoes,74.0,56.98,0.074,12.58,1.48,1,1,test,0,Low Calorie
dish_1564518542,"onions, lemon juice, garlic, shallots, spinach (cooked), carrot, mixed greens, lettuce, cherry tomatoes, pepper, mushroom, chicken thighs, eggplant, olive oil, lime, cucumbers, salt, cheese pizza, wine, quinoa, vinegar, squash",234.000004,342.37819362100004,16.86376786,29.221916508,18.775290499,22,22,train,2,High Calorie
dish_1562774206,"mixed greens, raspberries, berries, scrambled eggs, roasted potatoes, vinaigrette, cantaloupe, blackberries, granola",271.999997,298.763542791,16.548096498,26.312128324,12.146999869999998,9,9,train,2,High Calorie
dish_1562689548,"pineapple, cottage cheese",267.0,216.54,7.533,18.102,19.5,2,2,train,1,Medium Calorie
dish_1566931179,"salt, mixed greens, artichokes, garlic, olive oil, parsley, beets, avocado, vinegar, cauliflower",263.0,204.369379657,15.987674057000001,15.745847006999998,4.955554089,10,10,train,1,Medium Calorie
dish_1551374783,"lemon, banana, cauliflower",268.0,133.56,0.804,35.339999999999996,3.3609999999999998,3,3,train,1,Medium Calorie
dish_1556575446,"olives, brussels sprouts, celery",154.0,103.3,6.882000000000001,10.618,2.8680000000000003,3,3,train,1,Medium Calorie
dish_1558723695,corn on the cob,90.0,95.49,2.16,19.8,2.79,1,1,train,1,Medium Calorie
dish_1566934401,"chive, white beans, onions, bell peppers, fish, artichokes, salt, cheese pizza, pepper, parsley, arugula, snow peas, olive oil, garlic, lime",343.999997,435.90286475,39.532820945999994,26.532495413,48.191042803,15,15,train,2,High Calorie
dish_1551374946,kiwi,100.0,61.0,0.5,15.0,1.1,1,1,train,0,Low Calorie
dish_1565711296,"cantaloupe, grapes",110.0,43.35,0.22,10.5,0.863,2,2,test,0,Low Calorie
dish_1560543525,"olives, tomatoes, caesar salad",187.0,83.43,3.887,10.716000000000001,3.249,3,3,test,0,Low Calorie
dish_1563389786,"cherry tomatoes, carrot, grilled chicken, bell peppers, olive oil, onions",564.0,640.1379999999999,37.556,30.394000000000002,48.339,6,6,test,2,High Calorie
dish_1559849537,"grapes, pears, mandarin oranges, almonds",393.0,549.523,30.711,65.329,15.437999999999999,4,4,train,2,High Calorie
dish_1550863155,orange,21.0,9.87,0.021,2.52,0.189,1,1,test,0,Low Calorie
dish_1563481061,"wine, cream, mushroom, onions, olive oil, garlic, thyme, salt, cherry tomatoes, pasta, sour cream, chard, spinach (raw), vinegar, mustard, cucumbers, beef, figs",350.000003,541.200036966,29.770955288000003,34.385365402,32.668898713,18,18,train,2,High Calorie
dish_1559233756,"strawberries, bacon, sweet potato, pineapple",222.0,189.85,5.242,30.418000000000003,6.142,4,4,train,1,Medium Calorie
dish_1558459602,spinach (raw),9.0,2.07,0.036,0.324,0.261,1,1,train,0,Low Calorie
dish_1565118999,"bell peppers, onions, cucumbers, lettuce, feta cheese, olives, cherry tomatoes, vinaigrette",287.999999,200.386716804,16.936850345,10.104510587,4.773446793,8,8,train,1,Medium Calorie
dish_1562860700,pineapple,47.0,23.5,0.047,6.11,0.235,1,1,train,0,Low Calorie
dish_1565711083,bacon,33.0,178.53,13.86,0.462,12.21,1,1,train,1,Medium Calorie
dish_1566419603,"caesar salad, roasted potatoes, green beans, cheese pizza, olive oil",251.999999,382.92424969,14.949174999,47.499249930000005,15.365149982,5,5,train,2,High Calorie
dish_1559850338,"almonds, orange, broccoli",130.0,307.117,23.438,19.129,11.725,3,3,train,2,High Calorie
dish_1550773200,"broccoli, tomatoes, nuts",153.0,264.62,20.615000000000002,15.776,9.215,3,3,train,2,High Calorie
dish_1559319971,sweet potato,96.0,72.96,0.0,17.28,0.96,1,1,test,0,Low Calorie
dish_1568145059,"broccoli, roasted potatoes",112.0,112.34,4.864,15.43,2.481,2,2,train,1,Medium Calorie
dish_1558639907,cherry tomatoes,58.0,10.44,0.116,2.262,0.522,1,1,train,0,Low Calorie
dish_1550772367,bacon,30.0,162.3,12.6,0.42,11.1,1,1,train,1,Medium Calorie
dish_1564429808,"salt, cauliflower, jalapenos, arugula, parsley, lemon juice, thyme, olive oil, carrot, garlic, pepper, wheat berry, pork, mayonnaise, cabbage, shallots, quinoa",421.999994,380.67997289100003,10.968195241,50.627721432,21.296412035000003,17,17,train,2,High Calorie
dish_1562788568,"garlic, pilaf, green onions, onions, country rice, olive oil, salt, corn on the cob, fish",229.999999,289.2033877124,11.735166048,46.917166456000004,11.4304067746,9,9,train,2,High Calorie
dish_1558725576,cauliflower,79.0,19.75,0.237,3.95,1.422,1,1,train,0,Low Calorie
dish_1558109864,almonds,37.0,213.897,18.315,8.399,8.288,1,1,train,1,Medium Calorie
dish_1551124481,potatoes,48.0,36.96,0.048,8.16,0.96,1,1,train,0,Low Calorie
dish_1566413469,"chicken, avocado, olives, parmesan cheese, spinach (raw), broccoli",379.0,459.663,25.564,17.134,44.223,6,6,train,2,High Calorie
dish_1558639138,carrot,54.0,22.14,0.108,5.4,0.486,1,1,train,0,Low Calorie
dish_1558031237,cantaloupe,93.0,31.62,0.186,7.44,0.744,1,1,test,0,Low Calorie
dish_1558029230,potatoes,115.0,88.55,0.115,19.55,2.3,1,1,train,1,Medium Calorie
dish_1568649430,"broccoli, berries, yam, sweet potato, olive oil, scrambled eggs",327.0,363.65818158,20.15239836,30.64877552,16.01278788,6,6,train,2,High Calorie
dish_1562698100,"squash, olive oil, salt",82.999999,24.021896225,1.0643646869999999,2.783723786,0.736868061,3,3,train,0,Low Calorie
dish_1562011794,"olive oil, pork, jalapenos, pepper, wheat berry, cabbage, brussels sprouts, carrot, garlic, couscous, parsley, lemon juice, salt, mayonnaise",363.999991,514.642971255,23.744834621,32.783584082,42.11942357,14,14,train,2,High Calorie
dish_1551374527,"banana, broccoli, cantaloupe",194.0,96.05000000000001,0.52,23.23,2.338,3,3,train,1,Medium Calorie
dish_1561736715,scrambled eggs,109.0,161.32,11.99,1.744,10.9,1,1,train,1,Medium Calorie
dish_1550863285,banana,165.0,146.85,0.495,37.95,1.815,1,1,train,1,Medium Calorie
dish_1558720133,cauliflower,57.0,14.25,0.171,2.85,1.026,1,1,train,0,Low Calorie
dish_1558031394,"cantaloupe, deprecated, potatoes, yam",318.0,237.41,0.521,55.476000000000006,4.23,4,4,train,1,Medium Calorie
dish_1551222712,brussels sprouts,51.0,21.93,0.153,4.59,1.734,1,1,train,0,Low Calorie
dish_1551378344,banana,73.0,64.97,0.219,16.79,0.803,1,1,train,0,Low Calorie
dish_1565379320,"pork, bok choy, pepper, salt, sugar, white rice, garlic, soy sauce, carrot, olive oil",247.000002,404.0110401,17.782283414,26.480633592,33.4317491,10,10,train,2,High Calorie
dish_1561577549,pizza,49.0,130.34,4.753,16.17,5.39,1,1,train,1,Medium Calorie
dish_1562774456,sausage,69.0,237.774,18.837,2.898,13.317,1,1,train,1,Medium Calorie
dish_1562613867,"salt, bulgur, parsley, cranberries, shallots, mustard greens, olive oil, arugula, lemon juice, apple, garlic",56.999998000000005,83.886049176,5.606606146,7.847055180000001,1.830647174,11,11,test,0,Low Calorie
dish_1551374746,"banana, cauliflower, lemon",268.0,133.56,0.804,35.34,3.3609999999999998,3,3,train,1,Medium Calorie
dish_1559157919,"pepper, spinach (raw), arugula, blueberries, vinegar, chard, mustard, olive oil, walnuts, salt",39.0,37.094574565,3.328461102,1.523363889,0.990957781,10,10,train,0,Low Calorie
dish_1563393403,"cilantro, lemon juice, quinoa, pepper, garlic, broccoli, salt, onions, zucchini, olive oil, squash, arugula, jalapenos, tomatillo, fish",216.000008,103.154635714,7.439952819,10.219166372,10.354000894,15,15,train,1,Medium Calorie
dish_1567021864,"fish, pepper, blueberries, vinegar, kale, lemon juice, parsley, walnuts, chive, salt, cherry tomatoes, wheat berry, chard, pizza, arugula, mustard, olive oil, shallots, garlic",262.000001,342.875625926,30.51433846,19.44852119,26.453123589,19,19,test,2,High Calorie
dish_1550711017,beef,29.0,72.5,4.35,0.0,7.54,1,1,train,0,Low Calorie
dish_1551322988,white rice,74.0,96.2,0.222,20.72,1.998,1,1,train,1,Medium Calorie
dish_1558637423,"corn on the cob, grapes, apple, almonds",409.0,948.8589999999999,66.364,77.916,32.687,4,4,train,2,High Calorie
dish_1568315088,"garlic, cilantro, onions, avocado, olives, salmon, quinoa, lime, salt, chili, spinach (cooked), shallots, olive oil, lemon juice, ginger, jalapenos, spinach (raw), brown rice, vinegar, tomatoes, mushroom, bok choy, millet, beef",423.000002,582.370345258,34.555083944,28.770145001,41.302201389000004,24,24,train,2,High Calorie
dish_1562615103,"apple, salt, figs, lemon juice, mustard greens, olive oil, squash, arugula, goat cheese",109.999999,94.28853644499999,6.186011953,8.580284328,1.962835477,9,9,train,1,Medium Calorie
dish_1551394614,orange,50.0,23.5,0.05,6.0,0.45,1,1,train,0,Low Calorie
dish_1551381877,"tortilla, corn, asparagus",97.0,135.75199999999998,1.875,28.467000000000002,4.26,3,3,train,1,Medium Calorie
dish_1561748274,"garlic, onions, chili, salt, tortilla, cilantro, olive oil, chicken thighs, cheese, tomatoes",259.999998,558.514643224,28.200544153,27.625927396,48.04008146100001,10,10,train,2,High Calorie
dish_1558632198,garden salad,26.0,16.796,0.884,0.832,1.586,1,1,train,0,Low Calorie
dish_1551136814,"noodles, bacon, scrambled eggs",115.0,216.59,12.497,12.812,12.425,3,3,train,1,Medium Calorie
dish_1563824155,"garlic, turnips, broccoli, salt, zucchini, squash, olive oil, wheat berry, lime, steak, pepper, cauliflower, couscous",360.999998,455.72791516100006,23.568177454999997,27.650077836,34.405872181,13,13,test,2,High Calorie
dish_1567785739,"salt, bell peppers, garlic, cucumbers, olive oil, mustard, sweet potato, vinegar, berries, pineapple, radishes",177.0,168.57647249299998,9.348528548,21.464271666,1.382378729,11,11,train,1,Medium Calorie
dish_1565986761,"cherry tomatoes, fish, chive, ground turkey, cream, chard, onions, lemon juice, parsley, olive oil, shallots, thyme, brown rice, salt, white rice, wheat berry, kale, mushroom, celery, carrot, garlic, eggs",457.000004,576.6294053859999,37.222815735,49.026109502,47.394813495,22,22,train,2,High Calorie
dish_1557937615,strawberries,21.0,6.93,0.063,1.68,0.147,1,1,train,0,Low Calorie
dish_1565641885,"cheese pizza, asparagus",139.0,254.21599999999998,8.695,32.653,11.338000000000001,2,2,test,1,Medium Calorie
dish_1558641287,cherry tomatoes,64.0,11.52,0.128,2.496,0.576,1,1,train,0,Low Calorie
dish_1568318408,"mixed greens, chicken, broccoli, steak",563.0,907.12,43.208,9.175,117.90599999999999,4,4,train,2,High Calorie
dish_1550707958,"beef, bell peppers, carrot",107.0,116.59,5.394,6.77,10.221,3,3,train,1,Medium Calorie
dish_1558639683,cherry tomatoes,89.0,16.02,0.178,3.471,0.801,1,1,train,0,Low Calorie
dish_1568044528,"sweet potato, olive oil, watermelon",233.0,145.46341424000002,3.040878,29.16312196,1.8299512199999999,3,3,train,1,Medium Calorie
dish_1565896701,"chard, olive oil, kale, salt, lime, garlic, cauliflower, steak, wheat berry",183.99999400000002,294.4734287,18.184381729,8.322057531999999,25.747160103,9,9,test,2,High Calorie
dish_1560975601,"broccoli, hominy, parsley, salt, chicken thighs, olive oil, chili, jalapenos, wheat berry, cabbage, garlic, tomatoes, lemon juice, caesar salad, lime, bell peppers",252.999998,233.93563453500002,8.421075464,17.945924643,22.794697805,16,16,train,1,Medium Calorie
dish_1563208129,"yam, sweet potato, olive oil, scrambled eggs",290.999999,426.71122644999997,26.18773598,27.69792426,19.36132074,4,4,train,2,High Calorie
dish_1558029278,bacon,27.0,146.07,11.34,0.378,9.99,1,1,train,1,Medium Calorie
dish_1558641391,cantaloupe,58.0,19.72,0.116,4.64,0.464,1,1,test,0,Low Calorie
dish_1558640450,apple,154.0,80.08,0.308,21.56,0.462,1,1,train,0,Low Calorie
dish_1562956510,"pork, tofu, pepper, white rice, bok choy, garlic, soy sauce, salt, sugar",198.99999999999997,221.16706614,12.196038447,8.990717687,21.758215273,9,9,train,1,Medium Calorie
dish_1563997386,"blueberries, vinegar, spinach (raw), pepper, salt, carrot, olive oil, almonds, parsley, mustard",237.999999,215.884914934,15.762681392,18.095462761,4.212675914,10,10,test,1,Medium Calorie
dish_1558724891,apple,161.0,83.72,0.322,22.54,0.483,1,1,test,0,Low Calorie
dish_1567711402,"pepper, sour cream, nopales, olive oil, chive, salt, fish, corn, jicama, arugula, parsley, pizza, green beans, carrot, garlic, lime",320.999992,397.013360606,26.602858661,36.790283830999996,27.220034228,16,16,test,2,High Calorie
dish_1559678083,"olive oil, cucumbers, salt, parsley, carrot, mixed greens, garlic, cherry tomatoes, vinegar",66.000006,75.81200389300001,7.072568867,2.976039614,0.998627581,9,9,test,0,Low Calorie
dish_1563823390,"cauliflower, vinegar, steak, green beans, wheat berry, olive oil, soy sauce, broccoli, garlic, white rice, chicken, tofu, ginger, spinach (raw), lime, salt, green onions",371.99999399999996,670.17037531,35.285416418,12.291248929,75.57229495200001,17,17,train,2,High Calorie
dish_1550705995,"nuts, potatoes, beef",194.0,549.02,39.813,29.04,24.34,3,3,train,2,High Calorie
dish_1565117962,"chicken breast, bell peppers, tuna",304.0,379.916,5.538,6.21,72.323,3,3,train,2,High Calorie
dish_1566934487,"fish, white beans, cauliflower, garlic, parsley, olive oil, bell peppers, chive, lime, pepper, bok choy, cookies, arugula, snow peas, onions, artichokes, salt, cheese pizza",467.999998,553.04091536,45.807747972,40.849324699,50.738335498000005,18,18,train,2,High Calorie
dish_1558629517,"cauliflower, tomatoes, almonds",167.0,263.219,19.945,16.405,10.336,3,3,train,2,High Calorie
dish_1558629677,apple,142.0,73.84,0.284,19.88,0.426,1,1,train,0,Low Calorie
dish_1551492056,"asparagus, olives, ham",85.0,77.908,5.34,3.795,4.896,3,3,train,0,Low Calorie
dish_1566413510,"spinach (raw), parmesan cheese, olive oil, chicken, avocado, olives, broccoli",412.0,751.383,58.564,17.134,44.223,7,7,train,2,High Calorie
dish_1551323219,kiwi,43.0,26.23,0.215,6.45,0.473,1,1,train,0,Low Calorie
dish_1564689219,"cherry tomatoes, spinach (raw), vinegar, almonds, olive oil, parsley, lemon juice, salt, carrot, mixed greens, chickpeas, garlic, pepper, arugula, lentils, blueberries, tofu, onions, mustard, cucumbers, pears, lettuce, lime",473.999998,506.847010633,28.081551823,44.726832302,27.231212461000002,23,23,test,2,High Calorie
dish_1558029842,cantaloupe,67.0,22.78,0.134,5.36,0.536,1,1,test,0,Low Calorie
dish_1563378002,egg whites,204.0,106.08,0.408,1.428,20.4,1,1,train,1,Medium Calorie
dish_1565020796,"egg whites, bacon",99.0,90.6,3.542,0.749,12.059999999999999,2,2,test,1,Medium Calorie
dish_1568320338,"olive oil, onions, cheese pizza, millet, spinach (cooked), shallots, salt, bok choy, beef, vinegar",162.999998,390.18080159,17.41452432,30.789934694000003,25.454533594,10,10,train,2,High Calorie
dish_1550772809,berries,95.0,54.15,0.285,13.3,0.665,1,1,train,0,Low Calorie
dish_1566332154,"spinach (raw), cucumbers, olives, chicken",425.0,401.05,17.644,11.356,50.261,4,4,test,2,High Calorie
dish_1551486372,olives,79.0,90.85,8.453,4.977,0.632,1,1,train,1,Medium Calorie
dish_1563824092,"broccoli, zucchini, salt, olive oil, squash, turnips, pepper",135.000004,36.279596891,0.9890334249999999,6.352623836,1.444974201,7,7,test,0,Low Calorie
dish_1550711244,oatmeal,174.0,118.32,2.436,20.88,4.176,1,1,train,1,Medium Calorie
dish_1558630814,almonds,34.0,196.554,16.83,7.718,7.616,1,1,train,1,Medium Calorie
dish_1550706705,"chicken, cucumbers, cauliflower",325.0,279.9,5.703,6.15,49.262,3,3,train,2,High Calorie
dish_1566331828,"chicken, millet, pepper, spinach (raw), jalapenos, brussels sprouts, olive oil, onions, garlic, salt, tomatoes, bell peppers",306.000002,349.58307015,11.75417572,20.382790436,41.194606114,12,12,train,2,High Calorie
dish_1551384024,berries,82.0,46.74,0.246,11.48,0.574,1,1,test,0,Low Calorie
dish_1551492348,"cauliflower, chicken, olives",201.0,214.85,9.45,6.88,26.086,3,3,train,1,Medium Calorie
dish_1550771984,"tomatoes, berries, bell peppers",144.0,66.3,0.564,15.336,1.476,3,3,train,0,Low Calorie
dish_1559581378,"onions, cucumbers, olive oil, mixed greens, cherry tomatoes, lime, lettuce, eggs, salt, pepper, sausage, broccoli, vinegar, bacon",372.0,705.73476685,52.45936479,11.826250673,44.451259464,14,14,train,2,High Calorie
dish_1551323487,shrimp,79.0,78.21,0.237,0.158,18.96,1,1,test,0,Low Calorie
dish_1563381512,"turkey bacon, roasted potatoes, chilaquiles",332.0,636.132,38.147999999999996,45.275999999999996,27.028000000000002,3,3,test,2,High Calorie
dish_1566414412,"shallots, olive oil, garlic, lemon juice, basil, cream, wheat berry, mushroom, arugula, cherry tomatoes, quinoa, chicken, pepper, bell peppers, white wine, lettuce, feta cheese, roasted potatoes, onions, butter, thyme, rosemary, cucumbers, olives, oregano, vinaigrette, salt",658.000003,920.1205409400001,37.812385297,57.062325593,85.33483990599998,27,27,test,2,High Calorie
dish_1567537252,"pepper, white rice, kale, olive oil, soy sauce, chili, salt, vinegar, beef, onions, carrot, orange juice, garlic, broccoli, green onions",303.0,464.45957272,25.214237952999998,17.229736975,39.963159008,15,15,train,2,High Calorie
dish_1550796634,orange,35.0,16.45,0.035,4.2,0.315,1,1,train,0,Low Calorie
dish_1558639482,corn on the cob,29.0,30.769,0.696,6.38,0.899,1,1,test,0,Low Calorie
dish_1563565720,"shallots, chive, salt, kale, lemon juice, parsley, olive oil, wheat berry, chard, mushroom, cherry tomatoes, fish, garlic",148.999999,84.662778881,7.843437593,4.980220818,11.324039199000001,13,13,train,0,Low Calorie
dish_1558720335,cantaloupe,46.0,15.64,0.092,3.68,0.368,1,1,train,0,Low Calorie
dish_1551123396,pineapple,65.0,32.5,0.065,8.45,0.325,1,1,train,0,Low Calorie
dish_1563305837,"kale, croutons, caesar dressing, parmesan cheese",14.0,11.431159647,0.446888128,1.173633571,0.867943163,4,4,train,0,Low Calorie
dish_1564590254,"pineapple, watermelon, berries, cantaloupe, sweet potato, olive oil",432.000001,248.53585027999998,3.610219,54.17278076,3.23948782,6,6,test,1,Medium Calorie
dish_1563550976,"bacon, cheese, scrambled eggs, roasted potatoes",165.0,284.69,18.796,14.418000000000001,13.842,4,4,train,2,High Calorie
dish_1565711183,"blackberries, vinaigrette, bacon, granola, mixed greens, egg whites, salt, raspberries, pepper, brussels sprouts, olive oil",461.000002,460.423379932,20.747549366,20.976869201,44.718551076,11,11,train,2,High Calorie
dish_1558640105,corn on the cob,73.0,77.453,1.752,16.06,2.263,1,1,train,0,Low Calorie
dish_1551490503,"sausage, asparagus, carrot",98.0,178.904,13.17,4.942,10.155999999999999,3,3,train,1,Medium Calorie
dish_1567629106,"caesar salad, cheese pizza",211.0,292.55,11.001000000000001,35.353,13.952,2,2,test,2,High Calorie
dish_1562094877,"quinoa, squash, eggplant, mushroom, spinach (cooked), shallots, garlic, wine, salt, lemon juice, olive oil, chicken thighs",155.00000699999998,234.576116845,10.473827422,3.63415417,29.46550122,12,12,test,1,Medium Calorie
dish_1550772168,scrambled eggs,91.0,134.68,10.01,1.456,9.1,1,1,train,1,Medium Calorie
dish_1566417442,"eggplant, vinegar, cherry tomatoes, salt, mixed greens, celery root, mustard, olive oil",158.00000500000002,93.8305346,6.675509604999999,8.566474047,1.890685908,8,8,train,1,Medium Calorie
dish_1565810237,"lemon juice, lime, salt, chili, garlic, tofu, cabbage, pumpkin seeds, olive oil, mustard, tomatoes, bell peppers, lettuce, carrot, mixed greens, hominy, parsley, arugula, vinegar, jalapenos, chicken thighs",305.999998,349.866411647,19.253120961999997,7.274592995,38.688905571,21,21,train,2,High Calorie
dish_1560455203,"mixed greens, carrot, lettuce, pumpkin seeds, mustard, olive oil, vinegar, arugula, green beans, honeydew melons, salt",188.000001,115.100848386,6.0255224300000005,14.741323442,2.592316153,11,11,train,1,Medium Calorie
dish_1551221935,"tortilla, cauliflower, fish",176.0,138.87,7.127,20.15,12.065999999999999,3,3,train,1,Medium Calorie
dish_1561740321,"bell peppers, garlic, salt, olive oil, cucumbers, mustard, vinegar, radishes",28.0,52.980412082,5.462206033,1.063660652,0.27592728499999997,8,8,train,0,Low Calorie
dish_1551237854,"tortilla, noodles, beef",159.0,338.78,13.132,30.9,23.555,3,3,train,2,High Calorie
dish_1551318673,"lemon, oatmeal, cauliflower",251.0,118.42999999999999,2.117,23.59,4.849,3,3,train,1,Medium Calorie
dish_1551394874,"tofu, kiwi, orange",113.0,66.25,1.913,10.734,3.627,3,3,train,0,Low Calorie
dish_1558636980,"apple, grapes, carrot, cherry tomatoes, almonds",397.0,222.77800000000002,4.7379999999999995,47.007,4.415,5,5,train,1,Medium Calorie
dish_1551234106,"bell peppers, tortilla, ham",101.0,140.18,3.146,19.5,9.92,3,3,test,1,Medium Calorie
dish_1563909580,"mustard greens, cucumbers, tomatoes, salt, mustard, garlic, fried rice, cheese pizza, vinegar, spinach (raw), green beans, olive oil",361.000008,544.311572133,20.122177514,74.144116538,18.481765222,12,12,train,2,High Calorie
dish_1562949242,"bacon, cantaloupe, olive oil, sweet potato",119.00000299999999,139.55853788000002,6.642195,14.65580544,5.4048780800000005,4,4,train,1,Medium Calorie
dish_1562094931,"garlic, shallots, arugula, mushroom, bell peppers, chicken thighs, white beans, squash, onions, olive oil, snow peas, lemon juice, parsley, lime, pepper, spinach (cooked), wine, fish, quinoa, eggplant, salt, artichokes, chive",282.000007,376.749092104,25.350722505,9.95454595,47.635503069,23,23,test,2,High Calorie
dish_1566838317,"watermelon, pineapple",284.0,114.2,0.42300000000000004,29.414,1.559,2,2,test,1,Medium Calorie
dish_1551307394,"brussels sprouts, corn, scrambled eggs",165.0,170.4,8.739,14.921999999999999,10.362,3,3,train,1,Medium Calorie
dish_1551138110,pineapple,89.0,44.5,0.089,11.57,0.445,1,1,train,0,Low Calorie
dish_1568144925,"olive oil, onions, salt, carrot, olives, pepper, cherry tomatoes, caesar dressing",322.000004,147.21217959999998,5.2845331700000004,24.261691093,3.991856476,8,8,train,1,Medium Calorie
dish_1564083480,"grilled chicken, olives",133.0,259.702,18.263,2.427,21.992,2,2,train,1,Medium Calorie
dish_1560441311,"bok choy, bacon, quinoa, potatoes",93.0,190.4,11.382000000000001,10.078,11.379,4,4,train,1,Medium Calorie
dish_1550789321,"fish, tomatoes, broccoli",159.0,76.89,5.904,8.178,8.924,3,3,train,0,Low Calorie
dish_1551223195,bread,54.0,143.316,2.268,22.842,7.29,1,1,train,1,Medium Calorie
dish_1562605384,"brussels sprouts, scrambled eggs, olive oil, pepper, sweet potato, salt",262.000001,306.19283181000003,18.418286507,18.374266923,16.96074349,6,6,train,2,High Calorie
dish_1567526845,"olive oil, egg whites, watermelon, yam, sweet potato, berries",709.0,448.15,7.376,44.131,45.69,6,6,train,2,High Calorie
dish_1550863037,"pineapple, orange, berries",116.0,60.31,0.212,15.21,0.8160000000000001,3,3,train,0,Low Calorie
dish_1568060616,mixed greens,61.0,17.08,0.244,3.233,1.342,1,1,train,0,Low Calorie
dish_1551393113,nuts,58.0,352.06,31.32,12.18,11.6,1,1,train,2,High Calorie
dish_1566920304,egg whites,570.0,296.4,1.14,3.99,57.0,1,1,train,2,High Calorie
dish_1551384080,pineapple,92.0,46.0,0.092,11.96,0.46,1,1,train,0,Low Calorie
dish_1550779014,"cucumbers, bacon, nuts",111.0,253.92000000000002,21.24,7.848,11.129999999999999,3,3,test,1,Medium Calorie
dish_1568666357,"chicken, artichokes, lettuce, broccoli, olive oil",603.0,751.6800000000001,42.484,21.3,72.937,6,5,train,2,High Calorie
dish_1558114284,"deprecated, grapes, cantaloupe",316.0,162.23000000000002,0.632,22.569,21.320999999999998,3,3,train,1,Medium Calorie
dish_1559678104,"cucumbers, olive oil, parsley, garlic, carrot, mixed greens, salt, cherry tomatoes, broccoli, vinegar",135.00000599999998,99.962003893,7.348568867,7.8060396139999995,2.6546275809999997,10,10,train,1,Medium Calorie
dish_1563553735,"vinaigrette, raspberries, mixed greens, granola, blackberries",87.999998,114.385802489,6.131612634,13.543483507,2.81599994,5,5,train,1,Medium Calorie
dish_1567785709,"radishes, berries, salt, garlic, olive oil, vinegar, cucumbers, mustard, pineapple, bell peppers",137.999998,131.250613373,8.397308548000002,14.615490906,1.0018909089999999,10,10,test,1,Medium Calorie
dish_1559934708,"garlic, quinoa, salt, mushroom, olive oil, chicken thighs, eggplant, squash, white rice, lemon juice, wine, shallots, spinach (cooked), caesar salad",178.00000599999998,202.445490645,7.353577403,13.47815396,19.765001176000002,14,14,test,1,Medium Calorie
dish_1564590352,"pineapple, cantaloupe, salsa, watermelon, olive oil, sweet potato, berries, egg whites",962.000001,497.91585028,4.670219,64.60878076,46.54948782,8,8,test,2,High Calorie
dish_1551237321,"orange, bell peppers, ham",272.0,158.57,2.242,28.485000000000003,9.334,3,3,train,1,Medium Calorie
dish_1559848929,"pears, grapes, mandarin oranges",321.0,189.292,0.494,49.502,1.697,3,3,test,1,Medium Calorie
dish_1559674866,"honeydew melons, grapes, caesar salad",303.0,125.66,2.329,24.91,4.267,3,3,train,1,Medium Calorie
dish_1558639818,cantaloupe,59.0,20.06,0.118,4.72,0.472,1,1,test,0,Low Calorie
dish_1551222068,cucumbers,51.0,5.1,0.0,1.02,0.51,1,1,train,0,Low Calorie
dish_1566502033,"corn on the cob, bok choy, olive oil",253.000012,136.21778311,6.502829414,19.129268554,4.831683105,3,3,train,1,Medium Calorie
dish_1565637608,"white rice, spinach (raw), parmesan cheese, pork, rosemary, parsley, salt, garlic, quinoa, chicken breast, arugula, cherry tomatoes, wheat berry, onions, olive oil, thyme, zucchini, pineapple",277.999994,422.288907975,17.309323613,22.189263099999998,42.41649802,18,18,test,2,High Calorie
dish_1558722103,"cherry tomatoes, cauliflower, apple, cantaloupe, almonds",368.0,304.841,16.072,38.445,9.517,5,5,train,2,High Calorie
dish_1551379741,cauliflower,114.0,28.5,0.342,5.7,2.052,1,1,train,0,Low Calorie
dish_1564503184,bacon,18.0,97.38,7.56,0.252,6.66,1,1,train,1,Medium Calorie
dish_1558722207,apple,160.0,83.2,0.32,22.4,0.48,1,1,test,0,Low Calorie
dish_1561664977,green beans,47.0,14.57,0.047,3.29,0.846,1,1,test,0,Low Calorie
dish_1551314390,"pineapple, lemon, orange",139.0,59.96,0.221,16.12,1.065,3,3,train,0,Low Calorie
dish_1558722171,cauliflower,97.0,24.25,0.291,4.85,1.746,1,1,train,0,Low Calorie
dish_1563378690,"cream cheese, mozzarella cheese, bagels",152.000006,412.528016,14.708000415,50.868002505,19.396800567,3,3,train,2,High Calorie
dish_1568217417,"salt, roasted potatoes, garlic, bell peppers, cucumbers, olive oil, mustard, vinegar, scrambled eggs, sausage, radishes",300.0,587.876141881,44.887072354,16.583527214,28.291327259,11,11,train,2,High Calorie
dish_1558641989,cauliflower,55.0,13.75,0.165,2.75,0.99,1,1,train,0,Low Calorie
dish_1562784388,"shallots, apple, eggplant, corn on the cob, pilaf, cranberries, lemon juice, salt, arugula, parsley, pizza, olive oil, mustard greens, garlic, bulgur",358.000002,465.636436385,20.243624458,63.719731501,11.464595791,15,15,train,2,High Calorie
dish_1551567368,broccoli,44.0,15.4,0.176,3.08,1.056,1,1,test,0,Low Calorie
dish_1560270537,pineapple,48.0,24.0,0.048,6.24,0.24,1,1,train,0,Low Calorie
dish_1564516732,"carrot, olive oil, salt, pepper",53.999999,26.54551221,0.638884042,5.326569196,0.479778181,4,4,train,0,Low Calorie
dish_1559585533,broccoli,37.0,12.95,0.148,2.59,0.888,1,1,train,0,Low Calorie
dish_1550862272,berries,44.0,25.08,0.132,6.16,0.308,1,1,train,0,Low Calorie
dish_1558633221,"corn on the cob, cherry tomatoes, apple, cauliflower, carrot",449.0,176.879,1.417,42.900999999999996,4.438,5,5,train,1,Medium Calorie
dish_1559245920,cauliflower,57.0,14.25,0.171,2.85,1.026,1,1,train,0,Low Calorie
dish_1551142459,ham,67.0,97.15,4.02,1.005,14.07,1,1,test,1,Medium Calorie
dish_1563820834,"chicken, soy sauce, green beans, spinach (raw), olive oil, zucchini, green onions, salt, broccoli, white rice, ginger, vinegar, squash, pizza, garlic",311.000006,308.89444778,7.87747994,23.031398938,35.561857467,15,15,train,2,High Calorie
dish_1551134138,"cantaloupe, pineapple, scrambled eggs",238.0,194.33999999999997,9.783,17.922,9.641,3,3,test,1,Medium Calorie
dish_1561662948,"mixed greens, olive oil, parsley, lemon juice, brown rice, corn on the cob, vinegar, chicken, millet, chive, garlic, salt, carrot, onions, rosemary, basil, green beans, chard, apple",230.000003,293.60551803,9.301703768,12.249766551,39.475027084000004,19,19,train,2,High Calorie
dish_1558459020,cherry tomatoes,61.0,10.98,0.122,2.379,0.549,1,1,train,0,Low Calorie
dish_1558721434,"cherry tomatoes, carrot, cauliflower, cantaloupe",350.0,99.9,0.778,22.713,3.759,4,4,train,1,Medium Calorie
dish_1550860361,potatoes,100.0,77.0,0.1,17.0,2.0,1,1,train,0,Low Calorie
dish_1562785184,"salt, green onions, garlic, caesar salad, country rice, olive oil, onions, eggplant, fish",390.000006,290.39796959119997,28.066152288,20.020033647,33.6268491988,9,9,train,2,High Calorie
dish_1559678127,"vinegar, parsley, eggplant, cherry tomatoes, salt, garlic, carrot, mixed greens, olive oil, broccoli, cucumbers",170.00000599999998,108.64200389300001,7.418568866999999,9.871039613999999,3.004627581,11,11,test,1,Medium Calorie
dish_1551564131,oatmeal,48.0,32.64,0.672,5.76,1.152,1,1,train,0,Low Calorie
dish_1558372650,grapes,83.0,57.27,0.166,14.94,0.581,1,1,train,0,Low Calorie
dish_1563827425,caesar salad,138.0,60.72,2.898,5.934,4.416,1,1,train,0,Low Calorie
dish_1561405411,"green beans, broccoli, salt, pears, chicken, lemon juice, vinegar, arugula, spinach (raw), parsley, olive oil, garlic, soy sauce, green onions, chickpeas, pepper, couscous, white rice, ginger",281.999999,332.06345607599997,8.511057833,25.675438268,37.227946263,19,19,train,2,High Calorie
dish_1559841979,"broccoli, mandarin oranges",85.0,39.29,0.28700000000000003,9.129999999999999,1.192,2,2,train,0,Low Calorie
dish_1563220767,"pork, olive oil, arugula, white rice, salt, rosemary, garlic, onions, parsley, zucchini",130.0,265.894327176,14.748607613,4.812822356,26.540919709,10,10,train,2,High Calorie
dish_1562959059,"garlic, cilantro, salt, pizza, onions, lemon juice, olive oil, jalapenos, pepper, fish, arugula, quinoa, tomatillo, roasted potatoes",215.99999400000002,365.763586046,21.984430018,36.174993274,22.950005828,14,14,train,2,High Calorie
dish_1565378770,"pork, wheat berry, pepper, bok choy, carrot, soy sauce, garlic, salt, sugar, white rice, olive oil",287.0,319.28035099,11.794085847,36.280935002,19.016380936,11,11,train,2,High Calorie
dish_1551375411,cantaloupe,83.0,28.22,0.166,6.64,0.664,1,1,train,0,Low Calorie
dish_1559678651,"ketchup, jalapenos, fish, salt, bell peppers, white rice, cilantro, shallots, lime, olive oil, kale, onions, caesar salad",122.0,107.856663362,9.327810709,7.94995102,10.966075244,13,13,train,1,Medium Calorie
dish_1562085163,"scrambled eggs, bacon",144.0,279.93,21.11,2.27,18.99,2,2,train,2,High Calorie
dish_1562008738,"arugula, chard, vinegar, cauliflower, garlic, salt, olive oil, mustard, pecans, blueberries",109.00000200000001,64.0666167,4.610000536,5.13744464,2.136500054,10,10,train,0,Low Calorie
dish_1551394927,"orange, tofu, kiwi",113.0,66.25,1.913,10.734,3.6270000000000002,3,3,train,0,Low Calorie
dish_1562950091,"roasted potatoes, scrambled eggs, sausage",290.0,550.982,36.857,29.669999999999998,24.012999999999998,3,3,train,2,High Calorie
dish_1550778619,berries,68.0,38.76,0.204,9.52,0.476,1,1,train,0,Low Calorie
dish_1565812146,"salt, walnuts, olive oil, mustard, vinegar, chard, blueberries, arugula, pineapple, pepper",93.000001,72.940168763,4.279878607,8.859468064,1.148945836,10,10,test,0,Low Calorie
dish_1562095340,"cucumbers, onions, olive oil, mustard, garlic, salt, sun dried tomatoes, spinach (raw), vinegar, pizza",381.000004,718.957425599,37.595327416,72.492672986,25.508714849999997,10,10,train,2,High Calorie
dish_1566328745,"chicken, cherry tomatoes",203.0,282.03000000000003,6.084,1.404,52.094,2,2,train,2,High Calorie
dish_1551133789,pineapple,89.0,44.5,0.089,11.57,0.445,1,1,train,0,Low Calorie
dish_1561740353,"bell peppers, garlic, strawberries, cucumbers, mustard, salt, olive oil, vinegar, radishes",96.0,75.420412082,5.666206033,6.503660652,0.751927285,9,9,train,0,Low Calorie
dish_1560802048,"squash, olive oil, salt, parmesan cheese, croutons, kale, caesar dressing",82.999998,47.21388638,1.904628033,4.996576717,3.0740597800000002,7,7,train,0,Low Calorie
dish_1550708702,"cheese, scrambled eggs, pineapple",176.0,273.34000000000003,18.665,11.264,15.575,3,3,train,2,High Calorie
dish_1564429744,"parsley, thyme, garlic, shallots, olive oil, lemon juice, arugula, salt, cauliflower, quinoa",373.999998,282.477227321,5.089361202,49.256983817000005,11.891616553,10,10,train,2,High Calorie
dish_1562691409,"yam, scrambled eggs",164.0,225.99,10.48,22.084,10.52,2,2,train,1,Medium Calorie
dish_1551125305,mixed greens,16.0,4.48,0.064,0.848,0.352,1,1,train,0,Low Calorie
dish_1551124687,"tomatoes, bacon, potatoes",131.0,166.58,8.889000000000001,12.724,8.801,3,3,test,1,Medium Calorie
dish_1564516454,"snow peas, parsley, olive oil, chive, lime, salt, fish, pepper, chicken breast, white beans, arugula, onions, artichokes, garlic, bell peppers, cherry tomatoes, olives",266.0,311.14297525899997,20.709895083,9.26939178,43.554001849,17,17,train,2,High Calorie
dish_1562183065,mushroom,75.0,16.5,0.225,2.475,2.325,1,1,train,0,Low Calorie
dish_1564685183,"lime, cherry tomatoes, salt, pepper, onions, green beans, cucumbers, vinegar, olive oil, mixed greens, lettuce",150.000001,127.10711495999999,10.841024993000001,7.109584611,2.239599137,11,11,train,1,Medium Calorie
dish_1558724658,"brussels sprouts, honeydew melons, broccoli",364.0,138.36,0.882,30.88,7.028,3,3,train,1,Medium Calorie
dish_1561579902,"olive oil, rosemary, lemon juice, butter, pepper, chard, spinach (cooked), shallots, chicken, millet, bok choy, walnuts, mushroom, wheat berry, thyme, onions, basil, olives, salt, garlic, white wine, mustard, blueberries, beef, arugula, vinegar, oregano, cream",247.0,406.397703954,24.016941939,9.00445841,37.768027286,28,28,train,2,High Calorie
dish_1561492228,"cherry tomatoes, blueberries, jalapenos, vinegar, pepper, chicken, parsley, salt, lemon juice, tomatoes, mustard, olive oil, chive, shallots, spinach (raw), chard, radishes, millet, bell peppers, garlic, fish, fried rice, onions, wheat berry",488.00001,648.1802888889999,34.085527576,54.370659851,58.203134344,24,24,test,2,High Calorie
dish_1562689620,"broccoli, olive oil, scrambled eggs",147.0,183.41170711,13.146829244,4.28682927,11.866341464,3,3,train,1,Medium Calorie
dish_1558629715,"apple, cauliflower, mixed greens",247.0,100.54,0.614,25.175,2.376,3,3,test,1,Medium Calorie
dish_1561736736,"scrambled eggs, bacon",145.0,356.08,27.11,2.248,24.22,2,2,train,2,High Calorie
dish_1558113154,grapes,54.0,37.26,0.108,9.72,0.378,1,1,train,0,Low Calorie
dish_1561392430,"sausage, broccoli, strawberries",149.0,208.746,14.25,9.652000000000001,11.09,3,3,train,1,Medium Calorie
dish_1562872981,"lime, salt, couscous, carrot, olive oil, nopales, sour cream, arugula, jicama, corn, fish, cherry tomatoes, parsley, garlic, chive, pepper",287.999997,268.319677666,15.604353087999998,32.493450328,20.539216788,16,16,test,2,High Calorie
dish_1559846528,"pears, broccoli, almonds",267.0,322.726,17.159,40.51,9.187999999999999,3,3,train,2,High Calorie
dish_1550876055,"potatoes, chicken, cantaloupe",215.0,253.51999999999998,4.456,12.459999999999999,38.608000000000004,3,3,train,1,Medium Calorie
dish_1568666230,"lettuce, broccoli",268.0,55.8,0.692,10.969999999999999,4.532,2,2,train,0,Low Calorie
dish_1563551006,"scrambled eggs, cheese, bacon, roasted potatoes, country rice",213.0,357.6692,22.06,29.586,15.6948,5,5,train,2,High Calorie
dish_1566936266,"spinach (cooked), shallots, wine, lemon juice, olive oil, chicken thighs, squash, eggplant, quinoa, mushroom, salt, garlic",146.000003,220.95555722100002,9.865669073,3.423138559,27.754600212,12,12,test,1,Medium Calorie
dish_1564415499,"olive oil, sweet potato",95.00000299999999,90.92195211999999,2.317073,16.6829274,0.9268293,2,2,train,1,Medium Calorie
dish_1568044496,watermelon,118.0,35.4,0.236,8.968,0.708,1,1,train,0,Low Calorie
dish_1562612974,mixed greens,32.0,8.96,0.128,1.696,0.704,1,1,train,0,Low Calorie
dish_1551488485,"ham, orange, olives",79.0,92.75,6.03,4.155,6.5,3,3,train,1,Medium Calorie
dish_1561146758,bagels,93.0,232.5,1.395,45.57,9.393,1,1,train,1,Medium Calorie
dish_1566587662,"kale, chard",197.0,66.98,0.8865000000000001,12.5095,5.0235,2,2,train,0,Low Calorie
dish_1551318422,"kiwi, potato chips, corn",97.0,151.47,6.680000000000001,22.990000000000002,2.8289999999999997,3,3,train,1,Medium Calorie
dish_1561753400,"cheese, salmon, olive oil, tortilla, salt, garlic, pepper, brown rice, arugula, thyme, chicken thighs, onions, tomatoes, cilantro, chili",178.0,354.682682834,17.941112965000002,13.896811755999998,32.959271062,15,15,test,2,High Calorie
dish_1568060501,"tomatoes, cherry tomatoes, garlic, lemon juice, cucumbers, mustard greens, olive oil, parsley, rosemary, lime, fried rice, mangos, white rice, pork, zucchini, jalapenos, arugula, onions, cilantro, salt",412.999995,548.655418436,22.456876266000002,46.391013942,40.013259676,20,20,train,2,High Calorie
dish_1559062005,turkey bacon,30.0,113.91,8.43,0.93,8.73,1,1,train,1,Medium Calorie
dish_1551392519,tofu,77.0,56.21,3.696,1.463,6.16,1,1,train,0,Low Calorie
dish_1558376801,mixed greens,15.0,4.2,0.06,0.795,0.33,1,1,train,0,Low Calorie
dish_1568144612,broccoli,78.0,27.3,0.312,5.46,1.872,1,1,train,0,Low Calorie
dish_1563305047,"salt, broccoli, parsley, lemon juice, kale, green onions, orange juice, wheat berry, eggplant, tofu, pepper, beef, soy sauce, garlic, shallots, chili, onions, thyme, olive oil, vinegar, spinach (raw), carrot, chicken, white rice",805.9999879999999,1032.311997747,36.693318555000005,28.700218115000002,143.492503313,24,24,test,2,High Calorie
dish_1566502315,"white rice, pork, soy sauce, chard, brown rice, lemon juice, parsley, olive oil, caesar salad, carrot, chive, salt, pepper, bok choy, chicken, rosemary, basil, garlic, sugar",495.00001100000003,577.1846276829999,23.341836441,28.699401513,62.750056727,19,19,train,2,High Calorie
dish_1561392710,watermelon,106.0,31.8,0.212,8.056,0.636,1,1,test,0,Low Calorie
dish_1551373647,orange,69.0,32.43,0.069,8.28,0.621,1,1,train,0,Low Calorie
dish_1551380910,mushroom,22.0,4.84,0.066,0.726,0.682,1,1,train,0,Low Calorie
dish_1567612986,"egg whites, sweet potato, olive oil",524.000001,340.2263438,4.518488,29.80251234,38.41219513,3,3,train,2,High Calorie
dish_1551306241,bacon,19.0,102.79,7.98,0.266,7.03,1,1,train,1,Medium Calorie
dish_1562777099,"salt, pepper, strawberries, sweet potato, scrambled eggs, olive oil, brussels sprouts",306.000004,303.71863095,16.921306095,23.06301934,15.64368335,7,7,train,2,High Calorie
dish_1563480476,"salmon, salt, lime, chili, onions, lemon juice, olive oil, ginger, jalapenos, spinach (raw), brown rice, cilantro, shallots, garlic",331.999998,517.897122134,21.641102519,15.248221345000001,60.135342881999996,14,14,train,2,High Calorie
dish_1558376483,"cantaloupe, almonds, grapes, sausage",270.0,735.03,55.444,32.24,33.301,4,4,train,2,High Calorie
dish_1565727738,mixed greens,9.0,2.52,0.036,0.477,0.198,1,1,train,0,Low Calorie
dish_1565637162,"garlic, salt, pasta salad, rosemary, zucchini, onions, parsley, olive oil, pork, arugula, white rice",285.999999,581.508652416,33.07954298,26.089734286000002,41.841678088,11,11,test,2,High Calorie
dish_1558027164,bacon,30.0,162.3,12.6,0.42,11.1,1,1,train,1,Medium Calorie
dish_1558457665,"cantaloupe, sweet potato, eggs, cauliflower",325.0,273.205,11.987,24.532,16.387,4,4,train,2,High Calorie
dish_1566246541,"feta cheese, chicken, mixed greens, broccoli",331.0,460.055,18.149,9.05,62.754000000000005,4,4,train,2,High Calorie
dish_1561662842,"apple, vinegar, parsley, onions, carrot, salt, chive, chicken, millet, garlic, chard, brown rice, lemon juice, rosemary, olive oil, basil, mixed greens",172.000003,263.12551803,8.762703768,5.8827665510000005,38.171027084,17,17,train,2,High Calorie
dish_1562963289,"caesar salad, cheese pizza",180.0,349.918,12.686,43.364,15.52,2,2,train,2,High Calorie
dish_1566330428,"vinegar, beef, millet, bok choy, cauliflower, spinach (cooked), shallots, salt, onions, olive oil",227.999997,290.69090384,15.530230868999999,8.839510081999999,27.576400262,10,10,train,2,High Calorie
dish_1561481606,"bacon, scrambled eggs",141.0,354.09,26.979999999999997,2.182,24.09,2,2,train,2,High Calorie
dish_1561147967,"chard, vinegar, mustard, olive oil, carrot, salt, raspberries, cheese pizza, blueberries, arugula, almonds",85.000002,177.980034732,8.437008382,19.343935543,6.532392851,11,11,train,1,Medium Calorie
dish_1562963676,"green onions, vinegar, radishes, roasted potatoes, olive oil, carrot, soy sauce, caesar salad, mixed greens, cabbage, pizza, rice noodles, garlic",349.999996,397.8187445,16.247376020999997,51.813420898000004,12.388956527,13,13,train,2,High Calorie
dish_1558381819,tomatoes,65.0,22.1,0.455,4.42,0.455,1,1,train,0,Low Calorie
dish_1565207727,"green onions, garlic, cilantro, broccoli, olive oil, kale, vinegar, white rice, pineapple, fish, salt, pizza, lemon juice, country rice, onions, chicken thighs",231.0,314.7712196768,18.036247422,33.079639511,21.4631345042,16,16,train,2,High Calorie
dish_1551391795,"lemon, bacon, tofu",141.0,158.41,10.416,7.9799999999999995,11.546000000000001,3,3,train,1,Medium Calorie
dish_1551567426,"broccoli, tofu, ham",149.0,142.45,6.056,4.795,18.555999999999997,3,3,train,1,Medium Calorie
dish_1568056217,"carrot, chicken, onions, cherry tomatoes, olives",427.0,480.78,12.261999999999999,13.921,75.537,5,5,train,2,High Calorie
dish_1561996122,"scrambled eggs, bacon",173.0,405.38,30.810000000000002,2.692,27.560000000000002,2,2,train,2,High Calorie
dish_1559845399,"potatoes, mandarin oranges, strawberries",178.0,107.17999999999999,0.362,24.63,2.417,3,3,train,1,Medium Calorie
dish_1561393649,"berries, pineapple, cottage cheese",359.0,271.53999999999996,7.967,30.854,20.491,3,3,train,2,High Calorie
dish_1551139487,brussels sprouts,56.0,24.08,0.168,5.04,1.904,1,1,train,0,Low Calorie
dish_1563476408,"salmon, garlic, shallots, chili, lemon juice, onions, olive oil, cream, jalapenos, brown rice, wine, pasta, cilantro, lime, brownies, salt, mushroom, ginger, spinach (raw), beef, sour cream, thyme",512.999997,990.400070879,47.925028169,55.908292054,79.199826492,22,22,test,2,High Calorie
dish_1551391672,lemon,76.0,22.04,0.228,6.84,0.836,1,1,train,0,Low Calorie
dish_1564518454,cheese pizza,62.0,164.858,5.828,20.77,6.944,1,1,train,1,Medium Calorie
dish_1562873002,"chive, cherry tomatoes, green beans, parsley, olive oil, sour cream, carrot, salt, fish, pepper, corn, jicama, nopales, arugula, garlic, lime, couscous",306.999997,278.26142766600003,16.097878087999998,33.790200328,20.872666788,17,17,train,2,High Calorie
dish_1565637123,pasta salad,114.0,229.71,13.566,19.722,6.726,1,1,train,1,Medium Calorie
dish_1563897087,"broccoli, egg whites",231.0,102.44,0.6699999999999999,8.169,15.196,2,2,train,1,Medium Calorie
dish_1559157777,spinach (raw),11.0,2.53,0.044,0.396,0.319,1,1,train,0,Low Calorie
dish_1560543704,"roasted potatoes, cauliflower",161.0,140.01,6.0729999999999995,19.23,3.156,2,2,train,1,Medium Calorie
dish_1551134757,potatoes,42.0,32.34,0.042,7.14,0.84,1,1,train,0,Low Calorie
dish_1565020822,"olive oil, egg whites, sweet potato, bacon",193.000004,180.56488167999998,5.834683,17.25631778,12.97707321,4,4,train,1,Medium Calorie
dish_1551491090,"broccoli, tofu, olives",119.0,90.83,6.606,5.945,4.4799999999999995,3,3,train,1,Medium Calorie
dish_1559238566,berries,109.0,62.13,0.327,15.26,0.763,1,1,train,0,Low Calorie
dish_1561662160,"lemon juice, olive oil, onions, mixed greens, salt, apple, millet, parsley, vinegar",36.000001,41.838319256999995,3.375080289,2.75281572,0.630160082,9,9,train,0,Low Calorie
dish_1564169340,"lemon juice, pepper, cilantro, watermelon, tatsoi, olive oil, cucumbers, sandwiches, chili, tomatoes, garlic, chicken thighs, onions, parsley, tortilla, kale, salt, cheese",518.000007,657.5175432,30.844041844,48.579582128,48.924632614000004,18,18,train,2,High Calorie
dish_1566589967,"onions, olive oil, garlic, bell peppers, salt, tomatoes, pepper, millet, chicken, spinach (raw), jalapenos, tofu",322.000006,381.66196529,16.138101243999998,13.400992302999999,46.948247474,12,12,train,2,High Calorie
dish_1560444570,scrambled eggs,114.0,168.72,12.54,1.824,11.4,1,1,train,1,Medium Calorie
dish_1559846363,"broccoli, pears, mandarin oranges",286.0,154.262,0.488,39.682,1.996,3,3,train,1,Medium Calorie
dish_1551391337,"shrimp, chicken, cantaloupe",198.0,196.81,3.122,6.4,34.722,3,3,train,1,Medium Calorie
dish_1558640614,apple,116.0,60.32,0.232,16.24,0.348,1,1,train,0,Low Calorie
dish_1565987081,"spinach (raw), chicken, cucumbers",288.0,268.07,5.62,3.804,48.796,3,3,train,2,High Calorie
dish_1551124362,"scrambled eggs, brussels sprouts, mixed greens",170.0,141.35,7.6930000000000005,9.823999999999998,10.034,3,3,train,1,Medium Calorie
dish_1565118700,"chard, kale",49.0,16.66,0.22050000000000003,3.1115,1.2495,2,2,train,0,Low Calorie
dish_1551493854,sausage,116.0,399.736,31.668,4.872,22.388,1,1,train,2,High Calorie
dish_1551378584,asparagus,15.0,3.06,0.015,0.585,0.33,1,1,train,0,Low Calorie
dish_1562958721,"olive oil, radishes, vinegar, carrot, soy sauce, mixed greens, garlic, cabbage, rice noodles, green onions",166.999986,125.72483384,3.698546839,21.363925787000003,2.161744439,10,10,train,1,Medium Calorie
dish_1562961609,"sugar, salt, pizza, pork, bok choy, white rice, soy sauce, pepper, garlic",186.00000400000002,423.54177445,17.731009828,35.247430471,29.078554281,9,9,test,2,High Calorie
dish_1550797169,"tomatoes, apple, broccoli",194.0,82.10000000000001,0.7789999999999999,19.552,1.8259999999999998,3,3,train,0,Low Calorie
dish_1551233523,tortilla,20.0,43.6,0.58,9.0,1.2,1,1,train,0,Low Calorie
dish_1551566356,"sausage, tortilla, olives",92.0,228.69,15.832,12.204,10.049000000000001,3,3,train,1,Medium Calorie
dish_1568145100,"garlic, broccoli, cucumbers, onions, mustard, olive oil, salt, vinegar, spinach (raw), sun dried tomatoes, roasted potatoes",128.000001,130.981013528,6.467844311,16.38615625,2.908915949,11,11,test,1,Medium Calorie
dish_1560800988,"pepper, cauliflower, chickpeas, salt, bulgur, olive oil, kale, lemon juice, parsley",229.999997,314.865634546,5.115040746,61.249094490999994,11.727561392,9,9,train,2,High Calorie
dish_1565640914,"olives, mixed greens, olive oil, black beans, cucumbers, parmesan cheese, chicken",457.0,774.292,53.178,20.476000000000003,55.195,7,7,test,2,High Calorie
dish_1563294987,bacon,18.0,97.38,7.56,0.252,6.66,1,1,train,1,Medium Calorie
dish_1565117463,"caesar salad, cheese pizza",248.0,435.313,15.939,53.587999999999994,19.695999999999998,2,2,train,2,High Calorie
dish_1560455090,"celery, chicken, cucumbers, cherry tomatoes, baby carrots",155.0,60.2,0.9660000000000001,5.679,7.683,5,5,train,0,Low Calorie
dish_1567007783,"cantaloupe, berries, raspberries",106.0,50.0,0.35200000000000004,11.94,0.879,3,3,train,0,Low Calorie
dish_1551227539,cauliflower,126.0,31.5,0.378,6.3,2.268,1,1,train,0,Low Calorie
dish_1561392410,"sausage, broccoli",84.0,187.29600000000002,14.055,4.452,10.635,2,2,train,1,Medium Calorie
dish_1551491179,sausage,97.0,334.262,26.481,4.074,18.721,1,1,train,2,High Calorie
dish_1566846997,"jalapenos, wheat berry, pork, mayonnaise, pepper, cabbage, carrot, garlic, lemon juice, parsley, salt, olive oil",167.99999200000002,343.70963962400003,20.575921818,4.79758216,32.916785257,12,12,train,2,High Calorie
dish_1560456348,"parsley, pumpkin seeds, garlic, olive oil, thyme, zucchini, spinach (raw), vinegar, pepper, salt, mixed greens, carrot, green beans, lemon juice, mustard, arugula, rosemary, wheat berry, squash, chicken, basil, lettuce",149.00000400000002,210.282776258,7.533188789,4.561612791,29.940080002,22,22,train,1,Medium Calorie
dish_1561062586,"shallots, garlic, white rice, arugula, parsley, mustard greens, cranberries, olive oil, lemon juice, salt, bulgur, apple",89.0,121.19392524599999,3.31856877,20.365364144,2.566731743,12,12,train,1,Medium Calorie
dish_1551307258,corn,45.0,43.2,0.675,9.45,1.53,1,1,train,0,Low Calorie
dish_1565799565,"sweet potato, olive oil, egg whites",396.000004,240.01171016,2.538439,15.9235617,32.56097565,3,3,train,1,Medium Calorie
dish_1551567508,olives,7974.0,9170.1,853.218,502.362,63.792,1,1,train,2,High Calorie
dish_1551135363,"avocado, bread, tomatoes",203.0,288.27,13.785,34.935,9.41,3,3,train,2,High Calorie
dish_1561576887,"eggplant, olive oil, salt",46.999998,15.500781199999999,0.5529408600000001,2.71862737,0.4607843,3,3,test,0,Low Calorie
dish_1551304197,"pineapple, shrimp, bean(seed)",182.0,155.6,0.512,24.04,14.56,3,3,train,1,Medium Calorie
dish_1559060106,"bacon, sweet potato, strawberries",195.0,206.37,8.643,23.680000000000003,8.907,3,3,train,1,Medium Calorie
dish_1560368712,"asparagus, mustard, lettuce, pumpkin seeds, salt, carrot, mixed greens, vinegar, arugula, olive oil",142.000001,146.875180167,12.029318117999999,8.361058752,3.57875289,10,10,train,1,Medium Calorie
dish_1566849987,"olives, carrot, chicken, cherry tomatoes, onions",540.0,562.97,16.634999999999998,20.534,80.74100000000001,5,5,train,2,High Calorie
dish_1565117892,tuna,102.0,132.6,0.612,0.0,29.58,1,1,train,1,Medium Calorie
dish_1551378179,"nuts, lemon, asparagus",137.0,326.838,27.217,17.208,11.199,3,3,train,2,High Calorie
dish_1563218408,pepperoni pizza,87.0,245.34,10.44,27.84,10.44,1,1,train,1,Medium Calorie
dish_1561577678,"beef, shallots, spinach (cooked), salt, olive oil, onions, vinegar, millet, bok choy",104.000001,218.88773862000002,12.566032265999999,3.0865797390000003,21.246045677,9,9,train,1,Medium Calorie
dish_1563897439,"cantaloupe, broccoli, egg whites, olive oil, sweet potato",577.999999,315.31365619999997,3.301512,29.21548766,37.38780487,5,5,train,2,High Calorie
dish_1558722842,cherry tomatoes,58.0,10.44,0.116,2.262,0.522,1,1,test,0,Low Calorie
dish_1550859544,bacon,13.0,70.33,5.46,0.182,4.81,1,1,train,0,Low Calorie
dish_1565884766,"watermelon, waffles, egg whites",546.0,469.60900000000004,12.795,34.177,47.687,3,3,train,2,High Calorie
dish_1561575170,cauliflower,171.0,42.75,0.513,8.55,3.078,1,1,train,0,Low Calorie
dish_1563294408,pineapple,83.0,41.5,0.083,10.79,0.415,1,1,train,0,Low Calorie
dish_1564690194,"olive oil, onions, lemon juice, kale, lime, chickpeas, cilantro, millet, white rice, fish, steak, ketchup, lentils, parsley, salt, pears, garlic, bell peppers, shallots, jalapenos, pepper, spinach (raw), green beans, arugula, vinegar",430.000004,500.91885027,34.428017895,43.004877209,42.087561399,25,25,test,2,High Calorie
dish_1550710279,carrot,22.0,9.02,0.044,2.2,0.198,1,1,train,0,Low Calorie
dish_1568145177,"wheat berry, chicken, sun dried tomatoes, pepper, salt, mustard, lemon juice, thyme, olive oil, spinach (raw), vinegar, carrot, roasted potatoes, parsley, garlic, broccoli, cucumbers, onions, shallots",296.0,379.17897535599997,13.668356957,21.76639354,41.487550324,19,19,train,2,High Calorie
dish_1565369971,"green beans, bacon, olive oil",134.000003,221.60475093000002,15.695425003,7.463750210000001,13.277650054,3,3,test,1,Medium Calorie
dish_1550708985,bell peppers,72.0,28.8,0.144,6.48,1.44,1,1,train,0,Low Calorie
dish_1550793582,white rice,52.0,67.6,0.156,14.56,1.404,1,1,train,0,Low Calorie
dish_1564170542,"thyme, zucchini, olive oil, broccoli, salt, salmon, pepper, arugula, brown rice, squash",440.000004,523.36784702,25.166207959999998,18.044437128,52.976243398,10,10,train,2,High Calorie
dish_1563897870,oatmeal,249.0,169.32,3.486,29.88,5.976,1,1,train,1,Medium Calorie
dish_1565898128,"shallots, garlic, salmon, cilantro, onions, lime, olive oil, ginger, jalapenos, brown rice, spinach (raw), salt, lemon juice, chili",134.000001,209.03076686999998,8.734661768,6.154402457,24.271494266,14,14,train,1,Medium Calorie
dish_1565204931,"onions, vinegar, chicken thighs, pineapple, white rice, caesar salad, pepper, salt, lemon juice, garlic, olive oil, brussels sprouts, cilantro, kale",515.000007,391.326413558,13.30151993,49.572691923,22.729202633,14,14,train,2,High Calorie
dish_1563812615,"mixed greens, granola, vinaigrette, turkey bacon, olive oil, brussels sprouts, pepper, salt, raspberries, blackberries, egg whites",385.999996,402.784061896,18.810022875,17.201342031,39.896741586000005,11,11,train,2,High Calorie
dish_1551390651,cauliflower,85.0,21.25,0.255,4.25,1.53,1,1,train,0,Low Calorie
dish_1550773591,"bell peppers, scrambled eggs, bacon",123.0,175.2,11.85,5.644,11.54,3,3,train,1,Medium Calorie
dish_1568055986,"olives, onions",76.0,54.4,3.468,5.976,0.74,2,2,test,0,Low Calorie
dish_1558028772,"deprecated, honeydew melons, cantaloupe",192.0,64.0,0.253,15.760000000000002,1.208,3,3,test,0,Low Calorie
dish_1550876467,"orange, avocado, chicken",120.0,159.47,7.680999999999999,7.23,16.559,3,3,train,1,Medium Calorie
dish_1559846073,"mandarin oranges, broccoli",85.0,39.29,0.28700000000000003,9.129999999999999,1.192,2,2,train,0,Low Calorie
dish_1551395987,tortilla,24.0,52.32,0.696,10.8,1.44,1,1,train,0,Low Calorie
dish_1566835641,"sweet potato, olive oil, egg whites",546.0,312.76682848,2.569756,14.95024392,48.64390244,3,3,train,2,High Calorie
dish_1562790295,"walnuts, salt, mustard, grilled chicken, blueberries, olive oil, arugula, chard, vinegar, pepper, eggplant",268.000004,538.709775454,44.674031465,11.449523581000001,28.011912911,11,11,train,2,High Calorie
dish_1558031351,deprecated,41.0,12.3,0.041,3.116,0.246,1,1,test,0,Low Calorie
dish_1562871297,cheese pizza,47.0,124.973,4.418,15.745,5.264,1,1,test,1,Medium Calorie
dish_1562690074,"mixed greens, onions, lettuce, lime, cucumbers, olive oil, vinegar, pepper, cherry tomatoes, bacon, salt",104.00000299999999,263.4023391,21.608747039999997,3.0180176530000002,14.246227449000001,11,11,train,2,High Calorie
dish_1568060414,"mangos, lime, cilantro, onions, mustard greens, olive oil, arugula, cucumbers, jalapenos, lemon juice, salt, cherry tomatoes, tomatoes",146.0,53.598552149999996,2.133645777,7.950583435,2.632835678,13,13,train,0,Low Calorie
dish_1551563511,lemon,37.0,10.73,0.111,3.33,0.407,1,1,test,0,Low Calorie
dish_1551222558,"cauliflower, mushroom, noodles",129.0,82.38,1.197,15.042,3.849,3,3,train,0,Low Calorie
dish_1559245340,garden salad,35.0,22.61,1.19,1.12,2.135,1,1,train,0,Low Calorie
dish_1551235561,beef,69.0,172.5,10.35,0.0,17.94,1,1,train,1,Medium Calorie
dish_1562169840,"sausage, olive oil, brussels sprouts, mixed greens, raspberries, salt, vinaigrette, pepper, granola, scrambled eggs, blackberries",388.999998,739.6636501730001,53.890761533,21.78547347,41.756046734,11,11,train,2,High Calorie
dish_1558459059,grapes,42.0,28.98,0.084,7.56,0.294,1,1,test,0,Low Calorie
dish_1551391758,"lemon, bacon, tofu",141.0,158.41,10.416,7.9799999999999995,11.546000000000001,3,3,test,1,Medium Calorie
dish_1550770222,broccoli,64.0,22.4,0.256,4.48,1.536,1,1,train,0,Low Calorie
dish_1550874950,"avocado, fish, potatoes",141.0,138.21,12.013000000000002,11.35,12.988,3,3,train,1,Medium Calorie
dish_1559589942,"mushroom, asparagus, pizza",179.0,290.348,10.174999999999999,36.63,13.488,3,3,train,2,High Calorie
dish_1565123816,"vinegar, millet, bok choy, beef, cheese pizza, salt, spinach (cooked), shallots, onions, olive oil",110.000002,250.91674071,12.352043098,13.950898900999999,19.241667699,10,10,train,1,Medium Calorie
dish_1566246478,"mixed greens, chicken",210.0,291.7,6.28,2.12,53.580000000000005,2,2,train,2,High Calorie
dish_1551374665,banana,97.0,86.33,0.291,22.31,1.067,1,1,train,0,Low Calorie
dish_1551234316,"mushroom, cucumbers, broccoli",90.0,22.04,0.22699999999999998,4.221,1.873,3,3,train,0,Low Calorie
dish_1561576320,"vinaigrette, salt, chicken, white wine, wheat berry, rosemary, mushroom, cucumbers, onions, oregano, olive oil, lettuce, pepper, olives, cherry tomatoes, feta cheese, arugula, cream, butter, shallots, garlic, thyme, bell peppers, roasted potatoes, lemon juice, basil",383.000003,494.79756523599997,24.312888448,27.520805653,41.561112621,26,26,train,2,High Calorie
dish_1550795455,"apple, potatoes, bell peppers",395.0,218.10999999999999,0.719,55.33,3.106,3,3,train,1,Medium Calorie
dish_1565809120,"bell peppers, onions, cherry tomatoes, tuna, lemon juice, carrot",502.0,365.63,1.734,22.898,63.228,6,6,train,2,High Calorie
dish_1550712961,tomatoes,97.0,32.98,0.679,6.596,0.679,1,1,test,0,Low Calorie
dish_1563996441,"blueberries, arugula, pepper, chard, vinegar, walnuts, salt, mustard, olive oil",65.000004,80.239188658,7.624641392,2.617095135,1.559902101,9,9,train,0,Low Calorie
dish_1562700685,mushroom,110.0,24.2,0.33,3.63,3.41,1,1,train,0,Low Calorie
dish_1566333291,"spinach (cooked), salt, tomatoes, bell peppers, onions, garlic, pepper, caesar salad, brussels sprouts, jalapenos, cauliflower, millet, bok choy, shallots, olive oil, vinegar, spinach (raw), beef, chicken, cheese pizza",438.999996,549.7556570300001,21.439440228000002,49.020372491,41.3249657,20,20,test,2,High Calorie
dish_1565797671,"berries, watermelon",102.0,39.239999999999995,0.23600000000000002,9.8,0.644,2,2,test,0,Low Calorie
dish_1559933834,"pepper, salmon, pears, parsley, lemon juice, lentils, vinegar, arugula, olive oil, brussels sprouts, chive, pickles, olives, mayonnaise, shallots, kale, mustard, cherry tomatoes, garlic, mixed greens, goat cheese, salt",458.000019,775.029309745,51.820780055,22.731770102,54.541296379,22,22,train,2,High Calorie
dish_1550769725,potatoes,66.0,50.82,0.066,11.22,1.32,1,1,train,0,Low Calorie
dish_1565640894,"mixed greens, chicken, cucumbers, olives, black beans, parmesan cheese",422.0,464.89200000000005,18.178,20.476,55.195,6,6,test,2,High Calorie
dish_1568405306,"garlic, kale, mustard greens, caesar dressing, spinach (raw), vinegar, salmon, croutons, tomatoes, salt, cucumbers, olive oil, mustard, thyme, arugula, parmesan cheese, brown rice, tofu, pepper",336.000004,421.239737261,24.294467715,15.891708554,35.916678359,19,19,test,2,High Calorie
dish_1563308353,"salt, carrot, eggplant, olive oil",139.999999,51.465488312,1.0025880379999998,10.880392121,1.31949019,4,4,train,0,Low Calorie
dish_1564773942,"garlic, salmon, cherry tomatoes, chicken breast, mayonnaise, chive, broccoli, shallots, pineapple, pepper, pickles, arugula, lentils, olive oil, kale, parsley, lemon juice, salt",442.000003,491.939573614,19.902777074,25.091200105000002,52.546331355,18,18,train,2,High Calorie
dish_1562686577,"chicken apple sausage, berries, scrambled eggs, yam",531.0,556.564,24.721,56.032,29.221,4,4,train,2,High Calorie
dish_1560961107,"bagels, cream cheese, berries, sweet potato",319.999999,352.8199975,6.123999985,67.51299951,8.663199899,4,4,train,2,High Calorie
dish_1551564857,"tortilla, olives, broccoli",112.0,115.35,4.986999999999999,17.074,2.98,3,3,train,1,Medium Calorie
dish_1563475788,pineapple,78.0,39.0,0.078,10.14,0.39,1,1,test,0,Low Calorie
dish_1562096584,"beets, olive oil, vinegar, quinoa, artichokes, mixed greens, garlic, parsley, salt, green beans",89.99999700000001,94.990566749,4.666847518,11.278716911,2.650751048,10,10,test,1,Medium Calorie
dish_1565799597,"egg whites, watermelon, sweet potato, olive oil",457.000004,258.31171016,2.660439,20.5595617,32.92697565,4,4,train,1,Medium Calorie
dish_1562959599,"soy sauce, lettuce, cilantro, salt, mixed greens, onions, vinegar, roasted potatoes, white rice, carrot, pepper, quinoa, pumpkin seeds, sugar, garlic, olive oil, cucumbers, jalapenos, spinach (raw), tomatillo, arugula, lemon juice, mustard, chard, pork, bok choy, figs, fish, cherry tomatoes",281.000002,403.636189566,26.581678285000002,28.355868492,25.209208394,29,29,train,2,High Calorie
dish_1558376768,deprecated,143.0,74.36,0.286,0.429,20.02,1,1,train,0,Low Calorie
dish_1558372771,"deprecated, grapes, sausage, almonds",311.0,522.61,32.981,26.709,38.308,4,4,train,2,High Calorie
dish_1565987116,"chicken, olives, spinach (raw), cucumbers",397.0,393.42,17.283,10.671,49.668,4,4,test,2,High Calorie
dish_1564169932,"cilantro, pepper, parsley, lemon juice, tatsoi, olive oil, kale, onions, chili, cheese, chicken thighs, tortilla, tomatoes, cucumbers, salt, garlic",473.000002,766.626492706,37.374698496,42.810985504,65.773163614,16,16,train,2,High Calorie
dish_1568217465,"olive oil, radishes, vinegar, roasted potatoes, sausage, scrambled eggs, bell peppers, garlic, cucumbers, salt, mustard, squash",367.000002,607.267309801,45.746258098,18.830629646000002,28.886148491,12,12,train,2,High Calorie
dish_1551318504,cauliflower,68.0,17.0,0.204,3.4,1.224,1,1,train,0,Low Calorie
dish_1564000417,cheese pizza,128.0,340.352,12.032,42.88,14.336,1,1,test,2,High Calorie
dish_1561996647,"cantaloupe, roasted potatoes, honeydew melons, scrambled eggs, turkey bacon",330.0,499.746,31.756999999999998,26.398,27.354,5,5,train,2,High Calorie
dish_1567022180,"bell peppers, carrot, cherry tomatoes",162.0,48.86,0.324,11.146,2.052,3,3,train,0,Low Calorie
dish_1550797474,orange,39.0,18.33,0.039,4.68,0.351,1,1,train,0,Low Calorie
dish_1560444967,"garlic, cucumbers, olive oil, mustard, honeydew melons, salt, bell peppers, yam, scrambled eggs, pineapple, radishes, watermelon, vinegar",252.000002,197.377884074,10.071442229,23.811624454,4.947490965,13,13,test,1,Medium Calorie
dish_1562009148,"carrot, mayonnaise, pepper, tofu, pork, wheat berry, jalapenos, olive oil, brussels sprouts, lemon juice, salt, parsley, garlic, cabbage",209.999998,226.54714173,13.08617589,8.085414258,21.893774446,14,14,test,1,Medium Calorie
dish_1563898055,"chia seeds, bacon, greek yogurt, pineapple, scrambled eggs, milk",356.0,403.47738795,22.753478145,25.96925739,24.775925925000003,6,6,train,2,High Calorie
dish_1566416455,"thyme, white wine, basil, wheat berry, chard, eggplant, green beans, lemon juice, parsley, chicken, arugula, mushroom, chive, fish, cherry tomatoes, pepper, oregano, cream, butter, rosemary, garlic, shallots, olive oil, roasted potatoes, salt",402.999999,372.326632733,20.356851573,37.502290297,21.239439477,25,25,test,2,High Calorie
dish_1566849295,"mixed greens, avocado, parmesan cheese, olives",239.0,348.75199999999995,26.828,14.870000000000001,16.992,4,4,train,2,High Calorie
dish_1562958603,"olives, chicken salad, chickpeas",93.0,171.84,10.417,9.436,10.408000000000001,3,3,test,1,Medium Calorie
dish_1551564947,tortilla,14.0,30.52,0.406,6.3,0.84,1,1,test,0,Low Calorie
dish_1558457415,sweet potato,80.0,60.8,0.0,14.4,0.8,1,1,test,0,Low Calorie
dish_1550770482,"broccoli, sausage, tomatoes",213.0,346.388,24.707,12.324,18.947000000000003,3,3,train,2,High Calorie
dish_1550708945,beef,37.0,92.5,5.55,0.0,9.62,1,1,train,1,Medium Calorie
dish_1551137431,bread,27.0,71.658,1.134,11.421,3.645,1,1,train,0,Low Calorie
dish_1566419510,cheese pizza,103.0,273.877,9.682,34.505,11.536,1,1,train,2,High Calorie
dish_1559844323,"grapes, almonds",161.0,518.37,39.762,32.74,18.487000000000002,2,2,train,2,High Calorie
dish_1558029686,bacon,22.0,119.02,9.24,0.308,8.14,1,1,test,1,Medium Calorie
dish_1561392386,sausage,51.0,175.746,13.923,2.142,9.843,1,1,test,1,Medium Calorie
dish_1564685482,"millet, steak, olive oil, pizza, lime, salt, mixed greens, cherry tomatoes, pepper, spinach (raw), vinegar, ketchup, lettuce, cucumbers, onions, brownies, bell peppers",336.999995,851.39649951,49.484641546,63.400960506,40.429778653999996,17,17,train,2,High Calorie
dish_1550874679,tomatoes,40.0,13.6,0.28,2.72,0.28,1,1,test,0,Low Calorie
dish_1562181247,"lemon juice, vegetable oil, thyme, garlic, salt, bacon, buttermilk, flour, chicken, parsley",220.00001,660.094428288,45.323471896,11.534341678,49.149762050999996,10,10,train,2,High Calorie
dish_1559841061,"blackberries, chicken apple sausage",99.0,96.38999999999999,4.864999999999999,6.256,7.182,2,2,train,1,Medium Calorie
dish_1564171996,"pepper, zucchini, garlic, brown rice, wheat berry, arugula, olive oil, thyme, tatsoi, kale, lemon juice, parsley, cucumbers, squash, salmon, broccoli, salt",484.000005,519.501144251,21.996631848,37.141384687,43.830641171,17,17,train,2,High Calorie
dish_1558641007,carrot,57.0,23.37,0.114,5.7,0.513,1,1,train,0,Low Calorie
dish_1551491216,scrambled eggs,66.0,97.68,7.26,1.056,6.6,1,1,train,1,Medium Calorie
dish_1561148336,"lime, tomatoes, cheese pizza, cilantro, lemon juice, olive oil, mustard greens, cucumbers, onions, jalapenos, cherry tomatoes, arugula, salt, mangos",67.999999,128.098608334,4.566122387,16.32748912,5.454761777,14,14,train,1,Medium Calorie
dish_1565382833,"tofu, carrot, salt, pepperoni pizza, roasted potatoes, pepper, olive oil",228.0,396.6385921,17.709753918,44.098686321,17.446736897999997,7,7,train,2,High Calorie
dish_1558380804,mixed greens,27.0,7.56,0.108,1.431,0.594,1,1,train,0,Low Calorie
dish_1550873338,"chicken, cantaloupe, avocado",233.0,205.64999999999998,8.244,14.31,20.15,3,3,train,1,Medium Calorie
dish_1562617972,"chickpeas, salt, parsley, broccoli, mustard greens, olive oil, arugula, vinegar, pepper",203.00000699999998,273.961245432,16.621315229,25.214352148,8.877822436999999,9,9,train,2,High Calorie
dish_1551313872,bean(seed),46.0,64.4,0.276,11.04,4.14,1,1,train,0,Low Calorie
dish_1558642021,"apple, corn on the cob, cherry tomatoes, cauliflower",421.0,228.89999999999998,3.317,52.488,5.78,4,4,train,1,Medium Calorie
dish_1561997299,"olive oil, broccoli, bacon, scrambled eggs",282.000002,410.36610115999997,29.604390592,9.542390359999999,26.441219552,4,4,train,2,High Calorie
dish_1561751897,"brown rice, arugula, salmon, thyme, olive oil, pepper, salt",199.00000100000003,354.02088788,17.96136569,7.834481175,36.955648348,7,7,train,2,High Calorie
dish_1551563890,"pineapple, ham, chicken",163.0,191.75,5.444,8.24,27.049999999999997,3,3,train,1,Medium Calorie
dish_1550778312,bacon,15.0,81.15,6.3,0.21,5.55,1,1,train,0,Low Calorie
dish_1551224175,"mushroom, bell peppers, brussels sprouts",162.0,61.92,0.431,12.927,4.651,3,3,train,0,Low Calorie
dish_1562008549,"thyme, garlic, cucumbers, parsley, brussels sprouts, jalapenos, mayonnaise, wheat berry, pork, arugula, shallots, caesar salad, pepper, salt, carrot, olive oil, cabbage, lemon juice, quinoa",405.000008,417.129470578,12.240784396,55.659387186000004,22.356303038,19,19,train,2,High Calorie
dish_1558725193,almonds,132.0,763.092,65.34,29.964,29.568,1,1,train,2,High Calorie
dish_1561661479,"salt, garlic, sugar, soy sauce, bok choy, pork, pepper, white rice, cucumbers",166.000005,242.17566918,10.854463844,13.715834991000001,21.488855948,9,9,test,1,Medium Calorie
dish_1568319899,"pizza, shallots, olive oil, bell peppers, lemon juice, cilantro, lime, salmon, green beans, vinegar, spinach (raw), mustard, cucumbers, onions, jalapenos, garlic, salt, chili, radishes, ginger, brown rice",376.999999,627.656197925,30.993278877,44.545753728,41.033437041,21,21,train,2,High Calorie
dish_1559059924,bacon,20.0,108.2,8.4,0.28,7.4,1,1,train,1,Medium Calorie
dish_1562602945,"greek yogurt, milk, watermelon, sweet potato, egg whites, strawberries, berries, chia seeds",491.999997,308.37228657,6.017155264,45.249251220000005,19.97121308,8,8,train,2,High Calorie
dish_1556573514,mixed greens,23.0,6.44,0.092,1.219,0.506,1,1,train,0,Low Calorie
dish_1550793485,beef,62.0,155.0,9.3,0.0,16.12,1,1,train,1,Medium Calorie
dish_1562603813,hash browns,146.0,475.96,32.12,46.72,3.796,1,1,train,2,High Calorie
dish_1566246626,"feta cheese, broccoli, mixed greens, chicken, olives, caesar dressing",541.0,616.475,30.299000000000003,19.880000000000003,67.31400000000001,6,6,test,2,High Calorie
dish_1568666329,"artichokes, olive oil, lettuce, broccoli, chicken",594.0,743.76,42.483999999999995,19.77,72.892,5,5,test,2,High Calorie
dish_1559239912,orange,128.0,60.16,0.128,15.36,1.152,1,1,test,0,Low Calorie
dish_1559243887,almonds,50.0,289.05,24.75,11.35,11.2,1,1,train,2,High Calorie
dish_1550861324,sausage,36.0,124.056,9.828,1.512,6.948,1,1,train,1,Medium Calorie
dish_1558640311,"grapes, cantaloupe, cherry tomatoes",276.0,105.88,0.552,26.113999999999997,2.242,3,3,train,1,Medium Calorie
dish_1562876732,"parsley, cheese pizza, garlic, rosemary, zucchini, thyme, olive oil, caesar salad, spinach (raw), green beans, salt, basil, lemon juice, country rice, squash, wheat berry, pepper, chicken",291.000003,350.566863302,13.169589484,36.56016449,27.639403726,18,18,test,2,High Calorie
dish_1563294491,"pineapple, grapes, strawberries, watermelon",328.0,146.98,0.664,37.574,2.051,4,4,train,1,Medium Calorie
dish_1551397714,lemon,82.0,23.78,0.246,7.38,0.902,1,1,test,0,Low Calorie
dish_1558628760,"berries, yam, sweet potato, bacon",198.0,231.3145,5.757,38.595,6.879,4,4,test,1,Medium Calorie
dish_1565721828,"zucchini, chayote squash, roasted potatoes",239.0,129.225,5.3934999999999995,18.909,2.8815,3,3,train,1,Medium Calorie
dish_1561741090,"cottage cheese, cantaloupe",221.0,161.54000000000002,5.976999999999999,11.469999999999999,15.538,2,2,train,1,Medium Calorie
dish_1561393715,broccoli,49.0,17.15,0.196,3.43,1.176,1,1,train,0,Low Calorie
dish_1562085132,bacon,17.0,91.97,7.14,0.238,6.29,1,1,test,1,Medium Calorie
dish_1551224483,"cauliflower, bread, fish",229.0,187.416,13.629,17.616999999999997,22.953,3,3,train,1,Medium Calorie
dish_1561574623,"arugula, eggplant, rosemary, salt, shallots, white wine, pepper, basil, lemon juice, oregano, olive oil, thyme, cream, butter, garlic, chicken, wheat berry, mushroom",152.0,117.60278655500001,4.010179242,7.020421097999999,13.903189276,18,18,train,1,Medium Calorie
dish_1551565845,lemon,96.0,27.84,0.288,8.64,1.056,1,1,train,0,Low Calorie
dish_1560367193,"onions, olive oil, salt, honeydew melons, green onions, garlic, cherry tomatoes, fish, asparagus, mushroom, country rice, tofu",317.000001,131.0419721748,6.488616399,15.907616502,12.1046850812,12,12,train,1,Medium Calorie
dish_1551490544,"sausage, asparagus, carrot",98.0,178.904,13.17,4.942,10.155999999999999,3,3,train,1,Medium Calorie
dish_1562699612,"brown rice, quinoa, olive oil",73.999998,98.39125892,2.6717862649999997,15.66194135,2.79335914,3,3,test,1,Medium Calorie
dish_1560369255,"brown rice, pork, salt, vinegar, cherry tomatoes, pepper, basil, garlic, parsley, shallots, onions, broccoli, lemon juice, olive oil",61.000001,132.666129124,7.9235622900000005,1.979006567,12.538679795,14,14,train,1,Medium Calorie
dish_1551234214,cucumbers,29.0,2.9,0.0,0.58,0.29,1,1,train,0,Low Calorie
dish_1550793093,white rice,71.0,92.3,0.213,19.88,1.917,1,1,train,1,Medium Calorie
dish_1565021675,"sweet potato, egg whites, honeydew melons, olive oil",575.000004,331.58146744,3.358805,27.448195820000002,41.17012199,4,4,test,2,High Calorie
dish_1566587182,"pepper, millet, avocado, spinach (raw), vinegar, olive oil, onions, bell peppers, salt, garlic, cherry tomatoes, chicken, jalapenos, mustard, celery root, mixed greens, tomatoes",377.000008,531.260869123,37.361895954000005,22.501672859,31.371518229,17,17,test,2,High Calorie
dish_1551234046,"bell peppers, ham, tortilla",101.0,140.18,3.146,19.5,9.92,3,3,train,1,Medium Calorie
dish_1550710507,tomatoes,60.0,20.4,0.42,4.08,0.42,1,1,train,0,Low Calorie
dish_1550779153,broccoli,106.0,37.1,0.424,7.42,2.544,1,1,test,0,Low Calorie
dish_1562872396,"thyme, garlic, lemon juice, zucchini, wheat berry, pepper, salt, olive oil, basil, rosemary, parsley, spinach (raw), squash, chicken, bok choy",186.000002,179.56315203900002,5.108878090999999,3.969109776,28.58811505,15,15,test,1,Medium Calorie
dish_1559241099,"salt, pepper, olive oil, carrot, orange, pears",382.0,201.34676076,0.934390374,51.246648739,2.417123836,6,6,train,1,Medium Calorie
dish_1562602589,sausage,106.0,365.276,28.938,4.452,20.458,1,1,train,2,High Calorie
dish_1560802853,"pepper, parmesan cheese, spinach (raw), squash, olive oil, parsley, lemon juice, salt, garlic, white rice, chicken breast, cherry tomatoes, wheat berry, thyme, kale, bulgur, chickpeas",117.99999700000001,136.532201362,3.30763548,8.76356921,16.906690572,17,17,train,1,Medium Calorie
dish_1562603867,"mixed greens, hash browns, raspberries, blackberries, sausage, vinaigrette, granola",368.999995,1049.117316072,74.496644686,66.269193014,32.183999892,7,7,train,2,High Calorie
dish_1551236981,chicken,107.0,176.55,3.852,0.0,33.17,1,1,train,1,Medium Calorie
dish_1550792194,cantaloupe,72.0,24.48,0.144,5.76,0.576,1,1,test,0,Low Calorie
dish_1558382263,"olives, chicken, avocado, spinach (raw), tomatoes, broccoli, green beans",425.0,356.63,19.562,23.454,27.487000000000002,7,7,train,2,High Calorie
dish_1560367333,"olive oil, mushroom, vinegar, fish, chicken, carrot, mixed greens, garlic, cucumbers, country rice, arugula, beets, tofu, cherry tomatoes, asparagus, pumpkin seeds, honeydew melons, green onions, onions, salt, lettuce, mustard",427.000002,291.63333195079997,13.564782386000001,18.36001597,33.1768517452,22,22,train,2,High Calorie
dish_1550788398,carrot,53.0,21.73,0.106,5.3,0.477,1,1,train,0,Low Calorie
dish_1566416299,"green beans, olive oil",85.999998,44.99949938,2.2338499979999997,5.86949986,1.509299964,2,2,train,0,Low Calorie
dish_1563221602,"garlic, mustard, onions, cranberries, wheat berry, pepperoni pizza, chicken breast, apple, salt, broccoli, thyme, olive oil, squash, vinegar, spinach (raw), parmesan cheese, cherry tomatoes",305.999992,447.89354604600004,19.033884755,36.098982759,33.67608131,17,17,train,2,High Calorie
dish_1551374502,cantaloupe,101.0,34.34,0.202,8.08,0.808,1,1,train,0,Low Calorie
dish_1550778401,cucumbers,61.0,6.1,0.0,1.22,0.61,1,1,train,0,Low Calorie
dish_1558114484,bacon,28.0,151.48,11.76,0.392,10.36,1,1,test,1,Medium Calorie
dish_1563555543,"scrambled eggs, pineapple",280.0,268.38,14.559,21.466,13.844999999999999,2,2,train,2,High Calorie
dish_1563305005,"carrot, beef, chicken, wheat berry, tofu, spinach (raw), vinegar, onions, thyme, olive oil, broccoli, salt, garlic, soy sauce, white rice, orange juice, parsley, kale, lemon juice, pepper, shallots, chili, green onions",719.999985,1003.9488532830001,35.681553099000006,23.725708163,142.649366033,23,23,train,2,High Calorie
dish_1551314669,lemon,91.0,26.39,0.273,8.19,1.001,1,1,train,0,Low Calorie
dish_1565383062,"olives, chicken, cucumbers, spinach (raw)",403.0,362.96,18.207,12.199000000000002,39.654999999999994,4,4,train,2,High Calorie
dish_1560798815,"cheese pizza, broccoli, kale, caesar dressing, tofu, parmesan cheese, croutons, cauliflower",340.999998,404.963844008,15.423537569999999,46.987759282,22.861873542,8,8,train,2,High Calorie
dish_1563389548,grilled chicken,194.0,438.828,28.906,0.194,43.844,1,1,train,2,High Calorie
dish_1551395909,asparagus,15.0,3.06,0.015,0.585,0.33,1,1,train,0,Low Calorie
dish_1550791884,"white rice, apple, broccoli",275.0,206.66,0.778,47.32,4.515000000000001,3,3,train,1,Medium Calorie
dish_1558639526,carrot,78.0,31.98,0.156,7.8,0.702,1,1,train,0,Low Calorie
dish_1550875347,"cheese, fish, cantaloupe",169.0,217.38,18.418,7.188,18.688,3,3,train,1,Medium Calorie
dish_1564415365,"olive oil, egg whites, sweet potato, chicken apple sausage",265.0,231.96,7.658,16.923000000000002,21.259999999999998,4,4,train,1,Medium Calorie
dish_1562010293,"pork, wheat berry, jalapenos, mayonnaise, pepper, caesar salad, carrot, garlic, salt, cabbage, lemon juice, parsley, olive oil",403.999995,633.832971171,37.303106306,13.270199059000001,59.485042516,13,13,test,2,High Calorie
dish_1562686520,"chicken apple sausage, scrambled eggs",226.0,346.48,23.86,5.016,26.6,2,2,test,2,High Calorie
dish_1558380014,grapes,134.0,92.46,0.268,24.12,0.938,1,1,test,1,Medium Calorie
dish_1562613010,"mixed greens, cod",128.0,90.27199999999999,0.608,1.696,18.848,2,2,train,1,Medium Calorie
dish_1558631932,"apple, corn on the cob, cherry tomatoes",355.0,214.932,3.174,49.671,4.735,3,3,test,1,Medium Calorie
dish_1563378435,"bacon, biscuits, sweet potato, olive oil, scrambled eggs, yam",253.999998,652.463958784,33.718377168,67.99767881599999,18.908113184,6,6,train,2,High Calorie
dish_1563911185,"olive oil, green beans, onions, tomatoes, bell peppers, salt, millet, chicken, garlic, pepper, spinach (raw), jalapenos",133.000004,159.80919487,5.8964839510000004,7.845086321,18.499708438,12,12,train,1,Medium Calorie
dish_1566244904,"steak, squash, wheat berry, cauliflower, asparagus, broccoli, garlic, lime, olive oil, salt, zucchini",388.999996,334.13052656,18.64204669,15.464585545999999,29.368949503,11,11,train,2,High Calorie
dish_1565194906,"grapes, watermelon, pepper, salsa, carrot, salt, egg whites, olive oil, sweet potato",839.0,451.7955017,5.203720604,56.647617708,42.000122184,9,9,train,2,High Calorie
dish_1560367698,"olive oil, vinegar, cherry tomatoes, shallots, parsley, basil, lemon juice, brown rice, pepper, white rice, garlic, onions, salt, broccoli, pork",294.999998,556.721202042,26.010104045,33.583660298,43.318320204,15,15,train,2,High Calorie
dish_1558379712,almonds,119.0,687.939,58.905,27.013,26.656,1,1,train,2,High Calorie
dish_1567612954,"olive oil, sweet potato",155.000001,148.3463438,3.780488,27.21951234,1.51219513,2,2,train,1,Medium Calorie
dish_1558722968,"cherry tomatoes, cauliflower, almonds, corn on the cob",284.0,560.286,40.07599999999999,42.314,21.416,4,4,train,2,High Calorie
dish_1564415172,"scrambled eggs, egg whites, olive oil, sweet potato, chicken apple sausage",265.999999,243.0936562,10.345512,11.41748766,23.16780487,5,5,train,1,Medium Calorie
dish_1561663606,"garlic, carrot, parsley, olive oil, basil, rosemary, lemon juice, brown rice, chard, salt, corn on the cob, chicken, chive",347.0,474.503366898,10.80414208,40.144984923,52.672282571000004,13,13,train,2,High Calorie
dish_1562949205,"cantaloupe, bacon",57.0,80.22,5.13,3.7680000000000002,4.800000000000001,2,2,train,0,Low Calorie
dish_1551306798,potato chips,20.0,107.2,7.0,10.6,1.4,1,1,train,1,Medium Calorie
dish_1550712315,mixed greens,29.0,8.12,0.116,1.537,0.638,1,1,test,0,Low Calorie
dish_1550773430,scrambled eggs,61.0,90.28,6.71,0.976,6.1,1,1,train,1,Medium Calorie
dish_1566332268,"olives, chicken, spinach (raw), avocado, caesar dressing, cucumbers",595.0,567.581,31.405,22.379,54.753,6,6,train,2,High Calorie
dish_1558116436,bacon,17.0,91.97,7.14,0.238,6.29,1,1,train,1,Medium Calorie
dish_1566849387,"parmesan cheese, caesar salad, olives, chicken, mixed greens, avocado",517.0,619.902,34.511,21.535,60.082,6,6,train,2,High Calorie
dish_1561481673,"honeydew melons, yam, bacon, scrambled eggs",324.0,496.61699999999996,27.25,36.4,25.962,4,4,test,2,High Calorie
dish_1558380181,"almonds, deprecated, grapes",313.0,374.93600000000004,18.374,32.721000000000004,29.022,3,3,train,2,High Calorie
dish_1567625294,avocado,32.0,51.2,4.8,2.88,0.64,1,1,train,0,Low Calorie
dish_1568143527,cheese pizza,45.0,119.655,4.23,15.075,5.04,1,1,train,1,Medium Calorie
dish_1564169644,cheese pizza,163.0,433.417,15.322,54.605,18.256,1,1,train,2,High Calorie
dish_1558640941,carrot,53.0,21.73,0.106,5.3,0.477,1,1,train,0,Low Calorie
dish_1557936645,strawberries,36.0,11.88,0.108,2.88,0.252,1,1,train,0,Low Calorie
dish_1550708487,cheese,34.0,136.68,11.22,0.442,8.5,1,1,train,1,Medium Calorie
dish_1559844611,grapes,81.0,55.89,0.162,14.58,0.567,1,1,train,0,Low Calorie
dish_1558028492,cantaloupe,61.0,20.74,0.122,4.88,0.488,1,1,train,0,Low Calorie
dish_1551566547,"tortilla, chicken, cauliflower",90.0,91.33000000000001,1.678,7.2,12.01,3,3,train,1,Medium Calorie
dish_1563395449,"tortilla chips, pepper, cheese, black beans, squash, zucchini, sour cream, chili, tomatoes, cherry tomatoes, carrot, broccoli, cheese pizza, corn, spinach (raw), olive oil, onions, lime, garlic, salt",222.00001,214.63650009200003,6.97733752,29.681942719000002,9.570896708,20,20,train,1,Medium Calorie
dish_1568313640,"onions, mushroom, mixed greens, avocado",145.0,71.14,3.6519999999999997,8.9,3.152,4,4,train,0,Low Calorie
dish_1561492665,"green onions, salt, caesar salad, garlic, onions, olive oil, country rice, fish",92.999999,81.9506536332,8.595007827,4.689007748,10.3422306008,8,8,train,0,Low Calorie
dish_1563555563,"scrambled eggs, pineapple, bacon",304.0,398.22,24.639,21.802,22.725,3,3,train,2,High Calorie
dish_1559844272,almonds,80.0,462.48,39.6,18.16,17.92,1,1,train,2,High Calorie
dish_1566849269,"avocado, parmesan cheese, mixed greens",153.0,249.85199999999998,17.626,9.452,16.304,3,3,train,1,Medium Calorie
dish_1565194823,"sweet potato, salt, pepper, olive oil, carrot, egg whites, grapes",619.0,386.5955017,4.763720604,40.727617708,39.960122184,7,7,train,2,High Calorie
dish_1551306561,mushroom,38.0,8.36,0.114,1.254,1.178,1,1,train,0,Low Calorie
dish_1562008517,"garlic, arugula, mayonnaise, thyme, olive oil, parsley, cucumbers, salt, shallots, pepper, quinoa, jalapenos, wheat berry, pork, brussels sprouts, lemon juice, cabbage, carrot",370.000008,401.729470578,11.505784396000001,54.15438718600001,21.236303038,18,18,train,2,High Calorie
dish_1558026684,cantaloupe,71.0,24.14,0.142,5.68,0.568,1,1,train,0,Low Calorie
dish_1562602803,"chia seeds, greek yogurt, milk",119.999997,121.74228657,5.2781552640000005,10.07425122,9.31021308,3,3,train,1,Medium Calorie
dish_1559842374,"almonds, mandarin oranges, broccoli",137.0,345.33299999999997,26.518,21.091,13.04,3,3,train,2,High Calorie
dish_1563305513,cheese pizza,228.0,606.252,21.432,76.38,25.536,1,1,train,2,High Calorie
dish_1562872470,"chive, jicama, squash, arugula, couscous, spinach (raw), rosemary, parsley, thyme, olive oil, carrot, sour cream, fish, pepper, salt, corn, chicken, bok choy, wheat berry, nopales, lemon juice, basil, zucchini, garlic, lime",282.000003,286.381478276,8.330788463,21.324805344999998,34.48636037,25,25,train,2,High Calorie
dish_1562875898,"bok choy, corn, jicama, arugula, nopales, sour cream, olive oil, garlic, chive, carrot, lime, fish, pepper, parsley, salt, couscous",342.0,271.116403263,18.015084973,28.964978695,23.360404029,16,16,train,2,High Calorie
dish_1551316838,brussels sprouts,50.0,21.5,0.15,4.5,1.7,1,1,train,0,Low Calorie
dish_1559843052,"strawberries, mandarin oranges",130.0,53.5,0.39,13.05,0.9630000000000001,2,2,train,0,Low Calorie
dish_1564432165,"lime, mixed greens, cherry tomatoes, olive oil, vinegar, cucumbers, pepperoni pizza, onions, pineapple, pepper, salt, lettuce",160.000001,246.02839717999998,11.339486917999999,29.141863075,8.381218675,12,12,train,1,Medium Calorie
dish_1567007814,"pineapple, berries, raspberries, cantaloupe",152.0,73.0,0.398,17.92,1.109,4,4,test,0,Low Calorie
dish_1551494058,olives,94.0,108.1,10.058,5.922,0.752,1,1,train,1,Medium Calorie
dish_1551492468,sausage,87.0,299.802,23.751,3.654,16.791,1,1,train,2,High Calorie
dish_1562617416,"broccoli, pepperoni pizza, caesar salad",168.0,200.95000000000002,8.241999999999999,23.619999999999997,9.872,3,3,train,1,Medium Calorie
dish_1567110756,pizza,42.0,111.72,4.074,13.86,4.62,1,1,train,1,Medium Calorie
dish_1566242111,"olives, cherry tomatoes",109.0,58.42,4.418,5.211,0.9410000000000001,2,2,train,0,Low Calorie
dish_1550771938,bell peppers,36.0,14.4,0.072,3.24,0.72,1,1,train,0,Low Calorie
dish_1550774296,potato chips,18.0,96.48,6.3,9.54,1.26,1,1,train,1,Medium Calorie
dish_1559846585,pears,201.0,114.972,0.201,30.552,0.804,1,1,train,1,Medium Calorie
dish_1551486411,carrot,14.0,5.74,0.028,1.4,0.126,1,1,train,0,Low Calorie
dish_1565118782,"shallots, salt, kale, olive oil, onions, chard, vinegar, beef, apple, mixed greens, spinach (cooked), lemon juice, parsley, bok choy, millet",352.999995,557.521674367,34.109101923,17.046596901,43.740956217000004,15,15,train,2,High Calorie
dish_1559578599,"bacon, strawberries, sweet potato",193.0,229.98000000000002,9.825,25.422,10.045,3,3,test,1,Medium Calorie
dish_1558632080,corn on the cob,68.0,72.148,1.632,14.96,2.108,1,1,train,0,Low Calorie
dish_1551392376,"tofu, asparagus, berries",119.0,61.97,1.737,9.758000000000001,3.619,3,3,train,0,Low Calorie
dish_1558718906,"corn on the cob, cantaloupe, cauliflower, almonds",247.0,282.58,14.228,36.891,9.815000000000001,4,4,train,2,High Calorie
dish_1564428102,"salt, garlic, olive oil, mustard, pecans, chard, arugula, vinegar, blueberries",107.0,133.219668011,12.706973983000001,4.44612312,2.43063514,9,9,train,1,Medium Calorie
dish_1560526490,"parsley, cucumbers, blueberries, mustard greens, almonds, olive oil, mustard, spinach (raw), pineapple, salt, carrot, tomatoes, garlic, berries, vinegar",170.000003,141.672766609,8.344129684999999,16.851250838,2.3380246810000003,15,15,train,1,Medium Calorie
dish_1568405405,"tomatoes, garlic, olive oil, mustard greens, cucumbers, mustard, vinegar, spinach (raw), salt",74.00000399999999,83.71576467,7.985470512,2.599673321,1.5781831069999999,9,9,train,0,Low Calorie
dish_1551391083,"tofu, kiwi, oatmeal",282.0,191.34,7.175,24.551000000000002,12.248999999999999,3,3,test,1,Medium Calorie
dish_1560541680,"salt, walnuts, olive oil, mustard, chard, arugula, vinegar, blueberries, pepper",77.00000299999999,95.05257957799999,9.032267773,3.100251101,1.847884026,9,9,train,1,Medium Calorie
dish_1561147944,"olive oil, mustard, carrot, salt, raspberries, almonds, arugula, vinegar, chard, blueberries",34.000002,42.371034732,3.643008382,2.2589355429999998,0.820392851,10,10,train,0,Low Calorie
dish_1551568156,oatmeal,80.0,54.4,1.12,9.6,1.92,1,1,train,0,Low Calorie
dish_1566247003,"cauliflower, wheat berry, steak, spinach (raw), parsley, caesar salad, garlic, cheese pizza, chicken, lemon juice, olive oil, thyme, salt, shallots, lime",321.999997,499.257020789,20.854633699999997,38.10471612600001,39.988475304,15,15,test,2,High Calorie
dish_1561393741,"broccoli, scrambled eggs",165.0,188.83,12.956,5.2860000000000005,12.776,2,2,train,1,Medium Calorie
dish_1562703345,pizza,58.0,154.28,5.626,19.14,6.38,1,1,test,1,Medium Calorie
dish_1562945967,sausage,104.0,358.384,28.392,4.368,20.072,1,1,train,2,High Calorie
dish_1559239369,"berries, spinach (raw), orange",276.0,130.92000000000002,0.612,31.919999999999998,3.0679999999999996,3,3,test,1,Medium Calorie
dish_1551135297,tomatoes,75.0,25.5,0.525,5.1,0.525,1,1,train,0,Low Calorie
dish_1562963648,"mixed greens, caesar salad, carrot, cabbage, pizza, rice noodles, garlic, soy sauce, olive oil, green onions, vinegar, radishes",246.999996,252.58874450000002,9.243376021,33.273420898000005,10.225956527,12,12,test,1,Medium Calorie
dish_1565022027,"sweet potato, egg whites, olive oil",267.0,178.17658576,2.549122,17.04387804,18.57804878,3,3,train,1,Medium Calorie
dish_1551378684,brussels sprouts,59.0,25.37,0.177,5.31,2.006,1,1,train,0,Low Calorie
dish_1562686492,chicken apple sausage,100.0,160.0,10.0,3.0,14.0,1,1,train,1,Medium Calorie
dish_1563997418,"garlic, shallots, steak, pepper, spinach (raw), blueberries, tatsoi, lemon juice, parsley, mustard, almonds, jalapenos, brown rice, vinegar, olive oil, salt, cilantro, carrot",400.000003,608.703945924,43.175797443,24.548905142,34.666906430000004,18,18,train,2,High Calorie
dish_1560456370,"green beans, garlic, zucchini, lemon juice, pumpkin seeds, salt, thyme, carrot, chicken, rosemary, basil, vinegar, spinach (raw), white rice, olive oil, squash, parsley, mustard, lettuce, mixed greens, pepper, wheat berry, arugula",186.00000400000002,258.382776258,7.644188789,14.921612791,30.939080002,23,23,test,1,Medium Calorie
dish_1551318543,lemon,59.0,17.11,0.177,5.31,0.649,1,1,test,0,Low Calorie
dish_1562686664,berries,209.0,119.13,0.627,29.26,1.463,1,1,train,1,Medium Calorie
dish_1551377052,shrimp,51.0,50.49,0.153,0.102,12.24,1,1,train,0,Low Calorie
dish_1566851704,"quinoa, cabbage, pork, lemon juice, thyme, broccoli, cheese pizza, pepper, wheat berry, mayonnaise, jalapenos, arugula, parsley, olive oil, carrot, salt, garlic, caesar salad, shallots",347.999999,461.160155299,18.996982868,46.81701689,26.711890442,19,19,train,2,High Calorie
dish_1565724552,"zucchini, broccoli, olive oil, chayote squash",298.000007,108.80024511,4.671975492,15.72297611,4.621048952,4,4,train,1,Medium Calorie
dish_1551314048,corn,29.0,27.84,0.435,6.09,0.986,1,1,test,0,Low Calorie
dish_1560453294,"kimchi, pepper, chicken, wheat berry, basil, garlic, thyme, salt, spinach (raw), squash, parsley, zucchini, lemon juice, rosemary, olive oil",138.000001,115.954446577,2.781751741,5.6989689839999995,16.219698979,15,15,train,1,Medium Calorie
dish_1566500963,spinach (raw),25.0,5.75,0.1,0.9,0.725,1,1,train,0,Low Calorie
dish_1550791302,"apple, beef, berries",197.0,175.94,5.6579999999999995,22.68,9.921999999999999,3,3,train,1,Medium Calorie
dish_1563381738,"bacon, sweet potato, olive oil, pineapple, yam",95.999998,118.06254309799999,5.041528036,15.808150531999999,2.982358468,5,5,train,1,Medium Calorie
dish_1550860919,berries,161.0,91.77,0.483,22.54,1.127,1,1,test,1,Medium Calorie
dish_1558110297,berries,51.0,29.07,0.153,7.14,0.357,1,1,train,0,Low Calorie
dish_1562783605,mixed greens,270.0,75.6,1.08,14.31,5.94,1,1,test,0,Low Calorie
dish_1562011727,"wheat berry, pork, jalapenos, lemon juice, pepper, cabbage, carrot, garlic, salt, parsley, mayonnaise, olive oil",181.99999,372.352097005,22.290581174000003,5.197381049,35.659849120000004,12,12,test,2,High Calorie
dish_1564415140,"scrambled eggs, egg whites, olive oil, sweet potato",238.999999,199.8936562,7.645512,10.60748766,19.38780487,4,4,train,1,Medium Calorie
dish_1551237231,ham,33.0,47.85,1.98,0.495,6.93,1,1,train,0,Low Calorie
dish_1566847043,"carrot, garlic, salt, lemon juice, parsley, cabbage, squash, jalapenos, pork, wheat berry, olive oil, mayonnaise, pepper",482.999974,434.87708361399996,24.615379252,15.362316412,35.713332558999994,13,13,train,2,High Calorie
dish_1565884738,"watermelon, egg whites",463.0,228.66,0.9259999999999999,7.036,41.129999999999995,2,2,train,1,Medium Calorie
dish_1565726915,"olive oil, arugula, vinegar, roasted potatoes, squash, celery root, onions, broccoli, mustard, salt, cranberries",251.0,196.87952358200002,12.527685325999999,18.610243062,4.3694890939999995,11,11,train,1,Medium Calorie
dish_1551304741,"cauliflower, scrambled eggs, potato chips",225.0,269.53,17.083,19.022,11.918,3,3,test,2,High Calorie
dish_1559239256,orange,128.0,60.16,0.128,15.36,1.152,1,1,train,0,Low Calorie
dish_1563824406,"cherry tomatoes, carrot, bell peppers, olives, grilled chicken, onions",387.0,474.136,28.471999999999998,17.138,39.377,6,6,train,2,High Calorie
dish_1561737223,"sausage, broccoli, egg whites",334.0,503.78200000000004,32.519,10.969,38.809,3,3,test,2,High Calorie
dish_1566502271,"chard, parsley, chive, olive oil, carrot, caesar salad, garlic, salt, chicken, lemon juice, basil, brown rice, rosemary",359.00000800000004,296.816889433,10.505253805,13.685196146000001,37.940280506,13,13,train,2,High Calorie
dish_1564605328,"lettuce, bell peppers, cherry tomatoes, onions, cucumbers, feta cheese, vinaigrette, olives, cheese pizza",348.999998,541.2380798930001,25.873276134,57.831765777,20.289170101,9,9,train,2,High Calorie
dish_1559332822,"cherry tomatoes, arugula, vinegar, cucumbers, zucchini, thyme, olive oil, pepper, salt, lettuce, salmon, lime, brown rice, chayote squash, onions, mixed greens",408.00000800000004,540.58725265,28.622437158999997,15.932930343,51.690756831,16,16,train,2,High Calorie
dish_1563908957,"caesar salad, olive oil, green beans",159.000001,73.87275031,3.572825001,8.02375007,4.408850018,3,3,test,0,Low Calorie
dish_1562168673,"mixed greens, blackberries, raspberries, honeydew melons, vinaigrette, granola",72.999999,56.35483639,2.270677284,8.614902971,1.228999958,6,6,train,0,Low Calorie
dish_1567542986,"broccoli, cheese pizza, salt, carrot, olive oil, onions, pineapple, beef, pepper, cilantro, soy sauce, lemon juice, kale, orange juice, vinegar, caesar salad, chicken thighs, chili, white rice, green onions, garlic",498.000003,605.856323448,24.521739053,62.959720647,34.741642888,21,21,train,2,High Calorie
dish_1551314531,potato chips,17.0,91.12,5.95,9.01,1.19,1,1,train,1,Medium Calorie
dish_1568401090,"broccoli, mixed greens, avocado, olive oil, chicken",614.0,1158.99,73.226,18.445999999999998,108.668,5,5,test,2,High Calorie
dish_1551222935,carrot,16.0,6.56,0.032,1.6,0.144,1,1,train,0,Low Calorie
dish_1551493005,"corn, chicken, ham",178.0,259.78,7.571999999999999,6.975,40.152,3,3,train,1,Medium Calorie
dish_1567106646,"cherry tomatoes, bell peppers, onions",201.0,61.04,0.347,13.602,2.557,3,3,test,0,Low Calorie
dish_1563302391,"thyme, lemon juice, parsley, shallots, garlic, salt, roasted potatoes, chicken, spinach (raw), mushroom, wheat berry, olive oil",310.999996,401.21543204700004,14.095317706,22.372874564,45.017165424,12,12,train,2,High Calorie
dish_1560369273,"vinegar, brown rice, olive oil, onions, basil, salt, garlic, fish, cherry tomatoes, pepper, pork, country rice, lemon juice, parsley, broccoli, green onions, shallots",220.999996,308.9516869632,28.424227665,10.639671605,36.668307122799995,17,17,train,2,High Calorie
dish_1550874464,fish,41.0,36.9,5.33,0.0,7.544,1,1,train,0,Low Calorie
dish_1566934085,"olive oil, cauliflower, bok choy",259.00001100000003,82.5907325,5.281902388,7.442439268,4.01239041,3,3,test,0,Low Calorie
dish_1558115169,bacon,28.0,151.48,11.76,0.392,10.36,1,1,train,1,Medium Calorie
dish_1560442374,grapefruit juice,233.0,90.637,0.233,21.203,1.165,1,1,train,1,Medium Calorie
dish_1551563853,"ham, chicken, pineapple",163.0,191.75,5.444,8.24,27.05,3,3,train,1,Medium Calorie
dish_1560527225,"garlic, tomatoes, mustard greens, potatoes, olive oil, cucumbers, vinegar, spinach (raw), mustard, bacon, sausage, scrambled eggs, berries, salt",503.000002,937.789296734,65.745912049,31.893575174,52.880437949,14,14,train,2,High Calorie
dish_1558628711,"yam, sweet potato",129.0,129.0645,0.129,30.573,1.677,2,2,train,1,Medium Calorie
dish_1551488415,orange,10.0,4.7,0.01,1.2,0.09,1,1,train,0,Low Calorie
dish_1563565415,"lemon juice, parsley, cherry tomatoes, eggs, corn on the cob, mushroom, thyme, kale, carrot, garlic, bok choy, fish, shallots, ground turkey, cream, onions, celery, olive oil, wheat berry, chive, chard, salt, white rice",283.999998,303.477172779,18.174141534,24.998690665,21.371405044,23,23,train,2,High Calorie
dish_1567106668,"onions, cherry tomatoes, carrot, bell peppers",248.0,80.31,0.441,18.302,2.98,4,4,train,0,Low Calorie
dish_1560357297,"sausage, scrambled eggs",492.0,942.454,71.887,10.706,59.336999999999996,2,2,train,2,High Calorie
dish_1550710758,"cucumbers, nuts, bread",145.0,350.384,24.522,23.563,13.495000000000001,3,3,train,2,High Calorie
dish_1559844458,grapes,81.0,55.89,0.162,14.58,0.567,1,1,train,0,Low Calorie
dish_1560444756,"honeydew melons, pineapple, watermelon",418.0,150.78,0.5880000000000001,38.24,2.26,3,3,train,1,Medium Calorie
dish_1558110245,berries,51.0,29.07,0.153,7.14,0.357,1,1,train,0,Low Calorie
dish_1564588820,egg whites,156.0,81.12,0.312,1.092,15.6,1,1,train,0,Low Calorie
dish_1563984199,"egg whites, cantaloupe, pineapple",670.0,322.68,1.278,22.244,48.598000000000006,3,3,train,2,High Calorie
dish_1550712654,"nuts, cucumbers, bell peppers",151.0,245.62,19.544,13.5,8.870000000000001,3,3,train,1,Medium Calorie
dish_1563913588,cheese pizza,68.0,180.812,6.392,22.78,7.616,1,1,train,1,Medium Calorie
dish_1565728591,"parsley, thyme, olive oil, onions, wheat berry, squash, spinach (raw), vinegar, beef, garlic, shallots, chicken, bok choy, salt, cheese pizza, lemon juice, roasted potatoes, broccoli, millet, spinach (cooked)",321.999997,388.406654797,15.848896703000001,29.471989098999998,30.975549657,20,20,train,2,High Calorie
dish_1556575700,plate only,86.0,0.0,0.0,0.0,0.0,1,1,train,0,Low Calorie
dish_1559849097,"almonds, pears, grapes",325.0,495.928,29.044,55.626,14.261000000000001,3,3,train,2,High Calorie
dish_1550779282,sausage,108.0,372.168,29.484,4.536,20.844,1,1,train,2,High Calorie
dish_1562787745,"garlic, bulgur, salt, shallots, cranberries, mustard greens, olive oil, lemon juice, arugula, parsley, apple",58.000001000000005,85.35773855000001,5.704968213,7.984722661,1.862763818,11,11,train,0,Low Calorie
dish_1563898107,"raspberries, greek yogurt, blueberries, bacon, pineapple, milk, chia seeds, scrambled eggs",424.0,440.69338795,23.117478145,34.80125739,25.451925925,8,8,train,2,High Calorie
dish_1550713065,nuts,57.0,345.99,30.78,11.97,11.4,1,1,test,2,High Calorie
dish_1563555126,"scrambled eggs, sweet potato, cantaloupe, olive oil",245.000002,247.38731543999998,13.907024,18.07297604,12.367609779999999,4,4,train,1,Medium Calorie
dish_1563900120,"sweet potato, olive oil",49.0,46.89658576000001,1.195122,8.60487804,0.47804878,2,2,test,0,Low Calorie
dish_1550777827,"cantaloupe, broccoli, potatoes",180.0,89.67999999999999,0.401,19.72,3.068,3,3,train,1,Medium Calorie
dish_1560874548,berries,72.0,41.04,0.216,10.08,0.504,1,1,train,0,Low Calorie
dish_1551228296,apple,94.0,48.88,0.188,13.16,0.282,1,1,train,0,Low Calorie
dish_1563984296,"egg whites, olive oil, salsa, cantaloupe, sweet potato, pineapple",870.999999,436.33707044,3.5383899999999997,44.607609620000005,51.17775609,6,6,train,2,High Calorie
dish_1558721959,cherry tomatoes,62.0,11.16,0.124,2.418,0.558,1,1,train,0,Low Calorie
dish_1561491154,"cherry tomatoes, chive, garlic, olive oil, parsley, spinach (raw), chard, vinegar, fish, shallots, mustard, lemon juice, blueberries, wheat berry, radishes, salt",158.000005,166.137468894,18.455791456,5.614334018,18.30133675,16,16,test,1,Medium Calorie
dish_1563477736,"shallots, salmon, vinegar, spinach (raw), parsley, lemon juice, chili, garlic, cilantro, salt, jalapenos, pepper, ginger, brown rice, apple, olive oil, brussels sprouts, onions, lime, millet, mixed greens",234.000002,277.047319697,14.928540936000001,15.535332208,20.962175705,21,21,train,2,High Calorie
dish_1558639195,"grapes, carrot, corn on the cob, apple",346.0,238.25,3.112,56.2,4.554,4,4,test,1,Medium Calorie
dish_1551492023,ham,19.0,27.55,1.14,0.285,3.99,1,1,train,0,Low Calorie
dish_1560454970,cherry tomatoes,55.0,9.9,0.11,2.145,0.495,1,1,train,0,Low Calorie
dish_1550773162,nuts,37.0,224.59,19.98,7.77,7.4,1,1,test,1,Medium Calorie
dish_1550793300,"apple, cantaloupe, white rice",223.0,157.12,0.517,36.42,2.768,3,3,train,1,Medium Calorie
dish_1556575083,brussels sprouts,64.0,27.52,0.192,5.76,2.176,1,1,train,0,Low Calorie
dish_1562099157,"cheese pizza, carrot, garlic, olive oil, quinoa, shallots, cherry tomatoes, vinegar, squash, chicken thighs, eggplant, pepper, lettuce, lime, mixed greens, green beans, onions, lemon juice, cucumbers, mushroom, wine, salt, spinach (cooked)",207.000001,277.53123084599997,14.061558364,19.895031872,18.076715059999998,23,23,train,2,High Calorie
dish_1559581198,eggs,152.0,236.36,15.96,1.824,19.0,1,1,train,1,Medium Calorie
dish_1560800918,"parsley, pepper, chickpeas, bulgur, salt, lemon juice, kale, olive oil",39.999999,70.825641386,3.925040772,7.729096011,1.983561632,8,8,train,0,Low Calorie
dish_1563218201,grilled chicken,156.0,352.872,23.244,0.156,35.256,1,1,train,2,High Calorie
dish_1551381173,tortilla,32.0,69.76,0.928,14.4,1.92,1,1,train,0,Low Calorie
dish_1551379162,berries,75.0,42.75,0.225,10.5,0.525,1,1,train,0,Low Calorie
dish_1558722748,corn on the cob,49.0,51.989,1.176,10.78,1.519,1,1,train,0,Low Calorie
dish_1567628193,"quinoa, apple, arugula, chard, onions, kale, garlic, cranberries, shallots, country rice, green onions, bulgur, fish, parsley, lemon juice, mustard greens, olive oil, salt",439.000006,492.68305366920004,40.014809927,42.993254067,41.068032896800005,18,18,train,2,High Calorie
dish_1566328988,"bok choy, shallots, beef, vinegar, jalapenos, bell peppers, spinach (raw), pepper, onions, olive oil, tomatoes, garlic, fried rice, chicken, cheese pizza, salt, spinach (cooked), millet",398.000003,747.74782725,26.880572418,66.904916715,56.313552565,18,18,test,2,High Calorie
dish_1560441339,"bacon, quinoa, potatoes, bok choy, scrambled eggs",154.0,280.68,18.092,11.054,17.479,5,5,train,2,High Calorie
dish_1563898688,broccoli,93.0,32.55,0.372,6.51,2.232,1,1,train,0,Low Calorie
dish_1565021965,egg whites,177.0,92.04,0.354,1.239,17.7,1,1,test,1,Medium Calorie
dish_1550861994,apple,28.0,14.56,0.056,3.92,0.084,1,1,train,0,Low Calorie
dish_1561753021,"garlic, cheese, pepper, arugula, brown rice, caesar salad, chicken thighs, onions, olive oil, salt, cilantro, salmon, thyme, tortilla, tomatoes, chili",573.000014,918.175801128,46.218568523,43.1306514,81.844082443,16,16,test,2,High Calorie
dish_1565640576,"olive oil, lemon juice, onions, salt, cilantro, white rice, cherry tomatoes, jalapenos, arugula, mangos, pork, mustard greens, cucumbers, tomatoes, parsley, lime, garlic, rosemary, asparagus, zucchini",267.000001,307.286549782,16.090177452,11.782664523,28.774075112000002,20,20,train,2,High Calorie
dish_1551134895,"potatoes, noodles, brussels sprouts",153.0,119.02000000000001,1.113,23.69,5.0649999999999995,3,3,train,1,Medium Calorie
dish_1560543605,"pepper, tomatillo, salt, olives, chicken, brown rice, jalapenos, arugula, olive oil, onions, vinegar, garlic, broccoli, green onions, tomatoes, white rice, green beans, spinach (raw), ginger, lemon juice, soy sauce, caesar salad, quinoa, cilantro, fish",500.999997,485.57091866,27.281401392,22.652527866,63.55328296900001,25,25,train,2,High Calorie
dish_1550777124,cucumbers,53.0,5.3,0.0,1.06,0.53,1,1,train,0,Low Calorie
dish_1560961385,"sweet potato, scrambled eggs, strawberries, broccoli",293.0,249.51999999999998,11.831,23.794,12.781,4,4,train,1,Medium Calorie
dish_1565711453,scrambled eggs,134.0,198.32,14.74,2.144,13.4,1,1,test,1,Medium Calorie
dish_1564590115,"sweet potato, olive oil",121.000001,115.80585027999999,2.951219,21.24878076,1.18048782,2,2,test,1,Medium Calorie
dish_1561577731,"shallots, mushroom, salt, onions, olive oil, cauliflower, vinegar, beef, spinach (cooked), bok choy, millet",334.000001,274.25773862000005,13.256032266,13.379579739,26.309045677,11,11,train,2,High Calorie
dish_1550772617,"broccoli, cantaloupe, bacon",226.0,229.59,13.122,15.450000000000001,13.708,3,3,test,1,Medium Calorie
dish_1551566592,chicken,57.0,94.05,2.052,0.0,17.67,1,1,train,1,Medium Calorie
dish_1568044634,"salsa, sweet potato, olive oil, egg whites, watermelon",789.0,413.19341424,4.152878,38.54212196,49.52495122,5,5,train,2,High Calorie
dish_1561663914,"chicken, chive, garlic, vinegar, corn on the cob, soy sauce, pork, pepper, olive oil, white rice, carrot, apple, bok choy, chard, brown rice, green beans, basil, rosemary, salt, lemon juice, parsley, onions, sugar, mixed greens, millet",205.00000300000002,257.398846806,10.542970798,20.362740906,21.900770005000002,25,25,train,1,Medium Calorie
dish_1550861520,"sausage, potatoes, berries",126.0,183.956,10.011999999999999,15.402000000000001,8.137,3,3,train,1,Medium Calorie
dish_1564082323,"garlic, white rice, caesar salad, brown rice, chard, pork, basil, parsley, rosemary, soy sauce, carrot, chicken, pepper, olive oil, lemon juice, bok choy, salt, chive, sugar",518.0000220000001,748.861195584,24.989887238,22.466739578,103.612759758,19,19,train,2,High Calorie
dish_1562613898,"shallots, salt, bulgur, lemon juice, mustard greens, olive oil, garlic, cranberries, broccoli, arugula, parsley, apple",161.999998,120.636049176,6.026606146,15.19705518,4.350647174,12,12,test,1,Medium Calorie
dish_1563566626,olives,54.0,62.1,5.778,3.402,0.432,1,1,train,0,Low Calorie
dish_1567023161,"chicken, kimchi, olives",134.0,141.7,6.1240000000000006,5.0280000000000005,16.524,3,3,train,1,Medium Calorie
dish_1551490670,olives,45.0,51.75,4.815,2.835,0.36,1,1,test,0,Low Calorie
dish_1558722370,cauliflower,79.0,19.75,0.237,3.95,1.422,1,1,train,0,Low Calorie
dish_1561060613,"bok choy, salmon, pineapple, jalapenos, olive oil, chili, cilantro, salt, cheese pizza, ginger, tofu, spinach (raw), brown rice, lemon juice, onions, lime, brussels sprouts, shallots, garlic",304.000001,323.67328036000004,11.623275613,30.939055386,25.286835694,19,19,train,2,High Calorie
dish_1561575445,"salt, eggplant, cauliflower, olive oil",122.999998,35.458427768,0.886117272,6.6127450240000005,1.7304313599999999,4,4,train,0,Low Calorie
dish_1559060055,strawberries,81.0,26.73,0.243,6.48,0.567,1,1,train,0,Low Calorie
dish_1558381840,chicken,69.0,113.85,2.484,0.0,21.39,1,1,train,1,Medium Calorie
dish_1562873416,caesar salad,119.0,52.36,2.499,5.117,3.808,1,1,test,0,Low Calorie
dish_1558381708,green beans,53.0,16.43,0.053,3.71,0.954,1,1,train,0,Low Calorie
dish_1563553780,"granola, mixed greens, blackberries, raspberries, vinaigrette, bacon, almonds",166.999998,557.7288024889999,42.536612634,23.808483507,25.767999940000003,7,7,train,2,High Calorie
dish_1561661806,"garlic, salt, sugar, white rice, soy sauce, pork, pepper, bok choy",89.000001,183.47594427,8.400410595,9.825472545,16.235809248000002,8,8,train,1,Medium Calorie
dish_1563222800,"chicken breast, cherry tomatoes, pork, spinach (raw), pepperoni pizza, onions, zucchini, olive oil, parsley, white rice, wheat berry, parmesan cheese, arugula, rosemary, thyme, garlic, salt",145.999998,302.318086316,11.604418968,17.928292668,30.328044329,17,17,train,2,High Calorie
dish_1568060461,"white rice, arugula, parsley, zucchini, olive oil, cherry tomatoes, lime, salt, mangos, pork, jalapenos, rosemary, cucumbers, lemon juice, onions, mustard greens, cilantro, garlic, tomatoes",303.999995,376.762418436,20.058876266000002,13.800013942,34.890259676,19,19,test,2,High Calorie
dish_1550792023,apple,53.0,27.56,0.106,7.42,0.159,1,1,train,0,Low Calorie
dish_1560961202,"scrambled eggs, broccoli",153.0,171.07,11.636,5.094,11.576,2,2,train,1,Medium Calorie
dish_1561737293,"broccoli, cantaloupe, sausage, pineapple, egg whites, hash browns",636.0,801.822,46.077,55.82899999999999,41.927,6,6,train,2,High Calorie
dish_1550876619,tomatoes,30.0,10.2,0.21,2.04,0.21,1,1,train,0,Low Calorie
dish_1566590946,"thyme, olive oil, salt, brown rice, arugula, pepper, salmon",228.000004,405.61187509999996,20.57885092,8.976189449,42.341146104,7,7,train,2,High Calorie
dish_1565021220,"turnips, egg whites, sweet potato, salt, olive oil, waffles, tofu, pepper, sausage",361.000004,543.713174515,29.981041556999998,41.561981337999995,27.555954495,9,9,test,2,High Calorie
dish_1551232905,noodles,45.0,62.1,0.945,11.25,2.025,1,1,train,0,Low Calorie
dish_1562701956,cherry tomatoes,38.0,6.84,0.076,1.482,0.342,1,1,test,0,Low Calorie
dish_1563475874,"pineapple, honeydew melons, cauliflower",251.0,93.03,0.401,22.71,2.23,3,3,train,1,Medium Calorie
dish_1563379163,"chilaquiles, yam, olive oil, sweet potato",145.999998,271.044621528,15.833773696,20.316791952,10.922132048,4,4,test,2,High Calorie
dish_1550861584,banana,40.0,35.6,0.12,9.2,0.44,1,1,train,0,Low Calorie
dish_1563551360,scrambled eggs,218.0,322.64,23.98,3.488,21.8,1,1,train,2,High Calorie
dish_1563563289,"olives, grilled chicken, cherry tomatoes",218.0,331.902,22.633,4.912,28.177,3,3,train,2,High Calorie
dish_1561739160,berries,61.0,34.77,0.183,8.54,0.427,1,1,train,0,Low Calorie
dish_1550862733,"tomatoes, banana, apple",124.0,68.09,0.5650000000000001,16.658,0.892,3,3,train,0,Low Calorie
dish_1551124591,tomatoes,63.0,21.42,0.441,4.284,0.441,1,1,train,0,Low Calorie
dish_1562009182,"pepper, mustard, pecans, brussels sprouts, parsley, chard, wheat berry, blueberries, garlic, vinegar, carrot, olive oil, cabbage, lemon juice, arugula, mayonnaise, tofu, pork, jalapenos, salt",274.0,306.2299314,20.6866085,10.744777928,23.347612383,20,20,train,2,High Calorie
dish_1550792824,"beef, tomatoes, potatoes",157.0,159.94,5.672,15.64,10.89,3,3,train,1,Medium Calorie
dish_1562007763,"salt, arugula, quinoa, parsley, caesar salad, garlic, shallots, lemon juice, thyme, olive oil",297.999994,290.700426151,6.343606673,47.406930765,11.839697295999999,10,10,train,2,High Calorie
dish_1559845046,"potatoes, mandarin oranges, broccoli, almonds",207.0,313.626,18.193,31.922,10.975999999999999,4,4,train,2,High Calorie
dish_1563219056,"white rice, olives, pepperoni pizza, arugula, cherry tomatoes, pork, rosemary, parsley, onions, zucchini, olive oil, salt, celery, garlic",257.999999,416.86966917999996,21.9490587,21.629844185,32.360080262,14,14,train,2,High Calorie
dish_1559846334,"pears, broccoli",233.0,126.172,0.329,32.792,1.572,2,2,test,1,Medium Calorie
dish_1558372948,almonds,119.0,687.939,58.905,27.013,26.656,1,1,train,2,High Calorie
dish_1565033220,"mixed greens, olives, broccoli, chicken, vinaigrette",578.0,908.605,59.343,19.201999999999998,76.664,5,5,train,2,High Calorie
dish_1562010394,"pepper, garlic, cucumbers, lemon juice, parsley, onions, vinegar, wheat berry, cherry tomatoes, salt, lime, mixed greens, carrot, olive oil, cabbage, mayonnaise, jalapenos, pork, lettuce",116.000001,188.610428101,12.935694011,3.708065487,14.159580914,19,19,test,1,Medium Calorie
dish_1563395341,cheese pizza,54.0,143.586,5.076,18.09,6.048,1,1,train,1,Medium Calorie
dish_1558114609,"grapes, sausage, almonds, bacon",160.0,540.898,41.223,14.648,29.14,4,4,train,2,High Calorie
dish_1561405332,broccoli,53.0,18.55,0.212,3.71,1.272,1,1,train,0,Low Calorie
dish_1566415558,"olive oil, parsley, lemon juice, salt, garlic, shallots, chive, cherry tomatoes, fish, chard, green beans, wheat berry",234.000005,169.100756986,14.586706235,12.86199404,14.924491665,12,12,train,1,Medium Calorie
dish_1558629578,cauliflower,90.0,22.5,0.27,4.5,1.62,1,1,train,0,Low Calorie
dish_1559593722,"kale, vinegar, blueberries, chard, salt, pepper, quinoa, pumpkin seeds, walnuts, olive oil, arugula, mustard",106.000003,140.562937361,12.200332651,6.836886409,2.77916784,12,12,test,1,Medium Calorie
dish_1561480439,"turkey bacon, pineapple, berries",189.0,155.162,4.8950000000000005,24.116,5.747,3,3,train,1,Medium Calorie
dish_1562702355,"bell peppers, lettuce, onions, cucumbers, vinaigrette, cherry tomatoes, feta cheese, olives",98.999998,68.882931961,5.822042092,3.4734254919999996,1.640872333,8,8,train,0,Low Calorie
dish_1551390429,kiwi,100.0,61.0,0.5,15.0,1.1,1,1,test,0,Low Calorie
dish_1563220171,"olive oil, wheat berry, thyme, broccoli, salt, garlic, brown rice, parmesan cheese, cherry tomatoes, chicken breast, spinach (raw), pepperoni pizza, squash",362.999995,465.47459691,13.715989136000001,34.069403379,50.01841453000001,13,13,train,2,High Calorie
dish_1550711385,"scrambled eggs, potatoes, oatmeal",338.0,302.82,11.538,36.132,14.015999999999998,3,3,train,2,High Calorie
dish_1551392958,"corn, bean(seed), brussels sprouts",86.0,76.60000000000001,0.681,14.969999999999999,4.324,3,3,train,0,Low Calorie
dish_1551566047,pineapple,75.0,37.5,0.075,9.75,0.375,1,1,train,0,Low Calorie
dish_1568314951,"salt, lime, spinach (cooked), cilantro, olive oil, onions, avocado, spinach (raw), jalapenos, lemon juice, salmon, chili, tomatoes, shallots, garlic, ginger, brown rice, vinegar, bok choy, millet, beef",325.000004,496.12947149800004,30.264462318,18.694339660999997,38.371337413000006,21,21,train,2,High Calorie
dish_1563221025,"salt, white rice, parmesan cheese, pork, spinach (raw), arugula, parsley, garlic, chicken breast, cherry tomatoes, wheat berry, onions, rosemary, zucchini, thyme, olive oil",122.999993,245.44580875699998,12.988832482,4.359615991,25.946771548999997,16,16,train,1,Medium Calorie
dish_1559674781,"grapes, honeydew melons",203.0,81.66,0.22899999999999998,20.61,1.067,2,2,train,0,Low Calorie
dish_1563827162,"soy sauce, white rice, ginger, squash, olive oil, garlic, green onions, cheese pizza, broccoli, caesar salad, pineapple, chicken, spinach (raw), green beans, vinegar, zucchini, salt",354.000005,319.5399208,9.728972675,34.357610462000004,25.04499586,17,17,train,2,High Calorie
dish_1560798707,"broccoli, cheese pizza",139.0,298.02200000000005,10.276,38.35,12.84,2,2,train,2,High Calorie
dish_1568315177,"quinoa, ginger, jalapenos, brown rice, caesar dressing, olive oil, cilantro, chili, lime, salt, millet, bok choy, parmesan cheese, avocado, spinach (raw), green beans, mushroom, garlic, olives, salmon, lemon juice, kale, beef, vinegar, onions, croutons, spinach (cooked), shallots, tomatoes",497.000003,637.806732611,36.816131325,34.708759724,45.134319058,29,29,test,2,High Calorie
dish_1558031675,"yam, bacon, cantaloupe",180.0,248.882,11.228,25.952,11.348,3,3,train,1,Medium Calorie
dish_1566244863,"zucchini, broccoli, squash, asparagus",261.0,56.871,0.573,10.725,4.884,4,4,train,0,Low Calorie
dish_1558116001,"almonds, grapes, sausage, bacon, potatoes",223.0,569.807,39.427,27.921,28.353,5,5,train,2,High Calorie
dish_1551233007,"bell peppers, cauliflower, noodles",206.0,107.6,1.393,20.7,4.993,3,3,test,1,Medium Calorie
dish_1560369102,"garlic, mustard, salt, olive oil, blueberries, spinach (raw), vinegar, radishes, asparagus",121.000001,69.738575703,5.188934238,4.87747469,2.574234148,9,9,train,0,Low Calorie
dish_1558724932,almonds,72.0,416.232,35.64,16.344,16.128,1,1,train,2,High Calorie
dish_1565638550,"salt, pork, wheat berry, arugula, parsley, olive oil, chicken breast, white rice, green beans, onions, spinach (raw), zucchini, rosemary, parmesan cheese, garlic, thyme, cherry tomatoes",214.999993,277.656803595,12.717709993,10.055079123999999,30.124464112000002,17,17,train,2,High Calorie
dish_1561741174,"scrambled eggs, bacon",113.0,245.83999999999997,18.630000000000003,1.768,16.700000000000003,2,2,train,1,Medium Calorie
dish_1560367676,"olive oil, shallots, broccoli, onions, parsley, garlic, basil, lemon juice, vinegar, pork, brown rice, salt, cherry tomatoes, pepper",197.99999799999998,430.62120204200005,25.719104044999998,6.423660298000001,40.699320204,14,14,train,2,High Calorie
dish_1551390087,"asparagus, white rice, tofu",157.0,122.332,4.005,15.126999999999999,8.314,3,3,train,1,Medium Calorie
dish_1551490399,sausage,48.0,165.408,13.104,2.016,9.264,1,1,train,1,Medium Calorie
dish_1560356566,"scrambled eggs, bacon",213.0,676.8000000000001,51.95,3.224,46.14,2,2,train,2,High Calorie
dish_1558640563,cherry tomatoes,23.0,4.14,0.046,0.897,0.207,1,1,train,0,Low Calorie
dish_1550876748,avocado,19.0,30.4,2.85,1.71,0.38,1,1,train,0,Low Calorie
dish_1550777418,nuts,28.0,169.96,15.12,5.88,5.6,1,1,train,1,Medium Calorie
dish_1562688482,"roasted potatoes, chicken apple sausage, grapes",169.0,193.45999999999998,8.418,19.77,10.863999999999999,3,3,test,1,Medium Calorie
dish_1562875241,"chicken, pepper, squash, wheat berry, basil, olive oil, rosemary, pizza, salt, garlic, spinach (raw), thyme, parsley, zucchini, lemon juice, caesar salad",275.000006,479.689495475,16.303004559999998,37.12000075,44.287624812000004,16,16,test,2,High Calorie
dish_1563563240,olives,42.0,48.3,4.494,2.646,0.336,1,1,train,0,Low Calorie
dish_1551306375,"white rice, bacon, corn",108.0,209.31,8.571,23.296,9.622,3,3,train,1,Medium Calorie
dish_1551564176,tofu,55.0,40.15,2.64,1.045,4.4,1,1,test,0,Low Calorie
dish_1565711270,cantaloupe,93.0,31.62,0.186,7.44,0.744,1,1,train,0,Low Calorie
dish_1565378680,"olive oil, wheat berry",81.000001,92.4186393,2.75242689,15.020388598,3.302912676,2,2,test,1,Medium Calorie
dish_1565972429,"olive oil, egg whites, sweet potato, salsa",831.000006,468.49390424,4.998146,38.314854800000006,59.0286586,4,4,train,2,High Calorie
dish_1558719145,"cantaloupe, cherry tomatoes, almonds, apple",416.0,547.073,36.821,48.144,18.493,4,4,train,2,High Calorie
dish_1561578676,"onions, olive oil, cauliflower, salt, roasted potatoes, millet, spinach (cooked), shallots, bok choy, beef, mushroom, vinegar",224.000001,212.03483905000002,10.34577045,13.637112257,16.441778595,12,12,train,1,Medium Calorie
dish_1551323073,"scrambled eggs, white rice, mushroom",201.0,241.32,10.554,23.33,12.352,3,3,train,1,Medium Calorie
dish_1551323262,pineapple,84.0,42.0,0.084,10.92,0.42,1,1,train,0,Low Calorie
dish_1551567471,ham,49.0,71.05,2.94,0.735,10.29,1,1,train,0,Low Calorie
dish_1560366410,"blueberries, mustard, walnuts, salt, pepper, asparagus, olive oil, arugula, chard, vinegar",96.0,58.741071448999996,4.515483544,3.791993941,2.187942762,10,10,train,0,Low Calorie
dish_1565637504,pineapple,56.0,28.0,0.056,7.28,0.28,1,1,train,0,Low Calorie
dish_1559667994,"scrambled eggs, hash browns, bagels, cream cheese",213.000003,445.3000085,25.46000037,35.803001035,18.396400264,4,4,train,2,High Calorie
dish_1567613019,"sweet potato, olive oil, watermelon, egg whites",645.000001,376.5263438,4.7604880000000005,38.998512340000005,39.13819513,4,4,test,2,High Calorie
dish_1551304155,"bean(seed), shrimp, pineapple",182.0,155.6,0.512,24.04,14.56,3,3,train,1,Medium Calorie
dish_1551224447,fish,93.0,83.7,12.09,0.0,17.112,1,1,train,0,Low Calorie
dish_1551566499,chicken,34.0,56.1,1.224,0.0,10.54,1,1,train,0,Low Calorie
dish_1562777037,"brussels sprouts, scrambled eggs, olive oil, pepper, salt",171.000001,215.27350730999999,15.018989095,5.57033586,14.50575649,5,5,train,1,Medium Calorie
dish_1558640849,"apple, cauliflower, carrot",238.0,105.24,0.534,27.06,1.74,3,3,test,1,Medium Calorie
dish_1550861074,banana,140.0,124.6,0.42,32.2,1.54,1,1,train,1,Medium Calorie
dish_1562603895,"blackberries, mixed greens, vinaigrette, hash browns, scrambled eggs, raspberries, granola, sausage",516.999995,1268.157316072,90.776644686,68.637193014,46.983999892,8,8,train,2,High Calorie
dish_1558457468,cantaloupe,70.0,23.8,0.14,5.6,0.56,1,1,train,0,Low Calorie
dish_1558630038,cauliflower,51.0,12.75,0.153,2.55,0.918,1,1,test,0,Low Calorie
dish_1564170836,"salmon, olive oil, arugula, brown rice, salt, pepper, thyme",135.0,240.16492106,12.184845708,5.314849022,25.070414806,7,7,test,1,Medium Calorie
dish_1566230300,"berries, egg whites, olive oil, sweet potato",662.0,401.85,4.155,35.614000000000004,47.93900000000001,4,4,train,2,High Calorie
dish_1564774805,"cherry tomatoes, pepper, mayonnaise, olive oil, lemon juice, parsley, chive, shallots, broccoli, salmon, pickles, arugula, lentils, kale, salt, garlic",353.000005,621.090980941,41.685192236,15.256661457,44.937071146,16,16,test,2,High Calorie
dish_1562871537,"squash, white rice, grilled chicken, pepper, cheese pizza, salt, brussels sprouts, olive oil, mushroom",554.000003,685.77293387,30.779623743000002,53.014831571,50.176342678000005,9,9,train,2,High Calorie
dish_1560527105,"olive oil, mustard greens, cucumbers, tomatoes, mustard, potatoes, salt, garlic, spinach (raw), vinegar",104.000002,92.725296734,3.845912049,12.959575174000001,2.1264379489999996,10,10,train,1,Medium Calorie
dish_1564590288,"pineapple, watermelon, egg whites, berries, cantaloupe, sweet potato, olive oil",848.000001,464.85585027999997,4.442219,57.08478076,44.83948782,7,7,test,2,High Calorie
dish_1562008394,cucumbers,24.0,2.4,0.0,0.48,0.24,1,1,train,0,Low Calorie
dish_1560445004,"bell peppers, olive oil, mustard, cucumbers, vinegar, watermelon, scrambled eggs, bok choy, bacon, salt, garlic, honeydew melons, pineapple, yam, radishes",290.000002,339.597884074,21.015442228999998,24.439624454,14.747490964999999,15,15,test,2,High Calorie
dish_1551395580,white rice,47.0,61.1,0.141,13.16,1.269,1,1,train,0,Low Calorie
dish_1562875940,"country rice, lime, parsley, jicama, fish, couscous, garlic, chive, salt, sour cream, nopales, olive oil, arugula, bok choy, pepper, carrot, corn",418.0,386.666803263,23.183084973,52.980978695,26.294004029,17,17,train,2,High Calorie
dish_1563207406,"scrambled eggs, pineapple, egg whites, yam, watermelon, sweet potato, grapes, olive oil",443.0,372.07,14.062000000000001,46.753,15.986,8,8,train,2,High Calorie
dish_1560975346,"bell peppers, lime, olive oil, chicken thighs, jalapenos, salt, cabbage, parsley, lemon juice, garlic, hominy, tomatoes, chili",224.000003,326.33854533799996,14.924776023,4.475054919,41.012728157999994,13,13,test,2,High Calorie
dish_1559674074,pizza,53.0,140.98,5.141,17.49,5.83,1,1,test,1,Medium Calorie
dish_1562873264,"pepper, fish, corn, jicama, chive, arugula, parsley, nopales, olive oil, garlic, salt, bok choy, country rice, sour cream, green beans, carrot, lime",595.000001,503.60020170599995,35.514572918,66.933786019,33.333627139,17,17,test,2,High Calorie
dish_1551227669,"brussels sprouts, cauliflower, bell peppers",244.0,81.31,0.7010000000000001,16.92,5.846,3,3,train,0,Low Calorie
dish_1560527745,yogurt,149.0,87.761,0.596,5.364,14.9,1,1,test,1,Medium Calorie
dish_1565195436,"olive oil, chicken apple sausage, sweet potato, bacon",164.000003,340.95853788,20.772195,19.30980544,18.28487808,4,4,train,2,High Calorie
dish_1551322934,mushroom,34.0,7.48,0.102,1.122,1.054,1,1,train,0,Low Calorie
dish_1550705669,"chicken, bell peppers, cauliflower",192.0,148.05,2.703,8.34,22.830000000000002,3,3,test,1,Medium Calorie
dish_1566844803,"caesar salad, pepperoni pizza",227.0,249.82,11.004,27.212,12.808,2,2,train,1,Medium Calorie
dish_1560456794,"salt, parsley, chive, nopales, lime, olive oil, carrot, garlic, corn, pepper, arugula, fish, sour cream, jicama",187.999997,205.283377802,23.160922112999998,7.713231015,24.065845614999997,14,14,train,1,Medium Calorie
dish_1563563378,"carrot, grilled chicken, bell peppers, onions, cherry tomatoes, olives",351.0,385.442,22.842000000000002,17.221999999999998,29.95,6,6,test,2,High Calorie
dish_1563479625,"goat cheese, salt, figs, spinach (raw), shallots, chili, brussels sprouts, ginger, jalapenos, salmon, cauliflower, garlic, lime, onions, lemon juice, mustard greens, olive oil, cilantro, arugula, brown rice, apple, pepper, broccoli",213.999999,202.649218378,9.457830078,15.650261912,15.189231719,23,23,test,1,Medium Calorie
dish_1562871363,"white rice, cheese pizza",140.0,245.873,4.697,41.785,7.775,2,2,train,1,Medium Calorie
dish_1550711598,cauliflower,91.0,22.75,0.273,4.55,1.638,1,1,train,0,Low Calorie
dish_1566850142,"cabbage, lime, garlic, lettuce, carrot, olive oil, parsley, vinegar, jalapenos, cherry tomatoes, salt, mixed greens, lemon juice, cucumbers, onions, mayonnaise, wheat berry, pork, pepper",283.999994,464.95117057100003,31.753172628999998,9.052545159,35.226069209,19,19,train,2,High Calorie
dish_1550788505,"apple, fish, carrot",277.0,165.19,9.642,26.720000000000002,14.0,3,3,train,1,Medium Calorie
dish_1562775356,scrambled eggs,120.0,177.6,13.2,1.92,12.0,1,1,train,1,Medium Calorie
dish_1551375480,"cantaloupe, shrimp, berries",178.0,99.17,0.451,14.42,10.649,3,3,train,1,Medium Calorie
dish_1564086709,"pesto, cheese pizza, caesar salad, cherry tomatoes, pasta, cheese, spinach (raw), corn on the cob, onions",306.999999,393.27035323999996,14.645412021,53.99876426,15.606249974,9,9,train,2,High Calorie
dish_1557937758,"blackberries, strawberries, yam, raspberries, eggs",128.0,106.783,2.262,18.932,3.5300000000000002,5,5,train,1,Medium Calorie
dish_1566316558,"vinegar, garlic, radishes, scrambled eggs, bacon, salt, bell peppers, olive oil, mustard, cucumbers",263.000001,490.288084074,40.265042229,5.5772244539999996,25.660690965,10,10,train,2,High Calorie
dish_1551494095,chicken,70.0,115.5,2.52,0.0,21.7,1,1,train,1,Medium Calorie
dish_1550785481,fish,119.0,107.1,15.47,0.0,21.896,1,1,train,1,Medium Calorie
dish_1550861835,"apple, scrambled eggs, banana",278.0,251.52,10.964,30.616,10.466,3,3,train,1,Medium Calorie
dish_1563295016,"bacon, pineapple",79.0,127.88,7.6209999999999996,8.182,6.965,2,2,test,1,Medium Calorie
dish_1551565945,"lemon, berries, olives",179.0,97.77,4.593,17.257,1.6760000000000002,3,3,train,1,Medium Calorie
dish_1558110478,"eggs, berries, bacon, yam",161.0,205.439,6.801,27.932000000000002,8.301,4,4,train,1,Medium Calorie
dish_1568320383,"vinegar, beef, bok choy, shallots, millet, spinach (cooked), quinoa, cheese pizza, salt, onions, olive oil",195.99999699999998,437.12410099,18.984427166,37.518089834,26.86424229,11,11,train,2,High Calorie
dish_1558639306,carrot,99.0,40.59,0.198,9.9,0.891,1,1,train,0,Low Calorie
dish_1551381050,"tortilla, mushroom, cheese",102.0,217.88,8.707,27.549,9.472000000000001,3,3,test,1,Medium Calorie
dish_1566931116,cauliflower,142.0,35.5,0.426,7.1,2.556,1,1,train,0,Low Calorie
dish_1561061123,"arugula, tofu, ginger, jalapenos, brown rice, olive oil, mustard greens, onions, chili, lemon juice, garlic, parsley, salmon, apple, pepper, spinach (raw), bulgur, brussels sprouts, lime, salt, cranberries, cilantro, shallots",357.000003,399.43062208099997,20.405451165,26.884327199,31.093737886,23,23,train,2,High Calorie
dish_1550707110,"sausage, scrambled eggs, potatoes",337.0,645.0020000000001,43.278999999999996,26.605999999999998,35.141,3,3,test,2,High Calorie
dish_1558376938,grapes,74.0,51.06,0.148,13.32,0.518,1,1,train,0,Low Calorie
dish_1563468362,"cottage cheese, pineapple, watermelon, olive oil, sweet potato, berries, yam, egg whites",597.999998,411.686037214,9.998622828,58.300320236,23.599886764,8,8,test,2,High Calorie
dish_1560543583,"olives, fish, pepper, tomatoes, quinoa, arugula, lemon juice, cilantro, salt, tomatillo, jalapenos, brown rice, onions, olive oil, garlic, caesar salad",350.0,254.65731820000002,22.387533427,18.003634214999998,24.094865692,16,16,train,1,Medium Calorie
dish_1566230258,"egg whites, olive oil, sweet potato",585.0,357.96000000000004,3.924,24.834000000000003,47.400000000000006,3,3,train,2,High Calorie
dish_1567542843,"green onions, chili, pineapple, vinegar, onions, olive oil, garlic, salt, broccoli, beef, white rice, chicken thighs, kale, lemon juice, orange juice, cilantro, soy sauce, cheese pizza",216.000003,471.29650955799997,19.758106818999998,42.703156295999996,28.489662094000003,18,18,train,2,High Calorie
dish_1565981848,"carrot, parsley, salt, lemon juice, chive, garlic, olive oil, shallots, wheat berry, cherry tomatoes, tofu, pepper, fish, chard",198.000001,147.41042026800002,11.091942761,8.199255676,15.093218722,14,14,train,1,Medium Calorie
dish_1566849955,"olives, onions, cherry tomatoes, carrot",288.0,147.17,7.563,20.534,2.621,4,4,test,1,Medium Calorie
dish_1558373008,sausage,73.0,251.558,19.929,3.066,14.089,1,1,train,1,Medium Calorie
dish_1561577598,"blueberries, olive oil, spinach (cooked), millet, bok choy, walnuts, salt, mustard, arugula, vinegar, chard, beef, pepper, shallots, onions, pizza",393.0,813.451966292,46.151890751,26.876920556,67.191730514,16,16,train,2,High Calorie
dish_1566838351,"berries, watermelon, pineapple",417.0,190.01,0.8220000000000001,48.034000000000006,2.49,3,3,train,1,Medium Calorie
dish_1563565761,"mushroom, wheat berry, chard, cherry tomatoes, fish, onions, salt, garlic, shallots, chive, olive oil, kale, lemon juice, parsley",158.999999,88.66277888100001,7.853437593000001,5.880220818,11.434039199,14,14,train,1,Medium Calorie
dish_1561662022,"mixed greens, salt, parsley, onions, lemon juice, olive oil, green beans, vinegar, millet, apple",166.000007,159.686286816,11.945532469,12.441322319,2.9250647549999997,10,10,train,1,Medium Calorie
dish_1565117990,"tuna, chicken breast, bell peppers, cheese pizza",380.0,582.0,12.682,31.67,80.835,4,4,train,2,High Calorie
dish_1558460138,cherry tomatoes,56.0,10.08,0.112,2.184,0.504,1,1,train,0,Low Calorie
dish_1563479596,"olive oil, lemon juice, salt, broccoli, figs, apple, goat cheese, cauliflower, pepper, arugula, brussels sprouts, mustard greens",150.999998,104.37355767,5.351235131,12.756773943999999,3.77800709,12,12,train,1,Medium Calorie
dish_1562874203,"carrot, chive, lime, salt, nopales, parsley, olive oil, jicama, arugula, sour cream, pepper, garlic, corn, fish",331.999999,362.521715522,40.901203435,13.621237857,42.499259089,14,14,train,2,High Calorie
dish_1564675157,"grapes, watermelon, sweet potato, olive oil",284.00001000000003,208.92878592,4.172829,42.40517258,2.35473181,4,4,train,1,Medium Calorie
dish_1561580552,cauliflower,89.0,22.25,0.267,4.45,1.602,1,1,train,0,Low Calorie
dish_1561737248,"sausage, egg whites, hash browns, broccoli",394.0,699.3820000000001,45.718999999999994,30.168999999999997,40.369,4,4,train,2,High Calorie
dish_1551226892,tortilla,31.0,67.58,0.899,13.95,1.86,1,1,train,0,Low Calorie
dish_1568666303,"artichokes, chicken, lettuce, broccoli",560.0,443.20000000000005,8.484,19.77,72.892,4,4,train,2,High Calorie
dish_1558638924,cauliflower,25.0,6.25,0.075,1.25,0.45,1,1,train,0,Low Calorie
dish_1561494001,"walnuts, salt, squash, mustard, olive oil, chard, arugula, vinegar, blueberries, pepper",215.999997,162.687862139,13.844636198,7.957150263,3.520412392,10,10,train,1,Medium Calorie
dish_1566502000,"olive oil, bok choy",184.000012,63.00878311,4.846829414,3.949268554,2.692683105,2,2,train,0,Low Calorie
dish_1562010130,"carrot, olive oil, lemon juice, cabbage, arugula, vinegar, pork, pepper, garlic, salt, chickpeas, brussels sprouts, mustard greens, parsley, jalapenos, mayonnaise, wheat berry",375.999992,638.1876311799999,37.533435434,28.654206737000003,47.262806160000004,17,17,test,2,High Calorie
dish_1562097001,"salt, olive oil, mixed greens, lettuce, cucumbers, green beans, parsley, onions, lime, cherry tomatoes, pepper, white beans, vinegar, arugula, pizza, snow peas, garlic, bell peppers, chive, artichokes, fish",417.999997,529.879675543,41.238699956,40.368935829,46.89120928,21,21,test,2,High Calorie
dish_1551224833,"apple, cucumbers, brussels sprouts",331.0,151.14999999999998,0.615,39.45,2.434,3,3,train,1,Medium Calorie
dish_1550706766,"cucumbers, chicken, cauliflower",325.0,279.9,5.703,6.15,49.262,3,3,train,2,High Calorie
dish_1558640477,corn on the cob,56.0,59.416,1.344,12.32,1.736,1,1,train,0,Low Calorie
dish_1561061593,"caesar dressing, parmesan cheese, kale, croutons",51.999998,42.458579588,1.6598695039999998,4.359209616,3.223787934,4,4,train,0,Low Calorie
dish_1563302420,"chicken, garlic, shallots, mushroom, pepper, spinach (raw), wheat berry, olive oil, thyme, parsley, lemon juice, salt, roasted potatoes, carrot",380.999997,435.62627575700003,14.923499988,29.277686754,45.639100123,14,14,train,2,High Calorie
dish_1557863012,cucumbers,31.0,3.1,0.0,0.62,0.31,1,1,test,0,Low Calorie
dish_1551125436,"tomatoes, mixed greens, brussels sprouts",144.0,53.400000000000006,0.72,10.872,2.868,3,3,train,0,Low Calorie
dish_1565382803,"salt, pepper, olive oil, carrot, roasted potatoes, pepperoni pizza",177.0,359.40859209999996,15.261753918,43.129686321,13.366736898000001,6,6,train,2,High Calorie
dish_1564516760,"eggplant, spinach (cooked), olive oil, carrot, shallots, garlic, wine, mushroom, lemon juice, chicken thighs, squash, quinoa, pepper, salt",329.00000500000004,442.728934403,19.22148051,11.774261589,52.757279519,14,14,test,2,High Calorie
dish_1565895879,"kale, chard, olive oil, green beans",231.000002,96.68175062,3.1655250020000003,15.13875014,5.103450036,4,4,train,1,Medium Calorie
dish_1568318316,"mixed greens, steak",297.0,525.4200000000001,35.04,6.095,48.03,2,2,train,2,High Calorie
dish_1559242155,pears,203.0,116.116,0.203,30.856,0.812,1,1,train,1,Medium Calorie
dish_1567023335,"greek salad, garlic, salt, pecans, raspberries, mustard, olive oil, almonds, blueberries, arugula, vinegar, chard, carrot",117.0,138.336389259,12.019871568,5.832453419,3.287284103,13,13,train,1,Medium Calorie
dish_1550778694,"potatoes, berries, potato chips",166.0,160.12,3.792,29.78,2.936,3,3,test,1,Medium Calorie
dish_1551567937,cauliflower,56.0,14.0,0.168,2.8,1.008,1,1,train,0,Low Calorie
dish_1563566909,wild rice,187.0,222.53,0.748,46.75,9.35,1,1,test,1,Medium Calorie
dish_1558637932,"corn on the cob, apple, cauliflower, grapes",393.0,248.287,2.309,60.89,4.282,4,4,test,1,Medium Calorie
dish_1550796973,apple,87.0,45.24,0.174,12.18,0.261,1,1,train,0,Low Calorie
dish_1563294522,"sweet potato, yam, watermelon, strawberries, olive oil, pineapple, grapes",400.000002,250.965664745,4.80739653,53.67211361,2.93401889,7,7,train,1,Medium Calorie
dish_1557937157,"strawberries, broccoli, raspberries, eggs, bacon",271.0,355.25,22.122999999999998,14.7,24.342,5,5,train,2,High Calorie
dish_1565727791,"mixed greens, broccoli, parmesan cheese",99.0,121.07400000000001,6.6,6.1610000000000005,10.278,3,3,train,1,Medium Calorie
dish_1561753477,"tomatoes, celery root, salmon, cheese, vinegar, brown rice, onions, turnips, olive oil, thyme, chili, cherry tomatoes, pepper, chicken thighs, mustard, arugula, tortilla, mixed greens, cilantro, salt, garlic",280.000002,432.267023778,24.355025087,18.788651231,34.092748048,21,21,train,2,High Calorie
dish_1564675060,watermelon,77.0,23.1,0.154,5.852,0.462,1,1,train,0,Low Calorie
dish_1551378762,"asparagus, brussels sprouts, cantaloupe",154.0,55.629999999999995,0.352,12.295,2.976,3,3,train,0,Low Calorie
dish_1550777860,"cantaloupe, broccoli, potatoes",180.0,89.67999999999999,0.401,19.72,3.068,3,3,test,1,Medium Calorie
dish_1558030289,honeydew melons,107.0,38.52,0.107,9.63,0.535,1,1,train,0,Low Calorie
dish_1551567170,"asparagus, lemon, nuts",110.0,244.298,20.165,13.472999999999999,8.39,3,3,train,1,Medium Calorie
dish_1566416339,"eggplant, green beans, salt, olive oil",185.999997,77.97988998,3.410320428,11.653813545,2.4896921140000003,4,4,train,0,Low Calorie
dish_1560441511,"watermelon, cantaloupe, berries",123.0,51.92,0.296,12.7,0.8639999999999999,3,3,train,0,Low Calorie
dish_1551390006,tofu,80.0,58.4,3.84,1.52,6.4,1,1,train,0,Low Calorie
dish_1558640604,apple,117.0,60.84,0.234,16.38,0.351,1,1,train,0,Low Calorie
dish_1559667973,"bagels, cream cheese, scrambled eggs",179.000003,334.4600085,17.98000037,24.923001035,17.512400264,3,3,train,2,High Calorie
dish_1567110811,"bok choy, pepper, vinegar, pizza, cucumbers, olive oil, spinach (cooked), lettuce, cherry tomatoes, beef, millet, onions, lime, mixed greens, shallots, salt",282.000003,537.9880061,31.243413109999995,21.507914304,39.921246446,16,16,train,2,High Calorie
dish_1551487735,asparagus,20.0,4.08,0.02,0.78,0.44,1,1,train,0,Low Calorie
dish_1551224928,apple,129.0,67.08,0.258,18.06,0.387,1,1,train,0,Low Calorie
dish_1563568118,"chard, kale, parsley, garlic, shallots, chive, olive oil, salt, fish, cherry tomatoes, wheat berry, lemon juice",133.999995,139.833838439,16.134104163,4.556469986000001,18.415511708,12,12,train,1,Medium Calorie
dish_1562097653,"beets, onions, vinegar, lettuce, carrot, salt, mustard, arugula, olive oil, wheat berry",101.999999,116.1655184,5.92128502,14.058498413999999,3.3745288799999997,10,10,train,1,Medium Calorie
dish_1551393161,"white rice, tofu, nuts",190.0,484.33000000000004,34.821,31.131,18.820999999999998,3,3,train,2,High Calorie
dish_1560367153,"honeydew melons, onions, country rice, green onions, garlic, salt, olive oil, tofu, fish, cherry tomatoes, asparagus",254.000001,117.1819721748,6.2996163990000005,13.828616502,10.1516850812,11,11,train,1,Medium Calorie
dish_1550776854,potato chips,12.0,64.32,4.2,6.36,0.84,1,1,train,0,Low Calorie
dish_1563220058,pepperoni pizza,52.0,146.64,6.24,16.64,6.24,1,1,train,1,Medium Calorie
dish_1558632799,corn on the cob,19.0,20.159,0.456,4.18,0.589,1,1,test,0,Low Calorie
dish_1551396309,"nuts, asparagus, tortilla",75.0,273.90000000000003,20.151,18.945,8.97,3,3,train,2,High Calorie
dish_1563305083,"chili, lettuce, shallots, broccoli, olive oil, parsley, chicken, blue cheese, beef, mixed greens, salt, carrot, walnuts, thyme, spinach (raw), eggplant, white rice, pepper, garlic, mustard, lemon juice, kale, wheat berry, green onions, soy sauce, orange juice, onions, tofu, vinegar",900.9999859999999,1234.8564313870002,56.759742604,32.056345904,147.49180104299998,29,29,train,2,High Calorie
dish_1565034234,cauliflower,175.0,43.75,0.525,8.75,3.15,1,1,train,0,Low Calorie
dish_1564083508,"grilled chicken, olives, cherry tomatoes",225.0,276.262,18.447,6.015000000000001,22.82,3,3,test,2,High Calorie
dish_1551305257,"corn, mushroom, oatmeal",194.0,128.74,2.452,23.900999999999996,5.175000000000001,3,3,train,1,Medium Calorie
dish_1567629081,cheese pizza,90.0,239.31,8.46,30.15,10.08,1,1,train,1,Medium Calorie
dish_1563391453,"tomatillo, fish, jalapenos, cherry tomatoes, tomatoes, lemon juice, bell peppers, garlic, cilantro, lime, pepper, quinoa, arugula, squash, chicken thighs, olive oil, parsley, onions, cabbage, salt, hominy, chili",306.999991,239.656812675,14.443796305,9.727267262,26.85839442,22,22,train,1,Medium Calorie
dish_1558373405,cantaloupe,40.0,13.6,0.08,3.2,0.32,1,1,train,0,Low Calorie
dish_1551395022,chicken,43.0,70.95,1.548,0.0,13.33,1,1,train,0,Low Calorie
dish_1562702007,"cherry tomatoes, olive oil, squash, salt",99.999998,24.784071945,0.871068183,3.561408074,0.8924315490000001,4,4,train,0,Low Calorie
dish_1563811611,scrambled eggs,132.0,195.36,14.52,2.112,13.2,1,1,train,1,Medium Calorie
dish_1566414924,"mustard, olive oil, pecans, salt, garlic, roasted potatoes, blueberries, arugula, vinegar, chard, green beans",227.000002,247.482185229,17.61904921,20.417045068,4.710956744,11,11,test,1,Medium Calorie
dish_1567801830,"caesar salad, cheese pizza, bok choy, sugar, garlic, soy sauce, salt, pepper, white rice, roasted potatoes, pork",201.0,265.07240544,11.296759091,27.44315208,13.996019315000002,11,11,train,2,High Calorie
dish_1551391197,shrimp,40.0,39.6,0.12,0.08,9.6,1,1,train,0,Low Calorie
dish_1563568025,"fish, cherry tomatoes, salt, bok choy, wheat berry, olive oil, chard, parsley, kale, lemon juice, chive, garlic, shallots, corn on the cob",246.999999,244.98634091899999,16.967200352,28.967131541,19.446245650999998,14,14,train,1,Medium Calorie
dish_1561575068,"eggplant, thyme, lemon juice, rosemary, salt, white wine, basil, lettuce, chicken, cucumbers, cherry tomatoes, pepper, mushroom, oregano, wheat berry, olive oil, butter, onions, shallots, garlic, bell peppers, olives, vinaigrette, feta cheese, arugula, cream",436.000003,421.93671949000003,17.683114084,16.640643101,49.570288217000005,26,26,train,2,High Calorie
dish_1551138312,"pineapple, tomatoes, bread",183.0,138.938,1.6919999999999997,27.547,4.559,3,3,test,1,Medium Calorie
dish_1557861795,caesar salad,31.0,13.64,0.651,1.333,0.992,1,1,train,0,Low Calorie
dish_1563389153,"olive oil, vinegar, arugula, chard, pepper, carrot, bulgur, mustard, salt, broccoli, pecans, garlic, blueberries",224.000001,346.45444517000004,5.393479547,69.070714842,11.697626765,13,13,train,2,High Calorie
dish_1563216412,"white rice, broccoli",205.0,172.45000000000002,0.714,36.61,5.2379999999999995,2,2,train,1,Medium Calorie
dish_1561666923,"lettuce, parsley, olive oil, soy sauce, rosemary, cucumbers, onions, brown rice, corn on the cob, vinegar, pepper, cheese pizza, chicken, chive, sugar, caesar salad, lemon juice, chard, pork, bok choy, cherry tomatoes, salt, garlic, mixed greens, basil, green beans, white rice, carrot, lime",425.000004,539.638692856,22.059612796,55.690107961,34.942740229,29,29,train,2,High Calorie
dish_1565724235,"spinach (raw), parsley, wheat berry, chicken, broccoli, salt, garlic, olive oil, lemon juice, thyme, shallots",209.0,256.228821881,8.484778864,8.118171119,36.216823817999995,11,11,train,1,Medium Calorie
dish_1551492790,"tofu, olives, cauliflower",194.0,103.28,6.483,8.936,5.644,3,3,train,1,Medium Calorie
dish_1565897680,"olive oil, wheat berry, mustard, mixed greens, garlic, lime, salt, lettuce, cauliflower, blue cheese, walnuts, green beans, steak, vinegar",404.999997,770.4488464359999,63.73689268,16.571017926,37.930838314,14,14,test,2,High Calorie
dish_1565383128,"parmesan cheese, cucumbers, vinaigrette, olives, chicken, spinach (raw)",456.0,600.279,39.397000000000006,14.009,50.022999999999996,6,6,train,2,High Calorie
dish_1551488197,"ham, carrot, asparagus",79.0,69.87,2.4579999999999997,3.2800000000000002,9.011000000000001,3,3,train,0,Low Calorie
dish_1559233445,pineapple,49.0,24.5,0.049,6.37,0.245,1,1,train,0,Low Calorie
dish_1550769882,"bacon, potatoes, cantaloupe",192.0,200.13,9.096,19.914,9.93,3,3,train,1,Medium Calorie
dish_1550789705,beef,90.0,225.0,13.5,0.0,23.4,1,1,test,1,Medium Calorie
dish_1563217804,"cherry tomatoes, white rice, pork, parsley, arugula, zucchini, lemon juice, olive oil, cilantro, broccoli, lime, salt, mangos, garlic, jalapenos, onions, cucumbers, rosemary, mustard greens, tomatoes",459.000001,492.93458445199997,25.171034225,22.654510683,44.785774708,20,20,test,2,High Calorie
dish_1563898084,"bacon, milk, greek yogurt, blueberries, scrambled eggs, pineapple, chia seeds",384.0,419.49338795,22.837478145,30.00125739,24.971925925,7,7,train,2,High Calorie
dish_1557937427,eggs,17.0,26.435,1.785,0.204,2.125,1,1,train,0,Low Calorie
dish_1558629041,"eggs, strawberries, carrot, garden salad",226.0,172.004,8.395999999999999,13.712,10.954,4,4,train,1,Medium Calorie
dish_1566588066,"carrot, pineapple, salt, thyme, olive oil, arugula, brown rice, pepper, salmon",561.999995,566.2333973899999,22.180495176999997,48.05473793,43.871035396,9,9,train,2,High Calorie
dish_1565034661,"lime, walnuts, mustard, olive oil, cucumbers, arugula, pepper, cherry tomatoes, lettuce, salt, mixed greens, onions, blueberries, vinegar, chard, cheese pizza",146.000004,219.813249511,15.149509739,16.317737979,6.132204134,16,16,train,1,Medium Calorie
dish_1560973984,"mustard, arugula, orange, pepper, salt, lime, raisins, olive oil, broccoli, pecans, wheat berry",195.0,171.21325645899998,6.510186447000001,25.909746163999998,6.0882712219999995,11,11,train,1,Medium Calorie
dish_1558381943,spinach (raw),60.0,13.8,0.24,2.16,1.74,1,1,train,0,Low Calorie
dish_1565637548,"pineapple, quinoa, olive oil",102.0,93.43611784,2.244349686,16.658640740000003,2.245048536,3,3,train,1,Medium Calorie
dish_1562168365,pineapple,140.0,70.0,0.14,18.2,0.7,1,1,train,0,Low Calorie
dish_1551393021,tofu,69.0,50.37,3.312,1.311,5.52,1,1,test,0,Low Calorie
dish_1558642458,cauliflower,92.0,23.0,0.276,4.6,1.656,1,1,test,0,Low Calorie
dish_1564514953,"artichokes, chive, salt, onions, olive oil, white beans, fish, pepper, arugula, carrot, bell peppers, lime, garlic, snow peas, parsley",280.999996,249.89915285400002,22.06969158,19.018439818,26.381748191,15,15,train,1,Medium Calorie
dish_1550785599,"carrot, mixed greens, fish",255.0,157.01,15.832,11.485,23.705000000000002,3,3,train,1,Medium Calorie
dish_1560456833,"nopales, sour cream, broccoli, garlic, carrot, fish, jicama, olive oil, wild rice, parsley, salt, lime, chive, corn, pepper, arugula",377.999997,351.58337780200003,23.920922113,38.113231015000004,31.095845614999998,16,16,train,2,High Calorie
dish_1566246573,"broccoli, chicken, olives, mixed greens, feta cheese",421.0,563.5550000000001,27.779000000000003,14.72,63.474000000000004,5,5,train,2,High Calorie
dish_1561574600,"salt, olive oil, eggplant",99.999999,32.9803906,1.17647043,5.784313685,0.98039215,3,3,train,0,Low Calorie
dish_1559848882,"mandarin oranges, pears",254.0,143.06199999999998,0.36,37.442,1.228,2,2,train,1,Medium Calorie
dish_1563303298,"salt, spinach (raw), wheat berry, olive oil, thyme, lemon juice, parsley, chicken, shallots, garlic",102.999998,170.760066388,4.999781546,2.042296423,27.815533215,10,10,train,1,Medium Calorie
dish_1558639362,"cauliflower, apple, carrot, corn on the cob",342.0,156.179,1.42,37.419999999999995,3.902,4,4,train,1,Medium Calorie
dish_1566488905,"sweet potato, olive oil",86.000004,82.30829592,2.097561,15.10243974,0.83902443,2,2,test,0,Low Calorie
dish_1551122871,mixed greens,18.0,5.04,0.072,0.954,0.396,1,1,test,0,Low Calorie
dish_1566933180,"salt, vinegar, olive oil, garlic, thyme, parsley, basil, arugula, brown rice, lemon juice, chicken thighs, radishes",95.99999900000002,161.44952064699999,7.634025625,2.197063342,19.702278165000003,12,12,train,1,Medium Calorie
dish_1558721272,carrot,72.0,29.52,0.144,7.2,0.648,1,1,train,0,Low Calorie
dish_1550785526,"carrot, mixed greens, fish",255.0,157.01,15.832,11.485,23.705000000000002,3,3,train,1,Medium Calorie
dish_1551492318,chicken,79.0,130.35,2.844,0.0,24.49,1,1,train,1,Medium Calorie
dish_1551305410,white rice,62.0,80.6,0.186,17.36,1.674,1,1,test,0,Low Calorie
dish_1557862696,cauliflower,77.0,19.25,0.231,3.85,1.386,1,1,train,0,Low Calorie
dish_1563464389,bacon,17.0,91.97,7.14,0.238,6.29,1,1,test,1,Medium Calorie
dish_1561749061,"garlic, salmon, pepper, arugula, brown rice, cherry tomatoes, tatsoi, mustard, kale, lemon juice, parsley, celery root, mixed greens, honeydew melons, vinegar, thyme, olive oil, cucumbers, salt",360.000003,302.860128335,16.033365355,21.472082288,19.745495690000002,19,19,train,2,High Calorie
dish_1568144855,"cherry tomatoes, salt, carrot, onions, olives, olive oil, pepper",212.0,100.74817795999999,4.228533162000001,15.769690693000001,1.98985644,7,7,test,1,Medium Calorie
dish_1550708875,nuts,41.0,248.87,22.14,8.61,8.2,1,1,test,1,Medium Calorie
dish_1558544482,berries,67.0,38.19,0.201,9.38,0.469,1,1,test,0,Low Calorie
dish_1563395415,"carrot, broccoli, cheese pizza, salt, zucchini, olive oil, squash, pepper",187.000009,182.53851006000002,5.808602388,25.546872228,7.825210222000001,8,8,test,1,Medium Calorie
dish_1550861605,apple,142.0,73.84,0.284,19.88,0.426,1,1,train,0,Low Calorie
dish_1551492369,"olives, cauliflower, chicken",201.0,214.85,9.45,6.88,26.086,3,3,train,1,Medium Calorie
dish_1551389458,lemon,7974.0,2312.46,23.922,717.66,87.714,1,1,train,2,High Calorie
dish_1561739649,"sweet potato, broccoli, raspberries, granola, blackberries, mixed greens, vinaigrette",387.999997,208.23354279100002,3.843096498,39.756128323999995,8.45599987,7,7,train,1,Medium Calorie
dish_1566414686,"basil, garlic, lemon juice, thyme, rosemary, butter, wheat berry, mushroom, pepper, salt, shallots, roasted potatoes, olive oil, arugula, oregano, cream, chicken, white wine",407.00003000000004,646.176742203,22.089535548,20.808078463,86.65202462799999,18,18,train,2,High Calorie
dish_1568405214,"mustard greens, olive oil, cucumbers, kale, tomatoes, salt, garlic, caesar dressing, croutons, vinegar, spinach (raw), parmesan cheese, mustard",152.00000099999997,144.25581380100002,9.715363731,9.625489985,6.820556643000001,13,13,train,1,Medium Calorie
dish_1559843492,"broccoli, strawberries",95.0,31.71,0.303,7.42,0.9710000000000001,2,2,train,0,Low Calorie
dish_1559841950,broccoli,32.0,11.2,0.128,2.24,0.768,1,1,train,0,Low Calorie
dish_1559238993,berries,108.0,61.56,0.324,15.12,0.756,1,1,test,0,Low Calorie
dish_1558639849,carrot,57.0,23.37,0.114,5.7,0.513,1,1,train,0,Low Calorie
dish_1561578570,"millet, spinach (cooked), salt, onions, olive oil, vinegar, beef, shallots, bok choy",65.000001,136.80483905,7.85377045,1.929112257,13.278778595,9,9,train,1,Medium Calorie
dish_1560788384,"yogurt, strawberries",242.0,111.19900000000001,0.847,14.036,12.947,2,2,train,1,Medium Calorie
dish_1563464543,"bacon, berries, watermelon, roasted potatoes, scrambled eggs",319.0,386.37,22.578,27.534,18.902,5,5,train,2,High Calorie
dish_1564429702,cauliflower,158.0,39.5,0.474,7.9,2.844,1,1,train,0,Low Calorie
dish_1551224001,brussels sprouts,78.0,33.54,0.234,7.02,2.652,1,1,train,0,Low Calorie
dish_1564686740,"olive oil, olives, pepper, cherry tomatoes, lettuce, cheese pizza, mixed greens, lime, salt, vinegar, onions, cucumbers",221.000002,399.80460168999997,21.228470471999998,40.114347022,13.199510212,12,12,train,2,High Calorie
dish_1550797130,"apple, broccoli, tomatoes",194.0,82.1,0.7789999999999999,19.552,1.826,3,3,train,0,Low Calorie
dish_1558547068,spinach (raw),11.0,2.53,0.044,0.396,0.319,1,1,train,0,Low Calorie
dish_1551563550,tofu,42.0,30.66,2.016,0.798,3.36,1,1,train,0,Low Calorie
dish_1563307519,"olive oil, salt, vinegar, soy sauce, beef, white rice, chili, broccoli, garlic, green onions, onions, carrot, kale, orange juice",335.00001199999997,574.1151473,30.811611176999996,18.411122284,51.720295257000004,14,14,train,2,High Calorie
dish_1550708638,"pineapple, cheese, scrambled eggs",176.0,273.34000000000003,18.665,11.264,15.575,3,3,train,2,High Calorie
dish_1551232851,cauliflower,126.0,31.5,0.378,6.3,2.268,1,1,train,0,Low Calorie
dish_1563391922,"broccoli, squash, zucchini",104.000004,24.44000094,0.38133334799999996,4.541333508,1.5253333919999998,3,3,train,0,Low Calorie
dish_1565811529,"garlic, salt, mustard, olive oil, blueberries, vinegar, spinach (raw), radishes",104.000001,116.84202945599999,10.860430813999999,4.392354512,2.101721512,8,8,train,1,Medium Calorie
dish_1550711488,tofu,90.0,65.7,4.32,1.71,7.2,1,1,test,0,Low Calorie
dish_1559846504,"broccoli, pears",233.0,126.172,0.329,32.792,1.572,2,2,train,1,Medium Calorie
dish_1558116298,"cantaloupe, almonds, grapes, sausage",368.0,854.691,62.372,48.107,35.868,4,4,test,2,High Calorie
dish_1561574815,"olive oil, blueberries, vinaigrette, walnuts, salt, cucumbers, onions, olives, feta cheese, arugula, vinegar, chard, pepper, cherry tomatoes, bell peppers, lettuce, mustard",88.999999,74.852945762,6.637805291,3.2468438170000002,1.653304203,17,17,train,0,Low Calorie
dish_1567022296,"cherry tomatoes, onions, olives, bell peppers, carrot, chicken",444.0,425.41,10.966000000000001,18.481,61.859,6,6,train,2,High Calorie
dish_1551493123,kiwi,66.0,40.26,0.33,9.9,0.726,1,1,test,0,Low Calorie
dish_1559751710,berries,66.0,37.62,0.198,9.24,0.462,1,1,train,0,Low Calorie
dish_1550707578,"scrambled eggs, oatmeal, bread",269.0,345.672,13.27,37.983999999999995,18.244,3,3,train,2,High Calorie
dish_1560444815,"honeydew melons, watermelon, scrambled eggs, bacon, pineapple",571.0,495.12,26.718,40.628,25.66,5,5,train,2,High Calorie
dish_1551233708,bread,41.0,108.814,1.722,17.343,5.535,1,1,train,1,Medium Calorie
dish_1557863170,"avocado, spinach (raw), cucumbers, olives",142.0,129.82,11.426,8.234,2.266,4,4,train,1,Medium Calorie
dish_1561753589,"arugula, brown rice, salt, pepper, thyme, salmon, olive oil",78.0,138.76195515,7.040133233,3.070801798,14.485128298,7,7,train,1,Medium Calorie
dish_1550873044,cantaloupe,135.0,45.9,0.27,10.8,1.08,1,1,test,0,Low Calorie
dish_1551378955,oatmeal,125.0,85.0,1.75,15.0,3.0,1,1,train,0,Low Calorie
dish_1558372525,almonds,42.0,242.802,20.79,9.534,9.408,1,1,test,1,Medium Calorie
dish_1567020091,"fish, chive, walnuts, garlic, shallots, kale, arugula, vinegar, blueberries, cherry tomatoes, salt, brussels sprouts, olive oil, parsley, lemon juice, mustard, chard, wheat berry, pepper",237.999998,236.805172118,22.449144711000002,11.681914695,16.441938531,19,19,test,1,Medium Calorie
dish_1560454562,"corn, arugula, green beans, fish, vinegar, cherry tomatoes, wild rice, pepper, olive oil, cucumbers, chive, sour cream, garlic, carrot, jicama, parsley, nopales, lime, salt, mixed greens",298.999992,318.821912289,26.924076175,24.928851221000002,26.887256456,20,20,train,2,High Calorie
dish_1558639555,"cantaloupe, corn on the cob, carrot, apple",320.0,156.04899999999998,1.278,38.18,2.725,4,4,test,1,Medium Calorie
dish_1551379654,"cantaloupe, banana, cheese",174.0,230.14,12.226,22.008000000000003,10.314,3,3,test,1,Medium Calorie
dish_1563551134,"bagels, cream cheese, egg whites",173.000003,246.9200085,5.962000369999999,29.723001035,16.810400264000002,3,3,train,1,Medium Calorie
dish_1560802730,"olive oil, chickpeas, kale, lemon juice, bulgur, salt, parsley, cherry tomatoes, pepper, spinach (raw), thyme, garlic, chicken breast, parmesan cheese, wheat berry",63.999999,101.70248326200002,2.801806652,2.2697098259999997,16.082963088,15,15,train,1,Medium Calorie
dish_1551225467,fish,70.0,63.0,9.1,0.0,12.88,1,1,test,0,Low Calorie
dish_1561580608,cauliflower,81.0,20.25,0.243,4.05,1.458,1,1,train,0,Low Calorie
dish_1560444701,watermelon,170.0,51.0,0.34,12.92,1.02,1,1,train,0,Low Calorie
dish_1566316525,"olive oil, bacon, radishes, vinegar, bell peppers, garlic, salt, cucumbers, mustard",83.000001,223.888084074,20.465042229,2.697224454,7.660690965000001,9,9,train,1,Medium Calorie
dish_1565799507,"sweet potato, olive oil",78.000004,74.65171016,1.902439,13.6975617,0.76097565,2,2,train,0,Low Calorie
dish_1551227628,"bell peppers, brussels sprouts, cauliflower",244.0,81.31,0.7010000000000001,16.92,5.846,3,3,train,0,Low Calorie
dish_1566244815,asparagus,144.0,29.376,0.144,5.616,3.168,1,1,train,0,Low Calorie
dish_1564590146,"watermelon, sweet potato, olive oil",205.000001,141.00585028,3.119219,27.63278076,1.68448782,3,3,train,1,Medium Calorie
dish_1550713114,"tomatoes, nuts, tofu",218.0,425.69000000000005,34.531,19.782,17.199,3,3,train,2,High Calorie
dish_1565109637,"sweet potato, olive oil, egg whites",253.000004,172.64488168,2.610683,17.62031778,16.81707321,3,3,train,1,Medium Calorie
dish_1551235240,"cheese, mixed greens, bread",112.0,317.286,15.404,26.206,18.023,3,3,train,2,High Calorie
dish_1551235699,"beef, orange, cheese",264.0,324.5,16.137999999999998,21.581,23.792,3,3,test,2,High Calorie
dish_1551307170,brussels sprouts,48.0,20.64,0.144,4.32,1.632,1,1,train,0,Low Calorie
dish_1551303437,"shrimp, white rice, bean(seed)",181.0,224.75,0.738,32.79,20.697,3,3,train,1,Medium Calorie
dish_1551392424,"berries, tofu, asparagus",119.0,61.97,1.737,9.758000000000001,3.619,3,3,train,0,Low Calorie
dish_1551316878,"brussels sprouts, white rice, orange",190.0,145.4,0.43,32.5,4.22,3,3,train,1,Medium Calorie
dish_1566414611,chicken,64.0,105.6,2.304,0.0,19.84,1,1,train,1,Medium Calorie
dish_1567021799,"pepper, vinegar, arugula, chard, blueberries, mustard, olive oil, walnuts, salt",75.999999,93.818128287,8.914965451,3.059987924,1.823885398,9,9,test,1,Medium Calorie
dish_1559844657,"potatoes, grapes",167.0,122.11,0.248,29.2,2.287,2,2,train,1,Medium Calorie
dish_1558376874,almonds,58.0,335.298,28.71,13.166,12.992,1,1,train,2,High Calorie
dish_1551232627,fish,73.0,65.7,9.49,0.0,13.432,1,1,test,0,Low Calorie
dish_1562699699,"bok choy, millet, vinegar, spinach (raw), shallots, onions, cucumbers, olive oil, garlic, mustard, salt, quinoa, sun dried tomatoes, beef, brown rice, spinach (cooked)",216.999999,372.112727292,19.353058331,20.778340231,26.857891417,16,16,train,2,High Calorie
dish_1550773995,"potatoes, berries, banana",286.0,223.01999999999998,0.754,55.55,3.298,3,3,train,1,Medium Calorie
dish_1558721669,cauliflower,97.0,24.25,0.291,4.85,1.746,1,1,train,0,Low Calorie
dish_1565638599,"parmesan cheese, arugula, white rice, garlic, parsley, onions, olive oil, green beans, pork, wheat berry, spinach (raw), chicken breast, cherry tomatoes, quinoa, salt, rosemary, zucchini, thyme",278.999992,368.698358315,15.762370492,23.103622534,32.858444636,18,18,test,2,High Calorie
dish_1550709028,"bell peppers, nuts, beef",150.0,370.17,27.834,15.09,19.259999999999998,3,3,train,2,High Calorie
dish_1558640294,"cantaloupe, cherry tomatoes",184.0,42.4,0.368,9.553999999999998,1.5979999999999999,2,2,train,0,Low Calorie
dish_1559149615,bacon,23.0,124.43,9.66,0.322,8.51,1,1,train,1,Medium Calorie
dish_1550873303,"chicken, cantaloupe, avocado",233.0,205.64999999999998,8.244,14.31,20.15,3,3,train,1,Medium Calorie
dish_1558640238,cherry tomatoes,126.0,22.68,0.252,4.914,1.134,1,1,train,0,Low Calorie
dish_1551323866,shrimp,41.0,40.59,0.123,0.082,9.84,1,1,train,0,Low Calorie
dish_1563295400,"broccoli, yam, sweet potato, scrambled eggs, olive oil, bacon",269.000005,402.984807854,24.849029204,26.972350096,18.6094893,6,6,train,2,High Calorie
dish_1559332795,"cucumbers, olive oil, salt, mixed greens, lime, lettuce, pepper, cherry tomatoes, vinegar, onions",39.000001,39.36839718,3.721486918,1.441863075,0.531218675,10,10,test,0,Low Calorie
dish_1558722707,cherry tomatoes,107.0,19.26,0.214,4.173,0.963,1,1,train,0,Low Calorie
dish_1560369008,"pork, brown rice, shallots, mixed greens, carrot, broccoli, salt, lemon juice, basil, parsley, vinegar, cherry tomatoes, pepper, arugula, white rice, garlic, lettuce, mustard, pumpkin seeds, olive oil, onions, caesar salad",146.000001,223.80131590899998,10.548675961999999,15.552690917,15.850163986,22,22,train,1,Medium Calorie
dish_1559233144,"garden salad, scrambled eggs, bacon",198.0,398.06399999999996,29.666,3.722,27.729,3,3,train,2,High Calorie
dish_1563205903,"chicken apple sausage, egg whites",122.0,101.24000000000001,3.674,1.659,13.6,2,2,train,1,Medium Calorie
dish_1558380464,almonds,48.0,277.488,23.76,10.896,10.752,1,1,train,2,High Calorie
dish_1565195362,"sweet potato, olive oil",103.000003,98.57853788,2.512195,18.08780544,1.00487808,2,2,test,1,Medium Calorie
dish_1556575386,"olives, brussels sprouts, celery",154.0,103.3,6.882000000000001,10.618,2.8680000000000003,3,3,train,1,Medium Calorie
dish_1567023262,greek salad,64.0,72.32,6.016,3.008,2.048,1,1,train,0,Low Calorie
dish_1560887480,"onions, caesar dressing, pizza, kale, broccoli, beef, vinegar, parmesan cheese, eggplant, olive oil, orange juice, salt, chili, garlic, soy sauce, white rice, croutons, green onions",374.000002,668.084173504,30.156405264,53.686614563999996,43.585084821,18,18,train,2,High Calorie
dish_1564601600,"buttermilk, chicken, flour, lemon juice, thyme, vegetable oil, parsley, garlic, olive oil, brussels sprouts, pepper, roasted potatoes, turnips, salt",434.00001000000003,600.798019824,34.061846039,39.350666414,36.421765502999996,14,14,test,2,High Calorie
dish_1561740385,"radishes, salt, broccoli, olive oil, mustard, cucumbers, vinegar, strawberries, garlic, bell peppers",139.000001,99.374554632,6.882790917,9.440246122000001,1.7587565889999999,10,10,test,1,Medium Calorie
dish_1550791105,berries,84.0,47.88,0.252,11.76,0.588,1,1,train,0,Low Calorie
dish_1563996596,caesar salad,90.0,39.6,1.89,3.87,2.88,1,1,train,0,Low Calorie
dish_1551492866,corn,28.0,26.88,0.42,5.88,0.952,1,1,test,0,Low Calorie
dish_1558724799,"cauliflower, apple, broccoli",352.0,142.67000000000002,1.0070000000000001,34.33,4.593,3,3,train,1,Medium Calorie
dish_1560366963,cherry tomatoes,42.0,7.56,0.084,1.638,0.378,1,1,train,0,Low Calorie
dish_1563984835,"vinaigrette, raspberries, blackberries, mixed greens, granola, scrambled eggs, salsa, chicken apple sausage",460.999994,603.9791860830001,38.404386616,22.673515396,42.218999846,8,8,train,2,High Calorie
dish_1560366460,"basil, chard, vinegar, arugula, eggplant, broccoli, salt, walnuts, olive oil, onions, blueberries, pork, garlic, brown rice, cherry tomatoes, pepper, asparagus, shallots, lemon juice, mustard, parsley",254.999999,330.74091753100004,20.443512787,9.966404217000001,27.040802085,21,21,test,2,High Calorie
dish_1551488691,kiwi,53.0,32.33,0.265,7.95,0.583,1,1,train,0,Low Calorie
dish_1562010266,"olive oil, mayonnaise, wheat berry, pork, pepper, salt, cabbage, carrot, garlic, lemon juice, parsley, jalapenos",283.99999499999996,581.0329711710001,34.783106306,8.110199059000001,55.645042516,12,12,train,2,High Calorie
dish_1560369122,"garlic, asparagus, salt, mustard, olive oil, blueberries, spinach (raw), radishes, vinegar, honeydew melons",183.000001,92.058575703,5.250934237999999,10.45747469,2.884234148,10,10,train,1,Medium Calorie
dish_1566402041,egg whites,446.0,231.92,0.892,3.122,44.6,1,1,test,1,Medium Calorie
dish_1564605293,cheese pizza,152.0,404.168,14.288,50.92,17.024,1,1,train,2,High Calorie
dish_1565021185,"waffles, olive oil, salt, turnips, egg whites, sausage, pepper, tofu",296.000003,481.50341647500005,28.395675557,30.147347038,26.921808145,8,8,train,2,High Calorie
dish_1550860307,bacon,8.0,43.28,3.36,0.112,2.96,1,1,train,0,Low Calorie
dish_1558638137,apple,117.0,60.84,0.234,16.38,0.351,1,1,train,0,Low Calorie
dish_1562787983,"caesar salad, cantaloupe",149.0,56.760000000000005,1.4569999999999999,9.663,2.6559999999999997,2,2,test,0,Low Calorie
dish_1551390382,"broccoli, kiwi, chicken",164.0,147.10000000000002,2.513,12.76,19.107,3,3,train,1,Medium Calorie
dish_1561751958,"arugula, brown rice, squash, salmon, pepper, salt, olive oil, thyme",292.999998,381.22640882499996,19.166790777000003,10.987132161,37.790173609,8,8,train,2,High Calorie
dish_1563913741,"cucumbers, salt, cheese pizza, figs, mustard, green beans, olive oil, fried rice, chard, spinach (raw), vinegar, cherry tomatoes, caesar salad",292.000001,353.062396982,14.037525528,44.293163751,14.324348947999999,13,13,train,2,High Calorie
dish_1558640748,cauliflower,58.0,14.5,0.174,2.9,1.044,1,1,train,0,Low Calorie
dish_1562617395,"caesar salad, pepperoni pizza",125.0,185.9,8.07,20.61,8.84,2,2,train,1,Medium Calorie
dish_1566502472,"sun dried tomatoes, garlic, olive oil, mustard, cucumbers, vinegar, spinach (raw), onions, corn on the cob, salt",118.999999,132.919033792,7.735375207,15.924624458,3.416663609,10,10,train,1,Medium Calorie
dish_1562691000,"olive oil, pineapple, berries, broccoli, scrambled eggs",349.0,326.62170711,17.551829244,27.17882927,16.561341463999998,5,5,train,2,High Calorie
dish_1565119739,"olive oil, onions, salt, kale, zucchini, shallots, spinach (cooked), millet, bok choy, beef, wheat berry, chard, chayote squash, vinegar",461.0,396.80403578999994,15.774880666000001,41.558457577,25.650157965000002,14,14,test,2,High Calorie
dish_1565728453,"shallots, garlic, olive oil, vinegar, beef, millet, salt, cheese pizza, onions, lemon juice, parsley, thyme, wheat berry, spinach (raw), bok choy, spinach (cooked), chicken",139.999999,293.899644852,11.317792722,17.914082835,28.20875667,17,17,train,2,High Calorie
dish_1564169298,"lemon juice, kale, tatsoi, parsley, garlic, sandwiches, salt, pepper, watermelon, cucumbers",299.000003,187.076355656,7.090506343,25.310050866,8.460101353999999,10,10,train,1,Medium Calorie
dish_1551382149,"oatmeal, asparagus, white rice",3435.0,782.096,4.372,150.316,75.93,3,3,train,2,High Calorie
dish_1563909951,"garlic, salt, olive oil, mustard, spinach (raw), vinegar, green beans, blueberries, radishes",188.000003,180.60264325300002,15.631252778999999,9.266832436,3.663663995,9,9,train,1,Medium Calorie
dish_1566501041,"olives, carrot, spinach (raw), parmesan cheese",194.0,279.318,20.279,12.238999999999999,14.899,4,4,train,2,High Calorie
dish_1562008842,"parsley, mixed greens, garlic, olive oil, mustard, shallots, mayonnaise, chard, vinegar, cabbage, olives, pepper, quinoa, pears, salt, goat cheese, carrot, thyme, arugula, pecans, blueberries, lemon juice, pork, cauliflower, wheat berry, jalapenos",294.0,355.759699758,24.022316954,17.568413406,19.549058950000003,26,26,test,2,High Calorie
dish_1551316788,orange,70.0,32.9,0.07,8.4,0.63,1,1,train,0,Low Calorie
dish_1566414754,"pepper, roasted potatoes, shallots, green onions, country rice, lemon juice, rosemary, butter, wheat berry, mushroom, cream, arugula, onions, fish, green beans, salt, garlic, olive oil, thyme, basil, oregano, chicken, white wine",533.000033,755.4963464361999,33.023947289,28.348515501,98.8578380788,23,23,train,2,High Calorie
dish_1551142509,potatoes,64.0,49.28,0.064,10.88,1.28,1,1,train,0,Low Calorie
dish_1551225281,bread,46.0,122.084,1.932,19.458,6.21,1,1,train,1,Medium Calorie
dish_1561575996,"vinegar, parmesan cheese, millet, bok choy, olives, beef, cheese pizza, salt, shallots, spinach (cooked), onions, olive oil",128.000002,290.97618316,15.850189381,17.013611418,19.330733637999998,12,12,train,2,High Calorie
dish_1561578603,"olive oil, onions, salt, roasted potatoes, spinach (cooked), shallots, bok choy, millet, beef, vinegar",96.000001,180.51483905,9.96177045,7.509112257,13.929778595,10,10,train,1,Medium Calorie
dish_1563567978,"garlic, shallots, salt, lemon juice, kale, parsley, chard, olive oil, wheat berry, chive, cherry tomatoes, fish",114.0,118.963122599,13.726029744,3.8763998529999997,15.666928591,12,12,train,1,Medium Calorie
dish_1561576051,"chicken, beef, garlic, butter, arugula, wheat berry, cream, olive oil, thyme, rosemary, salt, white wine, roasted potatoes, pepper, olives, millet, parmesan cheese, vinegar, mushroom, oregano, basil, lemon juice, bok choy, onions, cheese pizza, spinach (cooked), shallots",179.000001,367.885313816,19.007560014,22.600350848,25.634586291999998,27,27,test,2,High Calorie
dish_1565638287,"pork, arugula, white rice, garlic, salt, rosemary, zucchini, parsley, onions, olive oil",174.999992,357.93465192900004,19.853893707,6.47879957,35.728158871,10,10,train,2,High Calorie
dish_1561753371,"olive oil, chicken thighs, cheese, tomatoes, garlic, chili, salt, cilantro, tortilla, onions",103.000002,221.257730334,11.171754445000001,10.944117999,19.031263122,10,10,train,1,Medium Calorie
dish_1563393182,"zucchini, broccoli, squash, cucumbers",193.000008,35.23000188,0.432666696,6.6526670160000005,2.4806667840000003,4,4,train,0,Low Calorie
dish_1551139415,cantaloupe,63.0,21.42,0.126,5.04,0.504,1,1,test,0,Low Calorie
dish_1563389600,"grilled chicken, cherry tomatoes",264.0,451.428,29.046,2.924,44.474000000000004,2,2,train,2,High Calorie
dish_1568061272,"quinoa, chicken breast, wheat berry, parmesan cheese, spinach (raw), olive oil, garlic, thyme, cherry tomatoes, salt, cheese pizza, pepper, pineapple, squash, brussels sprouts",414.999993,380.394041965,11.045062955,45.304301944,25.76387274,15,15,train,2,High Calorie
dish_1562958998,"arugula, quinoa, fish, tomatillo, pepper, jalapenos, cilantro, garlic, lemon juice, onions, salt, olive oil",103.999994,109.093586046,12.077430018,4.164993274,13.567005828000001,12,12,train,1,Medium Calorie
dish_1560456853,"parsley, salt, broccoli, fish, jicama, olive oil, sour cream, nopales, lime, chive, carrot, corn, garlic, caesar salad, pepper, arugula, wild rice",500.999997,405.703377802,26.503922113,43.402231015,35.031845615,17,17,train,2,High Calorie
dish_1561662926,"millet, rosemary, parsley, brown rice, lemon juice, vinegar, corn on the cob, garlic, salt, apple, chicken, chard, onions, basil, olive oil, mixed greens, carrot, chive",213.000003,288.33551803,9.284703768,11.059766551000001,39.169027084,18,18,train,2,High Calorie
dish_1560370137,"vinegar, arugula, asparagus, salt, mixed greens, carrot, lettuce, pumpkin seeds, mustard, olive oil",104.000002,89.644273763,7.002889736,5.694382634,2.551919224,10,10,test,1,Medium Calorie
dish_1550793621,"broccoli, beef, white rice",201.0,253.04999999999998,9.804000000000002,20.65,19.612000000000002,3,3,train,1,Medium Calorie
dish_1558636388,cauliflower,96.0,24.0,0.288,4.8,1.728,1,1,test,0,Low Calorie
dish_1558633158,carrot,85.0,34.85,0.17,8.5,0.765,1,1,train,0,Low Calorie
dish_1564170880,"salmon, pepper, arugula, brown rice, wheat berry, olive oil, thyme, salt",229.999999,348.55715085,15.413000753,22.931353741000002,28.944201183999997,8,8,test,2,High Calorie
dish_1559678405,"bok choy, garlic, vinegar, onions, shallots, olive oil, mustard, tomatoes, mustard greens, salt, cucumbers, beef, spinach (raw), broccoli, spinach (cooked), millet",386.000002,552.346066246,37.108221386000004,14.894657314,39.692420648,16,16,train,2,High Calorie
dish_1551564282,"oatmeal, kiwi, tofu",155.0,104.50999999999999,3.572,14.605,6.1240000000000006,3,3,test,1,Medium Calorie
dish_1563564676,"kale, croutons, caesar dressing, parmesan cheese",61.999998,50.623692538,1.979075228,5.19751933,3.843747236,4,4,test,0,Low Calorie
dish_1562086501,scrambled eggs,132.0,195.36,14.52,2.112,13.2,1,1,train,1,Medium Calorie
dish_1560453275,"lemon juice, spinach (raw), thyme, rosemary, garlic, salt, basil, parsley, pepper, olive oil, chicken, wheat berry, squash, zucchini",60.000001,92.554446577,2.703751741,1.252968984,14.971698979000001,14,14,train,1,Medium Calorie
dish_1551237436,apple,69.0,35.88,0.138,9.66,0.207,1,1,train,0,Low Calorie
dish_1551224751,brussels sprouts,37.0,15.91,0.111,3.33,1.258,1,1,train,0,Low Calorie
dish_1558725085,honeydew melons,151.0,54.36,0.151,13.59,0.755,1,1,train,0,Low Calorie
dish_1565799663,"berries, salsa, watermelon, egg whites, olive oil, sweet potato",591.000004,314.81171016,2.9914389999999997,34.0655617,34.43297565,6,6,train,2,High Calorie
dish_1568233509,"mixed greens, chicken, broccoli, olive oil",422.0,748.14,40.144,8.033999999999999,85.97999999999999,4,4,test,2,High Calorie
dish_1566246946,"wheat berry, olive oil, steak, cauliflower, salt, garlic, lime, cheese pizza",137.999998,342.78940923000005,15.283056589,31.629372822,19.341144501000002,8,8,test,2,High Calorie
dish_1562700906,"olive oil, squash, salt, cauliflower",221.999996,59.639145665,1.697485487,9.371578186,3.038182461,4,4,train,0,Low Calorie
dish_1564086602,cheese pizza,49.0,130.291,4.606,16.415,5.488,1,1,test,1,Medium Calorie
dish_1567024066,cheese pizza,86.0,228.674,8.084,28.81,9.632,1,1,train,1,Medium Calorie
dish_1558631872,cherry tomatoes,89.0,16.02,0.178,3.471,0.801,1,1,test,0,Low Calorie
dish_1558722883,cauliflower,60.0,15.0,0.18,3.0,1.08,1,1,train,0,Low Calorie
dish_1565898402,"garlic, salmon, green beans, vinegar, ginger, jalapenos, spinach (raw), onions, lime, shallots, cilantro, millet, bok choy, spinach (cooked), brown rice, beef, olive oil, lemon juice, salt, chili",229.000002,384.79921378,19.54410696,9.462810404999999,39.42437228599999,20,20,train,2,High Calorie
dish_1550793673,"broccoli, beef, white rice",201.0,253.04999999999998,9.804000000000002,20.65,19.612000000000002,3,3,train,1,Medium Calorie
dish_1551306958,mushroom,22.0,4.84,0.066,0.726,0.682,1,1,train,0,Low Calorie
dish_1567537212,"beef, broccoli, garlic, green onions, soy sauce, kale, onions, salt, vinegar, olive oil, white rice, orange juice, chili",238.00000200000002,432.50665255,24.445212124999998,10.818125918,39.385648243,13,13,train,2,High Calorie
dish_1550772199,potatoes,79.0,60.83,0.079,13.43,1.58,1,1,train,0,Low Calorie
dish_1551227165,bread,29.0,76.966,1.218,12.267,3.915,1,1,train,0,Low Calorie
dish_1563909982,"chicken, green beans, vinegar, spinach (raw), blueberries, olive oil, onions, salt, bell peppers, pepper, radishes, jalapenos, mustard, millet, tomatoes, garlic",317.999999,370.793919503,22.314619387999997,16.470777025,27.836023278000003,16,16,train,2,High Calorie
dish_1562687246,"bell peppers, garlic, salt, cucumbers, olive oil, mustard, vinegar, radishes",60.999998,115.42160308199999,11.899805032,2.3172606179999997,0.6011272780000001,8,8,train,1,Medium Calorie
dish_1562173381,sausage,113.0,389.398,30.849,4.746,21.809,1,1,train,2,High Calorie
dish_1551222036,tortilla,65.0,141.7,1.885,29.25,3.9,1,1,train,1,Medium Calorie
dish_1566851677,"quinoa, broccoli, salt, arugula, parsley, lemon juice, garlic, olive oil, caesar salad, thyme, shallots, cheese pizza",296.0,354.773840281,12.628245361000001,45.332050668,16.523361968,12,12,train,2,High Calorie
dish_1565020895,"olive oil, bacon, egg whites, berries, milk, chia seeds, greek yogurt, sweet potato",416.000004,348.12611883,10.23328424,43.37595856,20.96131831,8,8,test,2,High Calorie
dish_1565797645,watermelon,70.0,21.0,0.14,5.32,0.42,1,1,train,0,Low Calorie
dish_1565035746,"onions, cauliflower",149.0,43.1,0.369,9.01,2.409,2,2,train,0,Low Calorie
dish_1550862106,"orange, scrambled eggs, apple",143.0,117.09,5.4030000000000005,12.727999999999998,5.486999999999999,3,3,train,1,Medium Calorie
dish_1565033189,"chicken, mixed greens, broccoli, olives",507.0,578.1,22.564999999999998,17.356,76.664,4,4,train,2,High Calorie
dish_1558629878,apple,142.0,73.84,0.284,19.88,0.426,1,1,train,0,Low Calorie
dish_1561575410,cauliflower,64.0,16.0,0.192,3.2,1.152,1,1,train,0,Low Calorie
dish_1550705724,"bell peppers, cauliflower, chicken",192.0,148.05,2.703,8.34,22.830000000000002,3,3,train,1,Medium Calorie
dish_1565724620,"olive oil, wheat berry, thyme, zucchini, broccoli, parsley, roasted potatoes, garlic, chicken, shallots, salt, lemon juice, chayote squash, spinach (raw)",535.000003,473.953334123,18.355671512,38.36149098,40.729763931,14,14,test,2,High Calorie
dish_1558719097,cherry tomatoes,107.0,19.26,0.214,4.173,0.963,1,1,train,0,Low Calorie
dish_1551493278,"white rice, kiwi, sausage",198.0,417.876,26.645999999999997,24.012,20.226,3,3,test,2,High Calorie
dish_1561739760,"vinaigrette, granola, blackberries, berries, mixed greens, broccoli, raspberries, cantaloupe, sweet potato",936.999997,452.163542791,5.190096498,98.616128324,12.59899987,9,9,test,2,High Calorie
dish_1560356337,"cucumbers, mustard greens, olive oil, garlic, tomatoes, salt, yam, mustard, spinach (raw), vinegar",119.000001,144.716938243,3.0976172550000003,27.99652952,2.047823583,10,10,train,1,Medium Calorie
dish_1561663580,"chicken, chard, brown rice, salt, parsley, olive oil, rosemary, basil, lemon juice, chive, garlic, carrot",307.0,432.063366898,9.84414208,31.344984923,51.432282571,12,12,test,2,High Calorie
dish_1551490819,"sausage, ham, olives",182.0,434.032,32.631,7.374,27.566,3,3,train,2,High Calorie
dish_1557862345,chicken,63.0,103.95,2.268,0.0,19.53,1,1,train,1,Medium Calorie
dish_1561578394,"bok choy, olives, salt, lettuce, cheese pizza, spinach (cooked), shallots, vinegar, millet, beef, vinaigrette, cherry tomatoes, feta cheese, olive oil, onions, cucumbers, caesar salad, bell peppers",184.999998,276.04440293700003,13.940608929,19.464627981,17.828013148,18,18,train,2,High Calorie
dish_1562774180,"cantaloupe, raspberries, blackberries, mixed greens, roasted potatoes, granola, vinaigrette, berries",180.999997,164.08354279099999,6.538096498,24.856128324,3.04699987,8,8,test,1,Medium Calorie
dish_1550861027,pineapple,42.0,21.0,0.042,5.46,0.21,1,1,train,0,Low Calorie
dish_1558458903,almonds,20.0,115.62,9.9,4.54,4.48,1,1,test,1,Medium Calorie
dish_1563309237,"bell peppers, olives",62.0,49.550000000000004,3.589,4.689,0.844,2,2,train,0,Low Calorie
dish_1558641926,apple,154.0,80.08,0.308,21.56,0.462,1,1,train,0,Low Calorie
dish_1562775574,"salt, egg whites, brussels sprouts, olive oil, sweet potato, cottage cheese, pineapple, pepper",387.000002,242.47711911,3.5347560369999997,36.081387692999996,17.56164215,8,8,train,1,Medium Calorie
dish_1562875833,"arugula, nopales, jicama, sour cream, corn, fish, pepper, chive, garlic, carrot, lime, salt, olive oil, parsley",143.0,156.146403263,17.617084973,5.866978695,18.305404028999998,14,14,train,1,Medium Calorie
dish_1567023110,olives,40.0,46.0,4.28,2.52,0.32,1,1,test,0,Low Calorie
dish_1559843715,"strawberries, potatoes, broccoli, pears",334.0,176.14000000000001,0.542,44.45,2.551,4,4,train,1,Medium Calorie
dish_1551142046,"mixed greens, cantaloupe, scrambled eggs",165.0,151.92,9.546,7.274,9.392,3,3,test,1,Medium Calorie
dish_1561666875,"chive, corn on the cob, vinegar, cherry tomatoes, brown rice, olive oil, basil, lemon juice, garlic, lime, caesar salad, carrot, pepper, chard, parsley, rosemary, cheese pizza, cucumbers, onions, salt, lettuce, chicken, mixed greens",359.000002,443.863008856,17.977987291,49.332969477,26.684472528,23,23,train,2,High Calorie
dish_1565208562,caesar salad,92.0,40.48,1.932,3.956,2.944,1,1,train,0,Low Calorie
dish_1551492975,"corn, chicken, ham",178.0,259.78,7.571999999999999,6.975,40.152,3,3,train,1,Medium Calorie
dish_1564432191,"salt, lime, lettuce, mixed greens, vinegar, cucumbers, pepperoni pizza, onions, olive oil, cauliflower, pineapple, pepper, cherry tomatoes",220.000001,261.02839718,11.519486918,32.141863074999996,9.461218675,13,13,test,2,High Calorie
dish_1560370833,"ice cream cones, frozen yogurt",99.0,177.003,5.913,27.525,4.287,2,2,test,1,Medium Calorie
dish_1563389742,"cherry tomatoes, onions, grilled chicken, carrot, bell peppers",556.0,569.418,29.555999999999997,30.394000000000002,48.339000000000006,5,5,train,2,High Calorie
dish_1550712369,chicken,90.0,148.5,3.24,0.0,27.9,1,1,test,1,Medium Calorie
dish_1563565354,"shallots, fish, corn on the cob, mushroom, ground turkey, cream, olive oil, thyme, onions, lemon juice, salt, parsley, carrot, white rice, cherry tomatoes, eggs, chard, wheat berry, kale, celery, chive, garlic",192.999999,272.315223389,15.77706856,23.045519951,20.039697738999998,22,22,train,2,High Calorie
dish_1558718587,cauliflower,41.0,10.25,0.123,2.05,0.738,1,1,train,0,Low Calorie
dish_1561576449,cauliflower,308.0,77.0,0.924,15.4,5.544,1,1,train,0,Low Calorie
dish_1551306491,cauliflower,62.0,15.5,0.186,3.1,1.116,1,1,train,0,Low Calorie
dish_1551322755,"corn, orange, lemon",178.0,88.62,0.784,22.47,2.582,3,3,train,1,Medium Calorie
dish_1551303338,bean(seed),65.0,91.0,0.39,15.6,5.85,1,1,test,1,Medium Calorie
dish_1559319826,berries,79.0,45.03,0.237,11.06,0.553,1,1,train,0,Low Calorie
dish_1561749711,"salmon, salt, thyme, olive oil, arugula, brown rice, cherry tomatoes, pepper",228.000004,300.07791304,14.753815272,8.951819125,30.67849844,8,8,train,2,High Calorie
dish_1550772701,potato chips,19.0,101.84,6.65,10.07,1.33,1,1,train,1,Medium Calorie
dish_1550778535,potato chips,10.0,53.6,3.5,5.3,0.7,1,1,train,0,Low Calorie
dish_1566501382,"olives, onions, cherry tomatoes, tuna, carrot",330.0,283.53,4.0,12.261,47.964,5,5,train,2,High Calorie
dish_1565972384,"sweet potato, olive oil, egg whites",706.000006,432.24390424,4.748146,30.064854800000003,57.1536586,3,3,train,2,High Calorie
dish_1562613918,"apple, shallots, bulgur, salt, lemon juice, cranberries, mustard greens, olive oil, parsley, arugula, broccoli, squash, garlic",206.999997,133.659975061,6.603672069,16.706302974,4.750153943,13,13,train,1,Medium Calorie
dish_1562613285,"figs, apple, arugula, lemon juice, olive oil, mustard greens, salt, goat cheese",84.00000200000001,111.74450519,7.762758077,9.664679273,2.12651458,8,8,train,1,Medium Calorie
dish_1559581236,"mixed greens, lime, lettuce, olive oil, cucumbers, onions, salt, vinegar, pepper, eggs, cherry tomatoes",212.0,296.92676685,21.68536479,4.042250673,19.817259464,11,11,test,2,High Calorie
dish_1565809080,"onions, cherry tomatoes, tuna, carrot, bell peppers",485.0,362.74,1.734,21.946,63.16,5,5,train,2,High Calorie
dish_1551567896,broccoli,51.0,17.85,0.204,3.57,1.224,1,1,train,0,Low Calorie
dish_1563381706,"yam, sweet potato, olive oil, bacon",48.999998,94.56254309799999,4.994528036,9.698150532,2.7473584680000003,4,4,test,1,Medium Calorie
dish_1560360030,scrambled eggs,131.0,193.88,14.41,2.096,13.1,1,1,train,1,Medium Calorie
dish_1562008780,"goat cheese, vinegar, chard, blueberries, arugula, mixed greens, garlic, cauliflower, olives, pears, salt, pecans, mustard, olive oil",195.0,180.846406974,14.93047026,9.853951975,4.773051186,14,14,train,1,Medium Calorie
dish_1551222225,"cucumbers, carrot, tortilla",138.0,155.82,1.929,32.47,4.608,3,3,test,1,Medium Calorie
dish_1562963484,"lettuce, pumpkin seeds, mixed greens, mustard, carrot, salt, vinegar, arugula, olive oil",80.000001,100.539414465,8.570941427,5.136470693,2.084823557,9,9,train,1,Medium Calorie
dish_1558722473,"cherry tomatoes, cauliflower, apple, carrot",379.0,149.65,0.837,37.522999999999996,3.1559999999999997,4,4,train,1,Medium Calorie
dish_1567020366,"brussels sprouts, olive oil, pepper, broccoli, salt",202.999997,111.45938279,5.200980877999999,14.57680524,5.105491204,5,5,train,1,Medium Calorie
dish_1558110436,yam,69.0,85.629,0.138,20.286,1.104,1,1,train,0,Low Calorie
dish_1551567293,tofu,35.0,25.55,1.68,0.665,2.8,1,1,train,0,Low Calorie
dish_1566938059,"shallots, wine, salt, cheese pizza, lemon juice, bok choy, olive oil, chicken thighs, squash, eggplant, mushroom, quinoa, garlic, spinach (cooked)",256.000003,463.246585331,18.521538254,38.330454199,34.050963824,14,14,train,2,High Calorie
dish_1551224534,"bread, fish, cauliflower",229.0,187.416,13.629,17.616999999999997,22.952999999999996,3,3,train,1,Medium Calorie
dish_1562947503,"sausage, roasted potatoes, egg whites, berries, pineapple",408.0,438.122,20.1,42.71,21.658,5,5,train,2,High Calorie
dish_1551123023,oatmeal,72.0,48.96,1.008,8.64,1.728,1,1,train,0,Low Calorie
dish_1562691441,"broccoli, scrambled eggs, olive oil, yam",231.999998,263.87097843000004,12.403902844,26.727902269999998,12.112195064000002,4,4,test,2,High Calorie
dish_1562702469,"vinaigrette, quinoa, cauliflower, vinegar, onions, lettuce, cherry tomatoes, beef, salt, watermelon, olives, millet, feta cheese, cucumbers, olive oil, spinach (cooked), bell peppers, shallots, bok choy",529.000003,541.730336321,28.227969331999997,32.923895361,39.216188284,19,19,train,2,High Calorie
dish_1567022212,"bell peppers, carrot, olives, cherry tomatoes",197.0,89.11,4.069,13.351,2.332,4,4,test,1,Medium Calorie
dish_1564588889,"egg whites, blueberries, greek yogurt, chia seeds, milk",345.999997,234.49441975,5.021447027,22.387161026,24.059095875,5,5,train,1,Medium Calorie
dish_1562009934,"quinoa, mixed greens, garlic, parsley, mustard, lemon juice, brown rice, arugula, vinegar, olives, shallots, pears, salt, goat cheese, thyme, olive oil",368.999993,434.914392584,15.623594853,62.243575646000004,12.707418717,16,16,train,2,High Calorie
dish_1561577701,"olive oil, onions, salt, shallots, spinach (cooked), cauliflower, bok choy, millet, beef, vinegar",263.000001,258.63773862000005,13.043032265999999,11.036579739,24.108045677,10,10,train,1,Medium Calorie
dish_1567024112,"cheese pizza, spinach (cooked), shallots, garlic, salt, lemon juice, squash, eggplant, olive oil, chicken thighs, mushroom, wine, quinoa",115.999999,274.075824404,10.111191988,29.513384649,15.334999979,13,13,train,2,High Calorie
dish_1551321793,"orange, bean(seed), kiwi",225.0,161.85,0.663,34.74,6.483,3,3,train,1,Medium Calorie
dish_1568314857,"salt, beef, millet, bok choy, avocado, vinegar, onions, shallots, spinach (cooked), olive oil",162.000002,295.53767134000003,22.199561418000002,10.236862904,16.508801004000002,10,10,train,2,High Calorie
dish_1568318480,"mixed greens, chicken, olive oil, steak, broccoli",587.0,1119.28,67.208,9.175,117.90599999999999,5,5,train,2,High Calorie
dish_1550770265,tomatoes,61.0,20.74,0.427,4.148,0.427,1,1,train,0,Low Calorie
dish_1558459395,almonds,36.0,208.116,17.82,8.172,8.064,1,1,test,1,Medium Calorie
dish_1550772505,cantaloupe,131.0,44.54,0.262,10.48,1.048,1,1,test,0,Low Calorie
dish_1551390930,tofu,119.0,86.87,5.712,2.261,9.52,1,1,train,0,Low Calorie
dish_1551379788,nuts,43.0,261.01,23.22,9.03,8.6,1,1,train,2,High Calorie
dish_1562689601,"broccoli, olive oil",37.0,20.61170711,1.046829244,2.52682927,0.866341464,2,2,train,0,Low Calorie
dish_1562775456,sweet potato,66.0,50.16,0.0,11.88,0.66,1,1,train,0,Low Calorie
dish_1564516429,"fish, chive, garlic, bell peppers, pepper, parsley, snow peas, onions, cherry tomatoes, olives, artichokes, olive oil, arugula, white beans, salt, lime",186.0,178.982975259,17.829895083,9.26939178,18.674001849,16,16,train,1,Medium Calorie
dish_1564514997,"onions, lime, bell peppers, salt, arugula, wheat berry, olive oil, parsley, snow peas, carrot, artichokes, chive, garlic, fish, pepper, white beans",395.999992,381.110795234,25.977457989999998,40.34368188,31.071068435,16,16,test,2,High Calorie
dish_1564428515,"pears, shallots, parsley, onions, cabbage, mayonnaise, pork, jalapenos, arugula, vinegar, cherry tomatoes, garlic, mixed greens, carrot, salt, mustard, lemon juice, thyme, olive oil, wheat berry, pepper, quinoa, cauliflower",479.000002,484.618325379,25.664411994,35.868031554,29.964259288,23,23,test,2,High Calorie
dish_1565640812,"black beans, mixed greens, chicken",234.0,297.93,5.363,13.053,47.485,3,3,test,2,High Calorie
dish_1558630006,grapes,75.0,51.75,0.15,13.5,0.525,1,1,test,0,Low Calorie
dish_1557862829,spinach (raw),24.0,5.52,0.096,0.864,0.696,1,1,test,0,Low Calorie
dish_1562690917,"broccoli, olive oil, berries",122.0,69.06170711,1.3018292439999999,14.42682927,1.461341464,3,3,train,0,Low Calorie
dish_1562871408,"cheese pizza, salt, squash, white rice, olive oil",228.0,271.34200022,5.825483236,44.736418008,8.556257708,5,5,train,2,High Calorie
dish_1551306691,"bean(seed), cauliflower, mushroom",170.0,121.86,0.72,21.154,8.594,3,3,train,1,Medium Calorie
dish_1557937574,blackberries,13.0,5.59,0.065,1.196,0.182,1,1,train,0,Low Calorie
dish_1564415538,"broccoli, sweet potato, olive oil",159.000005,126.57463906,4.127805104,21.05365922,2.425365924,3,3,train,1,Medium Calorie
dish_1550775472,banana,76.0,67.64,0.228,17.48,0.836,1,1,train,0,Low Calorie
dish_1550704903,bell peppers,76.0,30.4,0.152,6.84,1.52,1,1,test,0,Low Calorie
dish_1551375596,shrimp,30.0,29.7,0.09,0.06,7.2,1,1,train,0,Low Calorie
dish_1551316737,white rice,70.0,91.0,0.21,19.6,1.89,1,1,train,1,Medium Calorie
dish_1563996251,cauliflower,158.0,39.5,0.474,7.9,2.844,1,1,train,0,Low Calorie
dish_1565641915,"cheese pizza, asparagus, olive oil, quinoa",189.999998,326.76473627999997,11.121213658999999,43.05105781,13.516640684,4,4,train,2,High Calorie
dish_1551493916,"broccoli, sausage, carrot",175.0,421.28599999999994,31.874,9.452,23.579000000000004,3,3,train,2,High Calorie
dish_1551233982,tortilla,36.0,78.48,1.044,16.2,2.16,1,1,train,0,Low Calorie
dish_1568217267,"olive oil, cucumbers, mustard, salt, bell peppers, garlic, radishes, vinegar",39.0,73.794141881,7.608072354,1.4815272139999998,0.384327259,8,8,train,0,Low Calorie
dish_1558468731,"mixed greens, avocado, chicken, mushroom, broccoli, squash",440.0,320.325,11.752,17.751,38.462,6,6,train,2,High Calorie
dish_1550785975,"mixed greens, white rice, beef",162.0,256.74,9.035,23.899,17.773,3,3,train,1,Medium Calorie
dish_1550770802,"scrambled eggs, cucumbers, cantaloupe",256.0,168.57999999999998,9.564,11.200000000000001,9.996,3,3,train,1,Medium Calorie
dish_1559841571,cereal,5.0,18.8,0.335,3.65,0.6,1,1,train,0,Low Calorie
dish_1562170331,"watermelon, roasted potatoes, berries, pineapple",400.0,263.83,5.293,54.538,3.476,4,4,train,2,High Calorie
dish_1558722398,apple,161.0,83.72,0.322,22.54,0.483,1,1,train,0,Low Calorie
dish_1559061752,eggs,124.0,192.82,13.02,1.488,15.5,1,1,train,1,Medium Calorie
dish_1560889008,"carrot, olive oil, salt, pepper",83.999996,41.29301032,0.9938187280000002,8.285774108,0.7463215919999999,4,4,train,0,Low Calorie
dish_1564773826,cherry tomatoes,56.0,10.08,0.112,2.184,0.504,1,1,train,0,Low Calorie
dish_1551317508,lemon,100.0,29.0,0.3,9.0,1.1,1,1,train,0,Low Calorie
dish_1563984167,"egg whites, cantaloupe",608.0,291.68,1.216,14.184000000000001,48.288000000000004,2,2,train,2,High Calorie
dish_1565724588,"zucchini, broccoli, olive oil, roasted potatoes, chayote squash",410.000007,266.72024511,12.287975492,35.88297611,6.973048951999999,5,5,train,2,High Calorie
dish_1558640039,carrot,98.0,40.18,0.196,9.8,0.882,1,1,test,0,Low Calorie
dish_1562615070,"squash, olive oil, salt",49.999998000000005,14.471020835000001,0.641183469,1.676941982,0.443896407,3,3,train,0,Low Calorie
dish_1551303984,pineapple,92.0,46.0,0.092,11.96,0.46,1,1,train,0,Low Calorie
dish_1562949162,bacon,12.0,64.92,5.04,0.168,4.44,1,1,train,0,Low Calorie
dish_1551487472,"orange, olives, tofu",139.0,132.01,10.805,7.764,4.151,3,3,train,1,Medium Calorie
dish_1551233827,"bread, apple, ham",157.0,212.844,4.68,27.708,15.611999999999998,3,3,train,1,Medium Calorie
dish_1563996625,"parsley, steak, brown rice, jalapenos, salt, shallots, cilantro, caesar salad, garlic, vinegar, lemon juice, olive oil, tatsoi",215.000002,342.70109722,23.042094985,8.849508001,26.378634564,13,13,train,2,High Calorie
dish_1567798511,"vinegar, chard, arugula, pepper, blueberries, olive oil, salt, mustard, walnuts",18.0,22.220084036,2.1114392840000002,0.7247340090000001,0.43197288,9,9,test,0,Low Calorie
dish_1563824304,"olives, bell peppers, onions",122.0,75.8,3.981,10.008,1.621,3,3,train,0,Low Calorie
dish_1550777919,scrambled eggs,78.0,115.44,8.58,1.248,7.8,1,1,train,1,Medium Calorie
dish_1558028194,"bacon, deprecated, potatoes",172.0,228.04999999999998,11.904,18.01,12.218,3,3,test,1,Medium Calorie
dish_1562173742,bacon,15.0,81.15,6.3,0.21,5.55,1,1,test,0,Low Calorie
dish_1551381450,cheese,26.0,104.52,8.58,0.338,6.5,1,1,train,1,Medium Calorie
dish_1550711066,"bell peppers, pineapple, beef",105.0,106.5,4.465999999999999,8.28,8.52,3,3,train,1,Medium Calorie
dish_1568147009,"broccoli, steak, mixed greens, chicken",506.0,811.88,38.37,8.892,105.582,4,4,train,2,High Calorie
dish_1561662358,corn on the cob,91.0,96.551,2.184,20.02,2.821,1,1,train,1,Medium Calorie
dish_1565812116,"mustard, salt, olive oil, blueberries, vinegar, arugula, chard, pepper, walnuts",36.000001,44.440168762999996,4.222878607,1.4494680640000002,0.863945836,9,9,train,0,Low Calorie
dish_1551139956,"avocado, fish, bread",154.0,234.234,19.852,16.442999999999998,13.530999999999999,3,3,train,1,Medium Calorie
dish_1563566939,"vinegar, blueberries, wild rice, pecans, chard, arugula, mustard, olive oil, garlic, salt",238.000003,286.027220909,6.804594554,48.869180275,10.508527093,10,10,train,2,High Calorie
dish_1558629444,almonds,39.0,225.459,19.305,8.853,8.736,1,1,train,1,Medium Calorie
dish_1551318716,"oatmeal, cauliflower, lemon",251.0,118.42999999999999,2.117,23.59,4.849,3,3,train,1,Medium Calorie
dish_1562959766,"pepper, sugar, rice noodles, green onions, pork, radishes, soy sauce, garlic, parsnips, mixed greens, salt, cabbage, olive oil, vinegar, bok choy, carrot, white rice",306.999995,431.12695315999997,16.339179387,40.705558556,29.829841433000002,17,17,train,2,High Calorie
dish_1558723123,corn on the cob,49.0,51.989,1.176,10.78,1.519,1,1,train,0,Low Calorie
dish_1561404485,"cucumbers, garlic, mixed greens, salt, lime, vinegar, olive oil, beets, wheat berry, steak, pepper, cherry tomatoes, cauliflower, carrot",348.999996,511.37333991,34.245195673,19.275634355999998,34.533291409,14,14,train,2,High Calorie
dish_1551377438,cheese,28.0,112.56,9.24,0.364,7.0,1,1,test,1,Medium Calorie
dish_1550779058,"nuts, cucumbers, bacon",111.0,253.92000000000002,21.24,7.848,11.13,3,3,train,1,Medium Calorie
dish_1560527140,"salt, tomatoes, garlic, mustard greens, potatoes, olive oil, cucumbers, spinach (raw), vinegar, bacon, mustard",138.000002,276.665296734,18.125912049,13.435575174,14.706437949,11,11,train,2,High Calorie
dish_1562086564,"fruit salad, scrambled eggs",287.0,286.81,14.985,25.362000000000002,14.44,2,2,test,2,High Calorie
dish_1560787754,"bacon, berries",68.0,72.64,3.1229999999999998,8.638,3.017,2,2,train,0,Low Calorie
dish_1551493823,broccoli,44.0,15.4,0.176,3.08,1.056,1,1,train,0,Low Calorie
dish_1563221054,"chicken breast, cherry tomatoes, vinegar, white rice, pork, wheat berry, spinach (raw), onions, zucchini, parsley, rosemary, olive oil, parmesan cheese, thyme, mustard, arugula, cranberries, garlic, salt, apple",169.999992,298.877608438,17.891088686,6.509884403,26.901324466000002,20,20,train,2,High Calorie
dish_1563813501,"cheese, sausage, pineapple, pepper, bacon, salt, scrambled eggs, olive oil, brussels sprouts, sweet potato",414.000003,694.1233021200001,46.640221438,27.803967288,40.463895864,10,10,train,2,High Calorie
dish_1550706325,"bell peppers, tomatoes, bread",182.0,180.27999999999997,2.799,31.116,8.259,3,3,train,1,Medium Calorie
dish_1551491297,"ham, sausage, scrambled eggs",193.0,475.442,35.541000000000004,5.58,31.621000000000002,3,3,train,2,High Calorie
dish_1550707995,"carrot, beef, bell peppers",107.0,116.59,5.394,6.77,10.220999999999998,3,3,train,1,Medium Calorie
dish_1551563170,"ham, olives, berries",137.0,137.09,6.757,11.004000000000001,9.523,3,3,train,1,Medium Calorie
dish_1551563964,olives,44.0,50.6,4.708,2.772,0.352,1,1,train,0,Low Calorie
dish_1563563527,"lemon juice, olive oil, shallots, garlic, fish, cherry tomatoes, chive, bok choy, salt, parsley, wheat berry, pizza, chard",302.000006,322.906244119,23.717560837,25.659561287,25.201244008999996,13,13,train,2,High Calorie
dish_1551124267,brussels sprouts,89.0,38.27,0.267,8.01,3.026,1,1,train,0,Low Calorie
dish_1550710177,pineapple,46.0,23.0,0.046,5.98,0.23,1,1,train,0,Low Calorie
dish_1558375886,"almonds, sausage, grapes",277.0,1050.511,84.153,42.757000000000005,44.874,3,3,test,2,High Calorie
dish_1562871488,"white rice, pepper, mushroom, squash, olive oil, brussels sprouts, salt, cheese pizza",393.000003,321.59093387,6.790623743,52.853831571,13.790342678,8,8,train,2,High Calorie
dish_1558636868,almonds,8.0,46.248,3.96,1.816,1.792,1,1,test,0,Low Calorie
dish_1562963084,"quinoa, arugula, jalapenos, lemon juice, garlic, roasted potatoes, fish, cherry tomatoes, pepper, olive oil, onions, radishes, cilantro, salt, tomatillo",423.999992,375.12726602600003,33.556896673,26.348858578999998,34.572640222,15,15,test,2,High Calorie
dish_1560975628,"broccoli, hominy, olive oil, bell peppers, garlic, parsley, caesar salad, jalapenos, cabbage, wheat berry, tomatoes, chili, lime, salt, cheese pizza, lemon juice, chicken thighs",295.999998,348.272634535,12.463075464,32.350924643,27.610697805,17,17,train,2,High Calorie
dish_1565107092,"scrambled eggs, egg whites",444.0,313.44,10.176,3.8819999999999997,44.4,2,2,train,2,High Calorie
dish_1561749750,"cherry tomatoes, salt, broccoli, thyme, olive oil, arugula, brown rice, salmon, pepper",315.000004,330.52791304,15.101815272000001,15.041819125,32.76649844,9,9,train,2,High Calorie
dish_1558381206,"grapes, almonds, sausage, mixed greens",153.0,342.388,24.583,17.737,15.674,4,4,test,2,High Calorie
dish_1550781317,tomatoes,43.0,14.62,0.301,2.924,0.301,1,1,train,0,Low Calorie
dish_1559578579,"bacon, strawberries",78.0,142.58,9.825,4.722,8.895,2,2,train,1,Medium Calorie
dish_1566488956,"egg whites, olive oil, sweet potato, cantaloupe",489.000004,280.88829592,2.903561,22.37643974,35.527024430000004,4,4,train,2,High Calorie
dish_1564675240,"watermelon, olive oil, grapes, egg whites, sweet potato, salsa",886.00001,502.87878592,5.376829,51.51617258,55.49973181,6,6,train,2,High Calorie
dish_1559593794,"garlic, quinoa, chard, chicken thighs, eggplant, squash, kale, salt, wine, walnuts, spinach (cooked), pepper, vinegar, arugula, mushroom, olive oil, blueberries, lemon juice, mustard, pumpkin seeds, shallots",380.00001199999997,450.561429411,25.549510076,14.105440613,40.378569069,21,21,train,2,High Calorie
dish_1558462531,cherry tomatoes,72.0,12.96,0.144,2.808,0.648,1,1,test,0,Low Calorie
dish_1558640671,cantaloupe,95.0,32.3,0.19,7.6,0.76,1,1,train,0,Low Calorie
dish_1563221157,"salt, broccoli, lime, onions, olive oil, rosemary, vinegar, parmesan cheese, spinach (raw), sour cream, corn, parsley, zucchini, thyme, black beans, white rice, cheese, apple, chicken breast, garlic, cranberries, arugula, tortilla chips, wheat berry, pork, cherry tomatoes, chili, mustard, tomatoes",351.999992,418.151975448,21.499546844,23.968081105,33.805246525,29,29,test,2,High Calorie
dish_1568061234,"salt, cheese pizza, olive oil, brussels sprouts, squash, pineapple, pepper, quinoa",357.999994,290.69219195,8.812231061,44.044918153,10.465634502,8,8,train,2,High Calorie
dish_1567801791,"salt, sugar, cheese pizza, roasted potatoes, pork, bok choy, white rice, pepper, garlic, soy sauce",111.0,225.47240544,9.406759091,23.57315208,11.116019315,10,10,train,1,Medium Calorie
dish_1558636544,almonds,71.0,410.451,35.145,16.117,15.904,1,1,train,2,High Calorie
dish_1560802092,"caesar dressing, squash, spinach (raw), cherry tomatoes, chicken breast, croutons, thyme, garlic, salt, kale, wheat berry, olive oil, parmesan cheese",127.99999599999998,118.031134001,3.6673901430000004,5.990827076,15.151615534999998,13,13,train,1,Medium Calorie
dish_1564170141,"onions, cherry tomatoes, olives",133.0,62.68,3.5909999999999997,7.74,1.2349999999999999,3,3,train,0,Low Calorie
dish_1563391647,"arugula, chard, blueberries, vinegar, olive oil, mustard, pecans, salt, garlic",22.000001,27.390960289000002,2.612648877,0.914156229,0.49975682400000004,9,9,train,0,Low Calorie
dish_1558722931,almonds,76.0,439.356,37.62,17.252,17.024,1,1,train,2,High Calorie
dish_1566333255,"spinach (cooked), garlic, olive oil, caesar salad, spinach (raw), onions, jalapenos, millet, pepper, shallots, tomatoes, bell peppers, salt, cheese pizza, vinegar, bok choy, chicken, beef, cauliflower",371.999997,515.54527261,20.582202432000003,43.079129048,39.081743108,19,19,train,2,High Calorie
dish_1563207332,"scrambled eggs, yam, egg whites, olive oil, sweet potato",241.0,288.57,13.714,25.256999999999998,14.8,5,5,train,2,High Calorie
dish_1563827454,"zucchini, caesar salad, squash, broccoli",248.00000400000002,86.57000094,3.301333348,10.737333507999999,6.029333392000001,4,4,train,0,Low Calorie
dish_1563984701,chicken apple sausage,172.0,275.2,17.2,5.16,24.08,1,1,train,2,High Calorie
dish_1561492687,"olive oil, fish, garlic, caesar salad, fried rice, green onions, country rice, onions, salt",107.999999,105.6056536332,8.925007827,9.174007748,11.0472306008,9,9,test,1,Medium Calorie
dish_1551375783,"scrambled eggs, shrimp, cantaloupe",167.0,145.82,6.952,7.116,13.908,3,3,test,1,Medium Calorie
dish_1566931217,"lime, pepper, arugula, olive oil, onions, salt, artichokes, mixed greens, bell peppers, chive, fish, vinegar, avocado, white beans, beets, parsley, snow peas, cauliflower, garlic",377.999997,333.1086768,29.458877280000003,21.469035967,21.408705484000002,19,19,train,2,High Calorie
dish_1560455263,"mustard, basil, thyme, parsley, carrot, mixed greens, salt, pepper, chicken, rosemary, lemon juice, wild rice, green beans, vinegar, spinach (raw), zucchini, olive oil, honeydew melons, lettuce, pumpkin seeds, garlic, squash, wheat berry, arugula",360.000009,360.679453144,11.476776102,31.163730435,34.337601903,24,24,train,2,High Calorie
dish_1558718088,"apple, corn on the cob, cantaloupe, cauliflower",405.0,219.42,2.887,50.61,5.57,4,4,train,1,Medium Calorie
dish_1558725353,brussels sprouts,94.0,40.42,0.282,8.46,3.196,1,1,train,0,Low Calorie
dish_1561999624,scrambled eggs,245.0,362.6,26.95,3.92,24.5,1,1,train,2,High Calorie
dish_1564690138,"pears, garlic, lentils, arugula, green beans, parsley, lemon juice, olive oil, salt, chickpeas, pepper",180.999998,190.499508002,6.844433361,24.872918327,10.031025230000001,11,11,test,1,Medium Calorie
dish_1559934477,caesar salad,57.0,25.08,1.197,2.451,1.824,1,1,test,0,Low Calorie
dish_1562945803,"vinaigrette, raspberries, mixed greens, honeydew melons, granola, blackberries",63.99999999999999,50.295322247,2.055645224,7.613193358,1.102999962,6,6,train,0,Low Calorie
dish_1561749392,"chicken thighs, olive oil, salt, garlic, cheese, salmon, pepper, cilantro, brown rice, arugula, thyme, tortilla, onions, tomatoes, chili",210.000001,416.778538204,21.084249835999998,16.09300842,38.888766736,15,15,train,2,High Calorie
dish_1559842136,"almonds, broccoli, pears, mandarin oranges",338.0,460.08299999999997,26.721999999999998,51.561,13.864,4,4,test,2,High Calorie
dish_1563897837,"watermelon, berries",304.0,118.47,0.7090000000000001,29.568,1.9249999999999998,2,2,test,1,Medium Calorie
dish_1561752509,"tortilla, onions, chicken thighs, squash, cheese, tomatoes, salt, chili, garlic, cilantro, olive oil, turnips",224.000002,321.482011471,16.378077037,18.148423171,25.445456405,12,12,train,2,High Calorie
dish_1565207865,"parsley, brussels sprouts, bulgur, salt, cranberries, lemon juice, shallots, apple, garlic, pepper, olive oil, arugula, mustard greens",129.000001,112.960793477,5.843281881999999,13.839736579,4.2521890860000005,13,13,train,1,Medium Calorie
dish_1567542813,"white rice, garlic, cilantro, cheese pizza, olive oil, onions, chicken thighs, vinegar, kale, salt, lemon juice, pineapple",145.0,316.638632958,10.951918922,39.94044511599999,13.850354551,12,12,test,2,High Calorie
dish_1559581356,"vinegar, broccoli, bacon, salt, mixed greens, eggs, lime, lettuce, cherry tomatoes, pepper, olive oil, cucumbers, onions",294.0,436.94676685,31.16536479,8.550250673,29.397259463999998,13,13,test,2,High Calorie
dish_1568315001,"salmon, millet, beef, jalapenos, mushroom, onions, lime, spinach (cooked), shallots, salt, bok choy, avocado, vinegar, brown rice, spinach (raw), ginger, lemon juice, tomatoes, olive oil, garlic, cilantro, chili",364.000004,504.709471498,30.381462318,19.981339661,39.580337413,22,22,train,2,High Calorie
dish_1561576794,"vinegar, shallots, rosemary, thyme, olive oil, blueberries, wheat berry, chard, beef, chicken, spinach (cooked), onions, lemon juice, cream, squash, eggplant, mushroom, pineapple, millet, walnuts, garlic, white wine, mustard, oregano, arugula, pepper, bok choy, cauliflower, caesar salad, salt, butter, basil",738.000011,654.721295656,28.151421559,37.691860836000004,63.457911868,32,32,train,2,High Calorie
dish_1551375027,"broccoli, kiwi, bacon",165.0,149.53,6.168,18.822,7.1579999999999995,3,3,train,1,Medium Calorie
dish_1551389268,"asparagus, avocado, scrambled eggs",108.0,135.804,10.511,3.913,7.322,3,3,train,1,Medium Calorie
dish_1560369080,"garlic, salt, mustard, olive oil, blueberries, radishes, spinach (raw), vinegar",49.000001,55.050575703,5.116934238,2.06947469,0.990234148,8,8,train,0,Low Calorie
dish_1551384115,"asparagus, berries, pineapple",210.0,100.084,0.374,24.844,1.826,3,3,train,1,Medium Calorie
dish_1561062171,"salt, garlic, thyme, sour cream, onions, olive oil, spinach (raw), mushroom, cream, wine, pasta, beef",58.000001999999995,101.14297593,4.821341359,5.760973444999999,7.957409503,12,12,train,1,Medium Calorie
dish_1563564828,"lemon juice, cherry tomatoes, fish, eggs, olive oil, parsley, celery, salt, carrot, shallots, white rice, croutons, mushroom, corn on the cob, chive, ground turkey, parmesan cheese, cream, thyme, onions, caesar dressing, kale, wheat berry, chard, garlic",354.999997,452.214446483,25.004562919,38.766244657,34.570632148,25,25,train,2,High Calorie
dish_1561576916,"chard, blueberries, eggplant, vinegar, pepper, walnuts, salt, olive oil, mustard, arugula",98.000001,78.45768919,6.535352505,4.772040412,1.684707527,10,10,train,0,Low Calorie
dish_1551323937,brussels sprouts,74.0,31.82,0.222,6.66,2.516,1,1,train,0,Low Calorie
dish_1559244546,"salt, chard, brown rice, garlic, olive oil, rosemary, basil, chive, parsley, lemon juice, chicken",281.000002,469.942142616,13.549142401,6.330505614000001,75.77484269,11,11,train,2,High Calorie
dish_1557863104,olives,40.0,46.0,4.28,2.52,0.32,1,1,train,0,Low Calorie
dish_1561666761,cheese pizza,43.0,114.337,4.042,14.405,4.816,1,1,train,1,Medium Calorie
dish_1562614952,"radishes, pineapple, vinegar, lemon juice, parsley, kale, garlic, broccoli, white rice, jalapenos, chicken thighs, brown rice, steak, arugula, basil, olive oil, thyme, onions, cilantro, salt",403.0,548.106111108,28.563109293,18.3980923,54.803731242000005,20,20,train,2,High Calorie
dish_1563568319,"white rice, mushroom, ground turkey, olive oil, chive, carrot, eggs, corn on the cob, cream, thyme, kale, salt, onions, cheese pizza, celery, garlic",346.999999,604.323385594,28.784986230999998,53.148623608,37.726024116999994,16,16,train,2,High Calorie
dish_1563218959,"rosemary, zucchini, parsley, onions, salt, garlic, white rice, arugula, olive oil, pork",130.999999,267.93966918,14.862058699999999,4.849844185,26.745080262,10,10,train,2,High Calorie
dish_1565810969,spinach (raw),20.0,4.6,0.08,0.72,0.58,1,1,train,0,Low Calorie
dish_1559841781,"grapes, cereal",43.0,45.019999999999996,0.41100000000000003,10.49,0.866,2,2,train,0,Low Calorie
dish_1563391959,"garlic, arugula, squash, onions, olive oil, zucchini, broccoli, salt, jalapenos, pepper, quinoa, fish, tomatillo, lemon juice, cilantro",314.999998,245.774104878,24.884580772,12.991464524,29.050701290000003,15,15,train,1,Medium Calorie
dish_1562698239,"beef, salt, olive oil, spinach (cooked), shallots, onions, vinegar, millet, bok choy, white rice",230.000005,407.63312672,16.596676803999998,30.606618021000003,30.144001943,10,10,test,2,High Calorie
dish_1562947020,"scrambled eggs, cheese",332.999996,533.1171373,40.11857102,5.280428507,35.67857105,2,2,train,2,High Calorie
dish_1567024224,"quinoa, chicken thighs, eggplant, squash, chayote squash, cheese pizza, wine, cauliflower, zucchini, lemon juice, mushroom, olive oil, salt, spinach (cooked), roasted potatoes, shallots, garlic",314.999999,354.945824404,12.855191988,42.525384649,18.173999978999998,17,17,test,2,High Calorie
dish_1562777566,toast,84.0,263.004,3.528,46.62,10.92,1,1,train,2,High Calorie
dish_1551233938,ham,34.0,49.3,2.04,0.51,7.14,1,1,test,0,Low Calorie
dish_1562691705,"chia seeds, yam, egg whites, milk, olive oil, greek yogurt, sweet potato, watermelon, broccoli, chicken apple sausage",554.0,412.67687107999996,11.576250286,51.617322458000004,27.196391658,10,10,train,2,High Calorie
dish_1550793525,broccoli,87.0,30.45,0.348,6.09,2.088,1,1,train,0,Low Calorie
dish_1563466280,bacon,66.0,357.06,27.72,0.924,24.42,1,1,train,2,High Calorie
dish_1566931482,mixed greens,91.0,25.48,0.364,4.823,2.002,1,1,train,0,Low Calorie
dish_1551303822,"brussels sprouts, bacon, potato chips",89.0,171.98000000000002,10.475999999999999,13.698,7.598000000000001,3,3,train,1,Medium Calorie
dish_1562096633,"snow peas, lime, squash, wine, lemon juice, eggplant, green beans, arugula, spinach (cooked), garlic, salt, shallots, mushroom, pepper, chicken thighs, white beans, beets, vinegar, chive, bell peppers, onions, parsley, olive oil, quinoa, mixed greens, artichokes, fish",236.99999400000002,288.703210725,18.218541111,16.646713151,27.162324741,27,27,train,2,High Calorie
dish_1558115825,grapes,62.0,42.78,0.124,11.16,0.434,1,1,train,0,Low Calorie
dish_1564687013,"fish, onions, steak, ketchup, vinegar, spinach (raw), white rice, kale, jalapenos, bell peppers, cilantro, lime, millet, olive oil, shallots, salt",224.000005,330.84082917200004,26.888264035,14.725341648,32.211377348,16,16,train,2,High Calorie
dish_1551233859,"bread, apple, ham",157.0,212.844,4.68,27.708,15.611999999999998,3,3,train,1,Medium Calorie
dish_1565984245,"salt, carrot, olive oil, pepper",77.99999799999999,38.34350782,0.922831394,7.693933287,0.693012922,4,4,train,0,Low Calorie
dish_1562172561,egg whites,290.0,150.8,0.58,2.03,29.0,1,1,test,1,Medium Calorie
dish_1550796330,"apple, orange, berries",309.0,160.08,0.606,41.36,1.829,3,3,train,1,Medium Calorie
dish_1550873952,tomatoes,49.0,16.66,0.343,3.332,0.343,1,1,train,0,Low Calorie
dish_1565711358,"yam, cantaloupe, sweet potato, grapes, olive oil, egg whites",657.999991,490.052920405,11.03675533,52.23835621,40.30922629,6,6,train,2,High Calorie
dish_1558114145,grapes,83.0,57.27,0.166,14.94,0.581,1,1,train,0,Low Calorie
dish_1550876819,cheese,17.0,68.34,5.61,0.221,4.25,1,1,train,0,Low Calorie
dish_1562605411,"watermelon, pepper, olive oil, brussels sprouts, scrambled eggs, sweet potato, salt",363.000001,336.49283181,18.620286507000003,26.050266923,17.56674349,7,7,train,2,High Calorie
dish_1551486277,"olives, ham, kiwi",138.0,141.42000000000002,6.837,11.493,10.365,3,3,train,1,Medium Calorie
dish_1551565237,lemon,22.0,6.38,0.066,1.98,0.242,1,1,test,0,Low Calorie
dish_1558030910,bacon,15.0,81.15,6.3,0.21,5.55,1,1,train,0,Low Calorie
dish_1564675193,"grapes, watermelon, egg whites, sweet potato, olive oil",803.00001,478.80878592,5.210829,46.03817258,54.254731809999996,5,5,test,2,High Calorie
dish_1562959570,"fish, pepper, sugar, white rice, arugula, chard, soy sauce, lemon juice, mustard, olive oil, quinoa, mixed greens, carrot, pumpkin seeds, cherry tomatoes, salt, lettuce, bok choy, pork, jalapenos, spinach (raw), vinegar, cucumbers, onions, cilantro, garlic, tomatillo, figs",216.000002,311.986189566,22.161678285,16.655868492,23.844208394,28,28,train,2,High Calorie
dish_1566414291,"olive oil, roasted potatoes, quinoa",243.999997,345.14213388,14.79440791,46.0217469,7.035223159999999,3,3,train,2,High Calorie
dish_1560889061,"shallots, blue cheese, pepper, vinegar, spinach (raw), wheat berry, thyme, walnuts, lemon juice, garlic, salt, carrot, mustard, olive oil, parsley, lettuce, mixed greens, chicken",280.99998800000003,402.507641999,22.432435708,13.323380165,37.306127778,18,18,train,2,High Calorie
dish_1565884833,"watermelon, egg whites, waffles, salsa",643.0,497.73900000000003,12.989,40.579,49.141999999999996,4,4,train,2,High Calorie
dish_1551235946,mixed greens,12.0,3.36,0.048,0.636,0.264,1,1,train,0,Low Calorie
dish_1562181285,"flour, mustard, garlic, almonds, carrot, buttermilk, chicken, spinach (raw), blueberries, olive oil, lemon juice, parsley, vegetable oil, thyme, vinegar, salt, bacon",324.000005,796.922075229,57.774526531999996,17.129474345,51.892130917,17,17,train,2,High Calorie
dish_1566938088,"salt, spinach (cooked), chicken thighs, wine, bok choy, quinoa, garlic, shallots, olive oil, mushroom, lemon juice, eggplant, squash, cauliflower, cheese pizza",381.000003,494.496585331,18.896538254,44.580454199,36.300963824,15,15,test,2,High Calorie
dish_1561493975,"chard, vinegar, blueberries, pepper, salt, olive oil, walnuts, arugula, mustard",106.0,130.851603844,12.434031164999999,4.267877889,2.543840293,9,9,train,1,Medium Calorie
dish_1551373253,cheese,32.0,128.64,10.56,0.416,8.0,1,1,train,1,Medium Calorie
dish_1561147997,"chard, vinegar, arugula, blueberries, olive oil, cheese pizza, almonds, salt, raspberries, mustard, zucchini, carrot",133.000002,185.180034732,8.629008381999999,20.639935543,7.060392851,12,12,test,1,Medium Calorie
dish_1566499564,olives,37.0,42.55,3.959,2.331,0.296,1,1,train,0,Low Calorie
dish_1551396061,nuts,36.0,218.52,19.44,7.56,7.2,1,1,train,1,Medium Calorie
dish_1565894858,cookies,27.0,132.84,6.75,17.55,1.377,1,1,train,1,Medium Calorie
dish_1562704665,"millet, spinach (cooked), cheese pizza, cauliflower, onions, caesar salad, olive oil, vinegar, squash, beef, salt, bok choy, shallots",398.999997,387.841327115,17.411559223,32.195105085,26.037780148,13,13,train,2,High Calorie
dish_1565036890,"chili, salt, garlic, roasted potatoes, thyme, olive oil, brown rice, lemon juice, radishes, beef, cheese pizza, broccoli, parsley, basil, soy sauce, orange juice, kale, onions, arugula, vinegar, white rice, chicken thighs, green onions",260.000001,520.8646947660001,23.834843509,38.407925976,35.657079888,23,23,train,2,High Calorie
dish_1560369294,"shallots, garlic, country rice, parsley, basil, onions, fish, brown rice, vinegar, green onions, broccoli, salt, lemon juice, olive oil, pork, cherry tomatoes, pepper, asparagus",341.999996,333.6356869632,28.545227665000002,15.358671605,39.3303071228,18,18,train,2,High Calorie
dish_1551137277,"bread, potatoes, mixed greens",124.0,202.64000000000001,2.62,34.856,9.404,3,3,train,1,Medium Calorie
dish_1566587714,"tomatoes, pepper, salmon, arugula, jalapenos, brown rice, garlic, bell peppers, salt, chicken, spinach (raw), chard, kale, olive oil, thyme, onions, millet",373.000007,347.53697443,12.770625067000001,21.091196625,37.732042257,17,17,train,2,High Calorie
dish_1563381461,turkey bacon,36.0,136.692,10.116,1.116,10.476,1,1,test,1,Medium Calorie
dish_1558029324,"potatoes, bacon, honeydew melons",250.0,273.5,11.563,29.648000000000003,12.830000000000002,3,3,train,2,High Calorie
dish_1563216625,"salt, thyme, olive oil, wheat berry, parmesan cheese, spinach (raw), cherry tomatoes, chicken breast, garlic",108.99999699999998,171.535108057,4.269800758,2.40829553,29.254524773,9,9,train,1,Medium Calorie
dish_1563568263,cheese pizza,45.0,119.655,4.23,15.075,5.04,1,1,train,1,Medium Calorie
dish_1550778118,"scrambled eggs, cucumbers, tomatoes",184.0,136.84,8.895,5.5280000000000005,8.725,3,3,train,1,Medium Calorie
dish_1560441529,"cantaloupe, berries, watermelon, pineapple",152.0,66.42,0.325,16.47,1.009,4,4,train,0,Low Calorie
dish_1550876298,avocado,39.0,62.4,5.85,3.51,0.78,1,1,train,0,Low Calorie
dish_1551566781,"carrot, oatmeal, chicken",134.0,142.63,2.962,8.96,19.308,3,3,test,1,Medium Calorie
dish_1551228669,"tortilla, mushroom, fish",98.0,118.56,5.827999999999999,17.474999999999998,9.619,3,3,test,1,Medium Calorie
dish_1565640528,"salt, lime, cilantro, lemon juice, cucumbers, mustard greens, olive oil, jalapenos, arugula, onions, mangos, cherry tomatoes, tomatoes",105.000001,38.546907274,1.534471642,5.717885411,1.893477701,13,13,train,0,Low Calorie
dish_1565034605,"lettuce, mixed greens, lime, olive oil, vinegar, cucumbers, onions, pepper, salt, cherry tomatoes",52.000002,52.49119632,4.96198256,1.922484083,0.7082915839999999,10,10,train,0,Low Calorie
dish_1561405912,"mixed greens, lime, cherry tomatoes, spinach (raw), vinegar, lettuce, cheese pizza, broccoli, chicken, garlic, soy sauce, white rice, pepper, green beans, ginger, onions, olive oil, cucumbers, green onions, salt, carrot",196.0,270.88187189999996,11.174254612,18.056517254,24.140146065,21,21,train,2,High Calorie
dish_1551379852,potato chips,11.0,58.96,3.85,5.83,0.77,1,1,train,0,Low Calorie
dish_1563897981,"scrambled eggs, bacon",138.0,243.54,18.28,2.188,16.5,2,2,train,1,Medium Calorie
dish_1567107839,"bell peppers, cilantro, lime, onions, kale, salt, olive oil, ketchup, jalapenos, fish, shallots, white rice",155.999997,174.284489732,16.469330516,11.980704284,18.763046387,12,12,train,1,Medium Calorie
dish_1550859927,scrambled eggs,82.0,121.36,9.02,1.312,8.2,1,1,train,1,Medium Calorie
dish_1566849895,"olives, carrot",153.0,112.31,7.340999999999999,12.821,1.31,2,2,train,1,Medium Calorie
dish_1559850283,almonds,47.0,271.707,23.265,10.669,10.528,1,1,test,2,High Calorie
dish_1561580628,"olives, cauliflower, vinaigrette, cherry tomatoes, lettuce, bell peppers, cucumbers, onions, feta cheese",155.999999,72.434037709,4.653637809,6.681382895,2.701085055,9,9,test,0,Low Calorie
dish_1562702892,"vinaigrette, bok choy, millet, cherry tomatoes, fish, corn, feta cheese, garlic, onions, arugula, pepper, parsley, chive, lettuce, salt, beef, olives, vinegar, snow peas, cucumbers, olive oil, artichokes, spinach (cooked), bell peppers, shallots, lentils",338.00001,457.711113111,36.44520194,13.115524312,47.457094424000005,26,26,train,2,High Calorie
dish_1558721931,cauliflower,53.0,13.25,0.159,2.65,0.954,1,1,train,0,Low Calorie
dish_1564086658,"cheese pizza, corn on the cob, caesar salad",230.0,260.853,8.653,38.711999999999996,11.198,3,3,train,1,Medium Calorie
dish_1561404924,"parmesan cheese, croutons, caesar dressing, kale",38.999998000000005,31.843933585000002,1.244902099,3.269407044,2.417840913,4,4,train,0,Low Calorie
dish_1566934057,"bok choy, olive oil",193.000011,66.0907325,5.083902387999999,4.142439268,2.82439041,2,2,test,0,Low Calorie
dish_1562947469,"berries, roasted potatoes, pineapple, sausage",320.0,392.362,19.924,42.094,12.858,4,4,train,2,High Calorie
dish_1563555510,scrambled eggs,131.0,193.88,14.41,2.096,13.1,1,1,train,1,Medium Calorie
dish_1563476323,"ginger, lemon juice, olive oil, shallots, cilantro, salt, salmon, spinach (raw), brown rice, jalapenos, brownies, onions, garlic, lime, chili",338.999995,686.971145512,33.461003870000006,38.6253722,55.327598624,15,15,train,2,High Calorie
dish_1563477701,"cilantro, olive oil, onions, brussels sprouts, jalapenos, garlic, shallots, chili, salt, lime, lemon juice, spinach (raw), ginger, brown rice, pepper, salmon",150.0,179.424586282,7.053354933,9.112095415,19.491802199,16,16,train,1,Medium Calorie
dish_1568316085,"arugula, vinegar, bok choy, beef, spinach (cooked), shallots, onions, blueberries, chard, millet, pepper, walnuts, salt, tofu, olive oil, mustard",258.000001,378.537117915,25.866343405000002,7.767012696,29.707369432,16,16,train,2,High Calorie
dish_1550791160,apple,78.0,40.56,0.156,10.92,0.234,1,1,train,0,Low Calorie
dish_1551490896,broccoli,36.0,12.6,0.144,2.52,0.864,1,1,train,0,Low Calorie
dish_1558640373,"cherry tomatoes, grapes, cantaloupe",276.0,105.88,0.552,26.114,2.242,3,3,train,1,Medium Calorie
dish_1559751552,"yam, berries",254.0,227.313,0.639,54.501999999999995,2.885,2,2,train,1,Medium Calorie
dish_1560443565,"berries, honeydew melons, pineapple, grapes",475.0,260.68,0.977,65.93,2.971,4,4,train,1,Medium Calorie
dish_1550860513,"oatmeal, bacon, potatoes",236.0,207.32,5.252,32.472,8.032,3,3,train,1,Medium Calorie
dish_1566419577,"caesar salad, green beans, cheese pizza, olive oil",209.999999,323.70424969000004,12.093174999,39.93924993,14.483149981999999,4,4,train,2,High Calorie
dish_1566501293,"olives, onions",56.0,41.9,2.812,4.338,0.538,2,2,train,0,Low Calorie
dish_1558547008,potatoes,96.0,73.92,0.096,16.32,1.92,1,1,test,0,Low Calorie
dish_1562099076,"olive oil, pepper, cheese pizza, salt, carrot",61.0,110.18100445,3.761948352,14.762364090999998,4.357234741,5,5,test,1,Medium Calorie
dish_1564170967,"olive oil, thyme, salt, broccoli, zucchini, squash, salmon, chard, kale, pepper, wheat berry, brown rice, arugula",410.000001,400.20215132,16.147167427,32.556520495,32.548367879999994,13,13,test,2,High Calorie
dish_1558030971,honeydew melons,49.0,17.64,0.049,4.41,0.245,1,1,test,0,Low Calorie
dish_1551494035,tortilla,67.0,146.06,1.943,30.15,4.02,1,1,train,1,Medium Calorie
dish_1550705580,chicken,66.0,108.9,2.376,0.0,20.46,1,1,train,1,Medium Calorie
dish_1558640979,"cantaloupe, cauliflower, carrot",169.0,59.28,0.359,13.95,1.615,3,3,test,0,Low Calorie
dish_1558719401,corn on the cob,49.0,51.989,1.176,10.78,1.519,1,1,train,0,Low Calorie
dish_1563295044,"yam, sweet potato, pineapple, olive oil, bacon",157.999996,241.97537246899998,12.167226298,25.845206626,7.933867874000001,5,5,test,1,Medium Calorie
dish_1565797723,"mixed greens, raspberries, berries, vinaigrette, scrambled eggs, granola, blackberries, watermelon",221.0,202.928870291,10.543741934,21.219322435000002,7.851999976,8,8,train,1,Medium Calorie
dish_1561575908,cheese pizza,40.0,106.36,3.76,13.4,4.48,1,1,train,1,Medium Calorie
dish_1551381661,tortilla,43.0,93.74,1.247,19.35,2.58,1,1,train,1,Medium Calorie
dish_1550789601,fish,69.0,62.1,8.97,0.0,12.696,1,1,test,0,Low Calorie
dish_1563909550,"cucumbers, mustard, mustard greens, olive oil, garlic, green beans, tomatoes, salt, fried rice, vinegar, spinach (raw)",273.000008,310.319572133,11.850177514,44.664116537999995,8.625765222,11,11,train,2,High Calorie
dish_1551317628,"white rice, lemon, bean(seed)",182.0,138.8,0.642,30.68,5.33,3,3,train,1,Medium Calorie
dish_1551317449,white rice,50.0,65.0,0.15,14.0,1.35,1,1,test,0,Low Calorie
dish_1558114209,cantaloupe,90.0,30.6,0.18,7.2,0.72,1,1,train,0,Low Calorie
dish_1563208439,"raspberries, chicken apple sausage",96.0,92.61,4.2989999999999995,8.01,6.144,2,2,train,1,Medium Calorie
dish_1551375297,berries,55.0,31.35,0.165,7.7,0.385,1,1,test,0,Low Calorie
dish_1567022114,cherry tomatoes,74.0,13.32,0.148,2.886,0.666,1,1,train,0,Low Calorie
dish_1560453356,"chicken, brown rice, thyme, olive oil, basil, lemon juice, arugula, salmon, pepper, kimchi, spinach (raw), squash, wheat berry, tomatoes, rosemary, parsley, zucchini, salt, garlic",408.000002,389.06837965700004,15.162275205,20.451495136,40.626752415,19,19,test,2,High Calorie
dish_1558723475,cantaloupe,67.0,22.78,0.134,5.36,0.536,1,1,test,0,Low Calorie
dish_1563826272,"cauliflower, wheat berry, steak, pepperoni pizza, olive oil, garlic, lime, salt",261.0,645.1265316500001,34.261856578,44.186894077,41.229125496,8,8,train,2,High Calorie
dish_1563305689,"mushroom, cucumbers",161.0,30.14,0.351,4.7410000000000005,4.067,2,2,train,0,Low Calorie
dish_1564691450,"millet, corn on the cob, green beans, vinegar, steak, ketchup, onions, lettuce, mixed greens, pepper, cherry tomatoes, spinach (raw), olive oil, cucumbers, bell peppers, lime, salt",366.000004,542.3266669,35.475231438,28.016931604,32.657879048,17,17,train,2,High Calorie
dish_1559668238,hash browns,89.0,290.14,19.58,28.48,2.314,1,1,train,2,High Calorie
dish_1551122914,"oatmeal, bacon, mixed greens",165.0,190.14,9.437999999999999,16.686,10.152000000000001,3,3,train,1,Medium Calorie
dish_1563305982,"apple, croutons, garlic, shallots, vinegar, parmesan cheese, caesar dressing, olive oil, mustard, thyme, lemon juice, salt, parsley, spinach (raw), mushroom, wheat berry, cranberries, kale, onions, roasted potatoes, chicken",224.999999,273.630905968,13.750448668,14.913704768,23.238265412,21,21,train,2,High Calorie
dish_1565021599,egg whites,398.0,206.96,0.796,2.786,39.8,1,1,train,1,Medium Calorie
dish_1551489961,"sausage, ham, olives",158.0,335.348,25.954,7.191,18.979,3,3,test,2,High Calorie
dish_1567714780,"mixed greens, chicken",218.0,315.85999999999996,6.824,1.696,58.364,2,2,train,2,High Calorie
dish_1550863309,"orange, apple, banana",219.0,173.88,0.582,45.09,2.1029999999999998,3,3,train,1,Medium Calorie
dish_1551314254,lemon,41.0,11.89,0.123,3.69,0.451,1,1,train,0,Low Calorie
dish_1550862399,"banana, cantaloupe, berries",294.0,201.38,0.798,51.06,2.806,3,3,train,1,Medium Calorie
dish_1561577146,"vinegar, olive oil, mustard, cheese pizza, walnuts, salt, pepper, arugula, blueberries, tofu, chard",99.000001,154.236432093,7.909345934,14.019522984,7.92796832,11,11,train,1,Medium Calorie
dish_1551382179,"asparagus, white rice, oatmeal",3435.0,782.096,4.372,150.316,75.93,3,3,train,2,High Calorie
dish_1558635523,white rice,43.0,55.9,0.129,12.04,1.161,1,1,train,0,Low Calorie
dish_1551134987,avocado,73.0,116.8,10.95,6.57,1.46,1,1,train,1,Medium Calorie
dish_1562086595,"fruit salad, scrambled eggs, yogurt",324.0,308.603,15.133,26.694,18.14,3,3,train,2,High Calorie
dish_1551374712,cauliflower,59.0,14.75,0.177,2.95,1.062,1,1,train,0,Low Calorie
dish_1568319769,"garlic, vinegar, radishes, olive oil, pizza, mustard, salt, cucumbers, bell peppers",151.0,356.357294053,20.433648224,32.601284716,10.701418148999998,9,9,train,2,High Calorie
dish_1551384167,"asparagus, pineapple, berries",210.0,100.084,0.374,24.844,1.826,3,3,train,1,Medium Calorie
dish_1551395088,corn,28.0,26.88,0.42,5.88,0.952,1,1,train,0,Low Calorie
dish_1563391413,"tomatillo, pepper, fish, chicken thighs, tomatoes, squash, onions, garlic, cilantro, salt, quinoa, lime, parsley, jalapenos, lemon juice, arugula, cabbage, olive oil, hominy, bell peppers, chili",236.999991,227.056812675,14.303796305,6.997267262,26.228394420000004,21,21,train,1,Medium Calorie
dish_1562010440,"garlic, pepper, vinegar, jalapenos, pork, onions, cucumbers, lemon juice, lettuce, salt, mixed greens, lime, cherry tomatoes, mayonnaise, wheat berry, olive oil, parsley, brussels sprouts, cabbage, carrot, couscous",191.000003,247.625139641,13.528272089000001,15.163752017,16.824299318,21,21,train,1,Medium Calorie
dish_1562690950,"pineapple, broccoli, berries, olive oil",202.0,109.06170711,1.381829244,24.82682927,1.8613414640000001,4,4,train,1,Medium Calorie
dish_1550771707,"nuts, cucumbers, potato chips",108.0,307.04,24.28,18.439999999999998,8.36,3,3,train,2,High Calorie
dish_1565987298,"white rice, mushroom, celery, onions, kale, olive oil, chive, salt, cream, ground turkey, thyme, carrot, garlic, cheese pizza, eggs",88.0,211.139000763,10.094469808,16.614518397,12.88555217,15,15,train,1,Medium Calorie
dish_1558461792,"grapes, spinach (raw), cherry tomatoes, almonds",233.0,331.0,20.196,34.498999999999995,10.543000000000001,4,4,train,2,High Calorie
dish_1550797692,sausage,64.0,220.544,17.472,2.688,12.352,1,1,train,1,Medium Calorie
dish_1558377105,sausage,113.0,389.398,30.849,4.746,21.809,1,1,train,2,High Calorie
dish_1568061097,cheese pizza,55.0,146.245,5.17,18.425,6.16,1,1,train,1,Medium Calorie
dish_1568147044,"broccoli, steak, mixed greens, chicken, olive oil",531.0,1032.88,63.37,8.892,105.582,5,5,test,2,High Calorie
dish_1564514906,"white beans, salt, arugula, fish, pepper, chive, garlic, artichokes, lime, bell peppers, olive oil, onions, snow peas, parsley",177.999994,199.26604910400002,20.851079936,8.858501859,25.466615700000002,14,14,train,1,Medium Calorie
dish_1558373352,grapes,100.0,69.0,0.2,18.0,0.7,1,1,train,0,Low Calorie
dish_1551392919,"bean(seed), brussels sprouts, corn",86.0,76.6,0.681,14.969999999999999,4.324,3,3,train,0,Low Calorie
dish_1562179966,bacon,36.0,194.76,15.12,0.504,13.32,1,1,test,1,Medium Calorie
dish_1561740411,"bell peppers, strawberries, radishes, scrambled eggs, vinegar, mustard, olive oil, cucumbers, broccoli, salt, garlic",297.000001,333.214554632,24.262790917,11.968246122,17.558756589,11,11,train,2,High Calorie
dish_1551233095,mushroom,14.0,3.08,0.042,0.462,0.434,1,1,train,0,Low Calorie
dish_1558114523,almonds,18.0,104.058,8.91,4.086,4.032,1,1,train,1,Medium Calorie
dish_1560799558,pizza,74.0,196.84,7.178,24.42,8.14,1,1,train,1,Medium Calorie
dish_1562700568,"fish, pepper, arugula, lemon juice, parsley, snow peas, mixed greens, chive, salt, corn, cauliflower, apple, millet, lentils, vinegar, olive oil, onions, artichokes, garlic",318.000006,246.864430307,21.832206929,16.653192777,23.563250141,19,19,train,1,Medium Calorie
dish_1550862217,banana,166.0,147.74,0.498,38.18,1.826,1,1,train,1,Medium Calorie
dish_1568145136,"broccoli, garlic, roasted potatoes, salt, mustard, olive oil, cucumbers, onions, carrot, spinach (raw), vinegar, pepper, sun dried tomatoes",154.0,143.762179988,6.775454443,18.95080071,3.139920263,13,13,test,1,Medium Calorie
dish_1558722434,cherry tomatoes,47.0,8.46,0.094,1.833,0.423,1,1,train,0,Low Calorie
dish_1558639949,cantaloupe,64.0,21.76,0.128,5.12,0.512,1,1,test,0,Low Calorie
dish_1562787848,"cherry tomatoes, onions, pilaf, brown rice, lemon juice, parsley, cranberries, garlic, basil, salt, pepper, apple, pork, vinegar, arugula, mustard greens, olive oil, corn on the cob, broccoli, shallots, bulgur",247.999999,416.802027522,22.151570111,30.176537529,26.496392826,21,21,train,2,High Calorie
dish_1551565996,sausage,88.0,303.248,24.024,3.696,16.984,1,1,train,2,High Calorie
dish_1564686966,"ketchup, millet, salt, bell peppers, olive oil, spinach (raw), steak, vinegar, onions",65.0,153.20470208,10.102214064,2.514239108,13.087501780999999,9,9,train,1,Medium Calorie
dish_1566242195,"onions, carrot, olives, cherry tomatoes",220.0,103.41,4.588,15.791,2.044,4,4,train,1,Medium Calorie
dish_1568314907,"vinegar, jalapenos, spinach (raw), beef, salt, lime, olive oil, ginger, brown rice, avocado, lemon juice, cilantro, salmon, bok choy, spinach (cooked), shallots, millet, garlic, onions, chili",281.000004,481.16947149800006,29.956462318,15.702339661,38.063337413,20,20,train,2,High Calorie
dish_1563294547,"yam, sweet potato, olive oil, grapes, watermelon, hash browns, pineapple, strawberries",455.000002,430.265664745,16.90739653,71.27211361,4.3640188900000005,8,8,train,2,High Calorie
dish_1561578226,"bell peppers, cucumbers, salt, lettuce, onions, vinaigrette, olive oil, eggplant, feta cheese, cherry tomatoes, cauliflower, olives",288.999997,119.22025051,6.628324695,13.898273603,4.281533587,12,12,train,1,Medium Calorie
dish_1565724050,"salt, mustard, onions, olive oil, cranberries, arugula, vinegar, celery root",72.000002,84.72285715500001,7.981188731,3.010693116,1.382376275,8,8,train,0,Low Calorie
dish_1565035774,"onions, cauliflower, bell peppers",185.0,57.5,0.441,12.25,3.129,3,3,train,0,Low Calorie
dish_1561576680,"salt, cauliflower, chicken, squash, eggplant, white wine, mushroom, rosemary, arugula, thyme, butter, oregano, wheat berry, basil, pepper, lemon juice, garlic, shallots, olive oil, cream",455.000011,307.862464199,9.968475987,18.281357731,37.214151833,20,20,train,2,High Calorie
dish_1551564992,ham,49.0,71.05,2.94,0.735,10.29,1,1,train,0,Low Calorie
dish_1568141871,cheese pizza,110.0,292.49,10.34,36.85,12.32,1,1,train,2,High Calorie
dish_1558463562,almonds,64.0,369.984,31.68,14.528,14.336,1,1,train,2,High Calorie
dish_1563295334,"bacon, scrambled eggs",96.0,228.54,17.380000000000003,1.492,15.540000000000001,2,2,train,1,Medium Calorie
dish_1551491413,olives,39.0,44.85,4.173,2.457,0.312,1,1,train,0,Low Calorie
dish_1566329234,"olive oil, vinegar, cauliflower, bok choy, millet, beef, shallots, spinach (cooked), salt, onions",457.000002,262.62518718,10.797178987,21.224291986,23.129112346,10,10,train,2,High Calorie
dish_1551139192,pineapple,63.0,31.5,0.063,8.19,0.315,1,1,train,0,Low Calorie
dish_1563382911,scrambled eggs,123.0,182.04,13.53,1.968,12.3,1,1,test,1,Medium Calorie
dish_1562691737,"chia seeds, broccoli, egg whites, yam, chicken apple sausage, sweet potato, watermelon, pineapple, greek yogurt, milk, olive oil",700.0,485.67687108,11.722250286,70.597322458,27.926391658,11,11,test,2,High Calorie
dish_1558458496,grapes,77.0,53.13,0.154,13.86,0.539,1,1,train,0,Low Calorie
dish_1568664931,"tomatoes, vinegar, spinach (raw), mustard, olive oil, cucumbers, mustard greens, garlic, salt",60.000003,67.877649241,6.474706095,2.107843184,1.279607913,9,9,train,0,Low Calorie
